ISO-10303-21;
HEADER;
FILE_DESCRIPTION (( 'STEP AP203' ),
    '1' );
FILE_NAME ('8961K85_Steel DIN 3 Rail.STEP',
    '2021-08-26T16:55:44',
    ( 'Administrator' ),
    ( 'Managed by Terraform' ),
    'SwSTEP 2.0',
    'SolidWorks 2017',
    '' );
FILE_SCHEMA (( 'CONFIG_CONTROL_DESIGN' ));
ENDSEC;

DATA;
#1 = ADVANCED_FACE ( 'NONE', ( #603 ), #625, .F. ) ;
#2 = CYLINDRICAL_SURFACE ( 'NONE', #382, 1.250000000000000000 ) ;
#3 = ORIENTED_EDGE ( 'NONE', *, *, #955, .F. ) ;
#4 = CARTESIAN_POINT ( 'NONE',  ( -3.944762990872680600E-015, -3.149999999999998100, 56.64999999999999900 ) ) ;
#5 = CIRCLE ( 'NONE', #824, 3.149999999999993200 ) ;
#6 = DIRECTION ( 'NONE',  ( -1.000000000000000000, 0.0000000000000000000, 0.0000000000000000000 ) ) ;
#7 = ORIENTED_EDGE ( 'NONE', *, *, #291, .F. ) ;
#8 = DIRECTION ( 'NONE',  ( 1.000000000000000000, -0.0000000000000000000, -0.0000000000000000000 ) ) ;
#9 = FACE_OUTER_BOUND ( 'NONE', #115, .T. ) ;
#10 = ORIENTED_EDGE ( 'NONE', *, *, #859, .T. ) ;
#11 = VECTOR ( 'NONE', #1079, 1000.000000000000000 ) ;
#12 = CARTESIAN_POINT ( 'NONE',  ( -6.249999999999998200, -13.75000000000000000, 100.0124999999999900 ) ) ;
#13 = VERTEX_POINT ( 'NONE', #673 ) ;
#14 = CARTESIAN_POINT ( 'NONE',  ( -1.250000000000004400, 12.25000000000000200, 100.0124999999999900 ) ) ;
#15 = AXIS2_PLACEMENT_3D ( 'NONE', #100, #1355, #224 ) ;
#16 = DIRECTION ( 'NONE',  ( -1.000000000000000000, 0.0000000000000000000, 0.0000000000000000000 ) ) ;
#17 = ADVANCED_FACE ( 'NONE', ( #514, #356, #1285, #754, #1348 ), #108, .F. ) ;
#18 = CARTESIAN_POINT ( 'NONE',  ( -5.204170427930421300E-015, 6.447450340438555600E-015, 81.65000000000000600 ) ) ;
#19 = CARTESIAN_POINT ( 'NONE',  ( -5.204170427930421300E-015, 6.447450340438555600E-015, 78.50000000000000000 ) ) ;
#20 = EDGE_CURVE ( 'NONE', #301, #1038, #371, .T. ) ;
#21 = DIRECTION ( 'NONE',  ( -1.000000000000000000, 2.668805347656627200E-016, 0.0000000000000000000 ) ) ;
#22 = CARTESIAN_POINT ( 'NONE',  ( -7.499999999999999100, 6.447450340438555600E-015, 53.50000000000000700 ) ) ;
#23 = CARTESIAN_POINT ( 'NONE',  ( -7.499999999999998200, 17.50000000000000000, 0.0000000000000000000 ) ) ;
#24 = VECTOR ( 'NONE', #1047, 1000.000000000000000 ) ;
#25 = ORIENTED_EDGE ( 'NONE', *, *, #609, .T. ) ;
#26 = CYLINDRICAL_SURFACE ( 'NONE', #597, 3.149999999999999900 ) ;
#27 = ORIENTED_EDGE ( 'NONE', *, *, #567, .F. ) ;
#28 = VECTOR ( 'NONE', #42, 1000.000000000000000 ) ;
#29 = CARTESIAN_POINT ( 'NONE',  ( -1.250000000000004900, 12.25000000000000000, 100.0124999999999900 ) ) ;
#30 = CARTESIAN_POINT ( 'NONE',  ( -3.058555380870513700E-015, 3.149999999999993200, 125.0125000000000000 ) ) ;
#31 = ORIENTED_EDGE ( 'NONE', *, *, #532, .F. ) ;
#32 = ORIENTED_EDGE ( 'NONE', *, *, #770, .T. ) ;
#33 = ORIENTED_EDGE ( 'NONE', *, *, #211, .T. ) ;
#34 = CARTESIAN_POINT ( 'NONE',  ( -1.000000000000003100, 3.150000000000007000, 175.0125000000000200 ) ) ;
#35 = DIRECTION ( 'NONE',  ( -1.000000000000000000, 0.0000000000000000000, -0.0000000000000000000 ) ) ;
#36 = CALENDAR_DATE ( 2021, 26, 8 ) ;
#37 = CARTESIAN_POINT ( 'NONE',  ( -5.204170427930421300E-015, 6.447450340438555600E-015, 3.500000000000006200 ) ) ;
#38 = DIRECTION ( 'NONE',  ( -0.0000000000000000000, -0.0000000000000000000, -1.000000000000000000 ) ) ;
#39 = DIRECTION ( 'NONE',  ( 2.065146995210488900E-016, -1.000000000000000000, 0.0000000000000000000 ) ) ;
#40 = AXIS2_PLACEMENT_3D ( 'NONE', #683, #214, #1027 ) ;
#41 = VECTOR ( 'NONE', #937, 1000.000000000000000 ) ;
#42 = DIRECTION ( 'NONE',  ( -2.168404344971007900E-016, 1.000000000000000000, 0.0000000000000000000 ) ) ;
#43 = ORIENTED_EDGE ( 'NONE', *, *, #322, .T. ) ;
#44 = DIRECTION ( 'NONE',  ( 1.000000000000000000, -0.0000000000000000000, -0.0000000000000000000 ) ) ;
#45 = LINE ( 'NONE', #380, #1159 ) ;
#46 = CC_DESIGN_DATE_AND_TIME_ASSIGNMENT ( #840, #1026, ( #1083 ) ) ;
#47 = ORIENTED_EDGE ( 'NONE', *, *, #1226, .F. ) ;
#48 = VECTOR ( 'NONE', #714, 1000.000000000000000 ) ;
#49 = ORIENTED_EDGE ( 'NONE', *, *, #1105, .F. ) ;
#50 = FACE_OUTER_BOUND ( 'NONE', #1080, .T. ) ;
#51 = DIRECTION ( 'NONE',  ( 0.0000000000000000000, -1.000000000000000000, 1.853337046983768600E-016 ) ) ;
#52 = VERTEX_POINT ( 'NONE', #1353 ) ;
#53 = CARTESIAN_POINT ( 'NONE',  ( -6.499999999999999100, -13.75000000000000000, 100.0124999999999900 ) ) ;
#54 = ORIENTED_EDGE ( 'NONE', *, *, #797, .T. ) ;
#55 = EDGE_CURVE ( 'NONE', #766, #1211, #1111, .T. ) ;
#56 = AXIS2_PLACEMENT_3D ( 'NONE', #796, #345, #1150 ) ;
#57 = CARTESIAN_POINT ( 'NONE',  ( -7.499999999999999100, 1.316432297668952700E-014, 93.35000000000002300 ) ) ;
#58 = CARTESIAN_POINT ( 'NONE',  ( -3.469446951953614200E-015, 3.149999999999999000, 43.35000000000000100 ) ) ;
#59 = CARTESIAN_POINT ( 'NONE',  ( -6.249999999999998200, 13.75000000000000000, 0.0000000000000000000 ) ) ;
#60 = CARTESIAN_POINT ( 'NONE',  ( -1.000000000000003600, -3.149999999999997700, 56.65000000000000600 ) ) ;
#61 = LINE ( 'NONE', #825, #109 ) ;
#62 = ORIENTED_EDGE ( 'NONE', *, *, #1351, .T. ) ;
#63 = VECTOR ( 'NONE', #743, 1000.000000000000000 ) ;
#64 = EDGE_LOOP ( 'NONE', ( #1168, #62, #658, #449, #1097 ) ) ;
#65 = CARTESIAN_POINT ( 'NONE',  ( -6.499999999999998200, -17.50000000000000000, 0.0000000000000000000 ) ) ;
#66 = VECTOR ( 'NONE', #1155, 1000.000000000000000 ) ;
#67 = ORIENTED_EDGE ( 'NONE', *, *, #324, .F. ) ;
#68 = EDGE_LOOP ( 'NONE', ( #422, #84, #1148, #234 ) ) ;
#69 = VERTEX_POINT ( 'NONE', #218 ) ;
#70 = DIRECTION ( 'NONE',  ( -2.168404344971008400E-016, -1.000000000000000000, 0.0000000000000000000 ) ) ;
#71 = COORDINATED_UNIVERSAL_TIME_OFFSET ( 6, 0, .BEHIND. ) ;
#72 = EDGE_CURVE ( 'NONE', #577, #1161, #583, .T. ) ;
#73 = PERSON ( 'UNSPECIFIED', 'UNSPECIFIED', 'UNSPECIFIED', ('UNSPECIFIED'), ('UNSPECIFIED'), ('UNSPECIFIED') ) ;
#74 = AXIS2_PLACEMENT_3D ( 'NONE', #575, #1395, #718 ) ;
#75 = CARTESIAN_POINT ( 'NONE',  ( -7.499999999999998200, -17.50000000000000000, 100.0124999999999900 ) ) ;
#76 = CARTESIAN_POINT ( 'NONE',  ( -3.469446951953614200E-015, 3.149999999999999000, 68.34999999999999400 ) ) ;
#77 = LINE ( 'NONE', #584, #1263 ) ;
#78 = VERTEX_POINT ( 'NONE', #443 ) ;
#79 = EDGE_CURVE ( 'NONE', #388, #869, #1387, .T. ) ;
#80 = LINE ( 'NONE', #552, #1033 ) ;
#81 = EDGE_LOOP ( 'NONE', ( #1053, #300, #33, #1408 ) ) ;
#82 = LINE ( 'NONE', #611, #1347 ) ;
#83 = AXIS2_PLACEMENT_3D ( 'NONE', #1085, #149, #35 ) ;
#84 = ORIENTED_EDGE ( 'NONE', *, *, #1256, .T. ) ;
#85 = ORIENTED_EDGE ( 'NONE', *, *, #353, .F. ) ;
#86 = CARTESIAN_POINT ( 'NONE',  ( -7.499999999999998200, 17.50000000000000000, 100.0124999999999900 ) ) ;
#87 = ORIENTED_EDGE ( 'NONE', *, *, #1056, .T. ) ;
#88 = ORIENTED_EDGE ( 'NONE', *, *, #762, .T. ) ;
#89 = DIRECTION ( 'NONE',  ( 0.0000000000000000000, 0.0000000000000000000, -1.000000000000000000 ) ) ;
#90 = CIRCLE ( 'NONE', #1402, 3.149999999999999900 ) ;
#91 = VERTEX_POINT ( 'NONE', #911 ) ;
#92 = DIRECTION ( 'NONE',  ( 0.0000000000000000000, 0.0000000000000000000, -1.000000000000000000 ) ) ;
#93 = CIRCLE ( 'NONE', #621, 0.2500000000000000000 ) ;
#94 = DIRECTION ( 'NONE',  ( -0.0000000000000000000, -0.0000000000000000000, -1.000000000000000000 ) ) ;
#95 = EDGE_CURVE ( 'NONE', #187, #497, #405, .T. ) ;
#96 = EDGE_LOOP ( 'NONE', ( #303, #1076, #564, #1209 ) ) ;
#97 = CIRCLE ( 'NONE', #1004, 1.250000000000000200 ) ;
#98 = ORIENTED_EDGE ( 'NONE', *, *, #532, .T. ) ;
#99 = DIRECTION ( 'NONE',  ( 0.0000000000000000000, 0.0000000000000000000, -1.000000000000000000 ) ) ;
#100 = CARTESIAN_POINT ( 'NONE',  ( -1.000000000000002700, 1.316432297668952700E-014, 93.35000000000002300 ) ) ;
#101 = ADVANCED_FACE ( 'NONE', ( #227 ), #1013, .F. ) ;
#102 = CALENDAR_DATE ( 2021, 26, 8 ) ;
#103 = EDGE_CURVE ( 'NONE', #1299, #78, #1059, .T. ) ;
#104 = PERSON_AND_ORGANIZATION_ROLE ( 'design_owner' ) ;
#105 = AXIS2_PLACEMENT_3D ( 'NONE', #1459, #1018, #92 ) ;
#106 = ADVANCED_FACE ( 'NONE', ( #207 ), #1255, .F. ) ;
#107 = DIRECTION ( 'NONE',  ( 0.0000000000000000000, 0.0000000000000000000, 1.000000000000000000 ) ) ;
#108 = PLANE ( 'NONE',  #1152 ) ;
#109 = VECTOR ( 'NONE', #1162, 1000.000000000000000 ) ;
#110 = ORIENTED_EDGE ( 'NONE', *, *, #1454, .T. ) ;
#111 = FACE_OUTER_BOUND ( 'NONE', #853, .T. ) ;
#112 = ORIENTED_EDGE ( 'NONE', *, *, #1032, .F. ) ;
#113 = CIRCLE ( 'NONE', #1244, 3.149999999999993700 ) ;
#114 = CARTESIAN_POINT ( 'NONE',  ( -7.499999999999999100, 13.74999999999999800, 100.0124999999999900 ) ) ;
#115 = EDGE_LOOP ( 'NONE', ( #226, #269, #1343, #67 ) ) ;
#116 = SECURITY_CLASSIFICATION_LEVEL ( 'unclassified' ) ;
#117 = EDGE_LOOP ( 'NONE', ( #1143, #799, #319, #153 ) ) ;
#118 = EDGE_CURVE ( 'NONE', #393, #497, #1208, .T. ) ;
#119 = ADVANCED_FACE ( 'NONE', ( #318 ), #777, .F. ) ;
#120 = ORIENTED_EDGE ( 'NONE', *, *, #838, .F. ) ;
#121 = APPROVAL ( #919, 'UNSPECIFIED' ) ;
#122 = ORIENTED_EDGE ( 'NONE', *, *, #786, .F. ) ;
#123 = CARTESIAN_POINT ( 'NONE',  ( -7.499999999999999100, 3.149999999999989300, 56.64999999999999900 ) ) ;
#124 = ADVANCED_FACE ( 'NONE', ( #50 ), #1274, .F. ) ;
#125 = EDGE_CURVE ( 'NONE', #719, #513, #871, .T. ) ;
#126 = DIRECTION ( 'NONE',  ( 1.000000000000000000, 0.0000000000000000000, 0.0000000000000000000 ) ) ;
#127 = AXIS2_PLACEMENT_3D ( 'NONE', #221, #460, #358 ) ;
#128 = ORIENTED_EDGE ( 'NONE', *, *, #184, .F. ) ;
#129 = DIRECTION ( 'NONE',  ( 1.836970198721030200E-016, -1.000000000000000000, 0.0000000000000000000 ) ) ;
#130 = CYLINDRICAL_SURFACE ( 'NONE', #725, 1.250000000000000000 ) ;
#131 = CARTESIAN_POINT ( 'NONE',  ( -1.000000000000003100, 3.150000000000007000, 125.0125000000000000 ) ) ;
#132 = ORIENTED_EDGE ( 'NONE', *, *, #1351, .F. ) ;
#133 = CARTESIAN_POINT ( 'NONE',  ( -1.250000000000004400, 12.25000000000000200, 100.0124999999999900 ) ) ;
#134 = ADVANCED_FACE ( 'NONE', ( #716 ), #822, .F. ) ;
#135 = LINE ( 'NONE', #1294, #1164 ) ;
#136 = ORIENTED_EDGE ( 'NONE', *, *, #656, .F. ) ;
#137 = LINE ( 'NONE', #845, #28 ) ;
#138 = VERTEX_POINT ( 'NONE', #1240 ) ;
#139 = DIRECTION ( 'NONE',  ( -1.000000000000000000, 0.0000000000000000000, 0.0000000000000000000 ) ) ;
#140 = AXIS2_PLACEMENT_3D ( 'NONE', #277, #1175, #594 ) ;
#141 = DIRECTION ( 'NONE',  ( -1.000000000000000000, 0.0000000000000000000, 0.0000000000000000000 ) ) ;
#142 = CARTESIAN_POINT ( 'NONE',  ( -1.000000000000002700, 6.447450340438555600E-015, 81.65000000000000600 ) ) ;
#143 = CALENDAR_DATE ( 2021, 26, 8 ) ;
#144 = CARTESIAN_POINT ( 'NONE',  ( -4.692939001781118000E-015, 12.50000000000000000, 100.0124999999999900 ) ) ;
#145 = DIRECTION ( 'NONE',  ( 0.0000000000000000000, 0.0000000000000000000, 1.000000000000000000 ) ) ;
#146 = UNCERTAINTY_MEASURE_WITH_UNIT (LENGTH_MEASURE( 1.000000000000000100E-005 ), #805, 'distance_accuracy_value', 'NONE');
#147 = DIRECTION ( 'NONE',  ( -1.000000000000000000, -1.836970198721030200E-016, 0.0000000000000000000 ) ) ;
#148 = EDGE_CURVE ( 'NONE', #513, #1432, #1404, .T. ) ;
#149 = DIRECTION ( 'NONE',  ( 0.0000000000000000000, 0.0000000000000000000, -1.000000000000000000 ) ) ;
#150 = CARTESIAN_POINT ( 'NONE',  ( -7.499999999999998200, -17.50000000000000000, 0.0000000000000000000 ) ) ;
#151 = AXIS2_PLACEMENT_3D ( 'NONE', #29, #145, #126 ) ;
#152 = LINE ( 'NONE', #700, #686 ) ;
#153 = ORIENTED_EDGE ( 'NONE', *, *, #1194, .F. ) ;
#154 = CIRCLE ( 'NONE', #229, 3.149999999999993700 ) ;
#155 = EDGE_LOOP ( 'NONE', ( #1010, #530, #120, #1219 ) ) ;
#156 = DIRECTION ( 'NONE',  ( 1.000000000000000000, -0.0000000000000000000, -0.0000000000000000000 ) ) ;
#157 = LINE ( 'NONE', #1073, #511 ) ;
#158 = CARTESIAN_POINT ( 'NONE',  ( -1.000000000000002700, 6.447450340438555600E-015, 6.649999999999999500 ) ) ;
#159 = CARTESIAN_POINT ( 'NONE',  ( -7.499999999999999100, 3.149999999999989300, 56.64999999999999900 ) ) ;
#160 = ORIENTED_EDGE ( 'NONE', *, *, #324, .T. ) ;
#161 = ORIENTED_EDGE ( 'NONE', *, *, #103, .F. ) ;
#162 = EDGE_CURVE ( 'NONE', #1000, #747, #887, .T. ) ;
#163 = CARTESIAN_POINT ( 'NONE',  ( -7.499999999999999100, 3.150000000000006600, 18.35000000000000100 ) ) ;
#164 = AXIS2_PLACEMENT_3D ( 'NONE', #158, #1417, #279 ) ;
#165 = DIRECTION ( 'NONE',  ( 1.000000000000000000, -0.0000000000000000000, -0.0000000000000000000 ) ) ;
#166 = PERSON_AND_ORGANIZATION ( #73, #1103 ) ;
#167 = DIRECTION ( 'NONE',  ( 2.065146995210488900E-016, -1.000000000000000000, 0.0000000000000000000 ) ) ;
#168 = DIRECTION ( 'NONE',  ( 0.0000000000000000000, 0.0000000000000000000, -1.000000000000000000 ) ) ;
#169 = EDGE_CURVE ( 'NONE', #1071, #432, #97, .T. ) ;
#170 = PRODUCT ( '8961K85_Steel DIN 3 Rail', '8961K85_Steel DIN 3 Rail', '', ( #914 ) ) ;
#171 = DIRECTION ( 'NONE',  ( 0.0000000000000000000, 0.0000000000000000000, -1.000000000000000000 ) ) ;
#172 = ORIENTED_EDGE ( 'NONE', *, *, #429, .F. ) ;
#173 = FACE_OUTER_BOUND ( 'NONE', #96, .T. ) ;
#174 = VERTEX_POINT ( 'NONE', #1042 ) ;
#175 = FACE_OUTER_BOUND ( 'NONE', #1423, .T. ) ;
#176 = LINE ( 'NONE', #831, #1456 ) ;
#177 = ORIENTED_EDGE ( 'NONE', *, *, #1376, .F. ) ;
#178 = CARTESIAN_POINT ( 'NONE',  ( -2.296212748401286000E-016, -12.25000000000000200, 0.0000000000000000000 ) ) ;
#179 = CARTESIAN_POINT ( 'NONE',  ( -1.000000000000002700, 6.447450340438555600E-015, 53.50000000000000700 ) ) ;
#180 = EDGE_CURVE ( 'NONE', #391, #91, #670, .T. ) ;
#181 = CIRCLE ( 'NONE', #534, 3.149999999999993200 ) ;
#182 = CARTESIAN_POINT ( 'NONE',  ( -1.000000000000002700, 6.447450340438555600E-015, 56.64999999999999900 ) ) ;
#183 = DIRECTION ( 'NONE',  ( 1.000000000000000000, -0.0000000000000000000, -0.0000000000000000000 ) ) ;
#184 = EDGE_CURVE ( 'NONE', #174, #391, #302, .T. ) ;
#185 = VECTOR ( 'NONE', #1260, 1000.000000000000000 ) ;
#186 = AXIS2_PLACEMENT_3D ( 'NONE', #404, #860, #1433 ) ;
#187 = VERTEX_POINT ( 'NONE', #819 ) ;
#188 = LINE ( 'NONE', #782, #1360 ) ;
#189 = ORIENTED_EDGE ( 'NONE', *, *, #1022, .T. ) ;
#190 = CARTESIAN_POINT ( 'NONE',  ( -1.250000000000004900, 12.50000000000000000, 100.0124999999999900 ) ) ;
#191 = CIRCLE ( 'NONE', #988, 1.250000000000000000 ) ;
#192 = VERTEX_POINT ( 'NONE', #699 ) ;
#193 = ORIENTED_EDGE ( 'NONE', *, *, #1214, .T. ) ;
#194 = ORIENTED_EDGE ( 'NONE', *, *, #1120, .F. ) ;
#195 = DIRECTION ( 'NONE',  ( 1.000000000000000000, -0.0000000000000000000, -0.0000000000000000000 ) ) ;
#196 = DATE_AND_TIME ( #143, #1172 ) ;
#197 = EDGE_CURVE ( 'NONE', #1161, #1305, #1318, .T. ) ;
#198 = DIRECTION ( 'NONE',  ( -1.000000000000000000, 0.0000000000000000000, 0.0000000000000000000 ) ) ;
#199 = ORIENTED_EDGE ( 'NONE', *, *, #180, .T. ) ;
#200 = CARTESIAN_POINT ( 'NONE',  ( -1.000000000000002700, 6.447450340438555600E-015, 31.64999999999999900 ) ) ;
#201 = EDGE_CURVE ( 'NONE', #1145, #230, #270, .T. ) ;
#202 = CIRCLE ( 'NONE', #1357, 3.149999999999993700 ) ;
#203 = ORIENTED_EDGE ( 'NONE', *, *, #1226, .T. ) ;
#204 = VECTOR ( 'NONE', #273, 1000.000000000000000 ) ;
#205 = CC_DESIGN_APPROVAL ( #121, ( #1083 ) ) ;
#206 = ORIENTED_EDGE ( 'NONE', *, *, #808, .F. ) ;
#207 = FACE_OUTER_BOUND ( 'NONE', #1457, .T. ) ;
#208 = CARTESIAN_POINT ( 'NONE',  ( -6.249999999999998200, 13.75000000000000000, 100.0124999999999900 ) ) ;
#209 = CARTESIAN_POINT ( 'NONE',  ( -7.499999999999999100, 3.149999999999989300, 6.649999999999997700 ) ) ;
#210 = ORIENTED_EDGE ( 'NONE', *, *, #538, .F. ) ;
#211 = EDGE_CURVE ( 'NONE', #547, #884, #1144, .T. ) ;
#212 = FACE_OUTER_BOUND ( 'NONE', #81, .T. ) ;
#213 =( NAMED_UNIT ( * ) SI_UNIT ( $, .STERADIAN. ) SOLID_ANGLE_UNIT ( ) );
#214 = DIRECTION ( 'NONE',  ( -0.0000000000000000000, -0.0000000000000000000, 1.000000000000000000 ) ) ;
#215 = AXIS2_PLACEMENT_3D ( 'NONE', #159, #1393, #1291 ) ;
#216 = CARTESIAN_POINT ( 'NONE',  ( -2.210039514895873900E-015, -3.149999999999996400, 43.35000000000001600 ) ) ;
#217 = APPLICATION_CONTEXT ( 'configuration controlled 3d designs of mechanical parts and assemblies' ) ;
#218 = CARTESIAN_POINT ( 'NONE',  ( -1.250000000000000000, -12.50000000000000000, 0.0000000000000000000 ) ) ;
#219 = VECTOR ( 'NONE', #8, 1000.000000000000000 ) ;
#220 = EDGE_LOOP ( 'NONE', ( #1205, #643, #248, #132 ) ) ;
#221 = CARTESIAN_POINT ( 'NONE',  ( -1.250000000000004400, 12.25000000000000200, 0.0000000000000000000 ) ) ;
#222 = CIRCLE ( 'NONE', #441, 3.149999999999999900 ) ;
#223 = DIRECTION ( 'NONE',  ( 1.000000000000000000, -0.0000000000000000000, -0.0000000000000000000 ) ) ;
#224 = DIRECTION ( 'NONE',  ( 2.065146995210488900E-016, -1.000000000000000000, 0.0000000000000000000 ) ) ;
#225 = EDGE_CURVE ( 'NONE', #734, #966, #1251, .T. ) ;
#226 = ORIENTED_EDGE ( 'NONE', *, *, #1056, .F. ) ;
#227 = FACE_OUTER_BOUND ( 'NONE', #155, .T. ) ;
#228 = ORIENTED_EDGE ( 'NONE', *, *, #512, .T. ) ;
#229 = AXIS2_PLACEMENT_3D ( 'NONE', #537, #879, #1447 ) ;
#230 = VERTEX_POINT ( 'NONE', #477 ) ;
#231 = CARTESIAN_POINT ( 'NONE',  ( -7.499999999999999100, -13.74999999999999800, 100.0124999999999900 ) ) ;
#232 = ORIENTED_EDGE ( 'NONE', *, *, #567, .T. ) ;
#233 = CARTESIAN_POINT ( 'NONE',  ( -3.944762990872680600E-015, -3.149999999999998100, 31.64999999999999900 ) ) ;
#234 = ORIENTED_EDGE ( 'NONE', *, *, #1370, .T. ) ;
#235 = CARTESIAN_POINT ( 'NONE',  ( -6.249999999999998200, -13.50000000000000000, 0.0000000000000000000 ) ) ;
#236 = LOCAL_TIME ( 11, 55, 44.00000000000000000, #536 ) ;
#237 = ADVANCED_FACE ( 'NONE', ( #931 ), #360, .F. ) ;
#238 = CARTESIAN_POINT ( 'NONE',  ( -6.249999999999998200, 12.49999999999999800, 100.0124999999999900 ) ) ;
#239 = EDGE_CURVE ( 'NONE', #388, #615, #1167, .T. ) ;
#240 = APPROVAL_ROLE ( '' ) ;
#241 = DIRECTION ( 'NONE',  ( 3.404524923494818900E-032, -1.853337046983768100E-016, -1.000000000000000000 ) ) ;
#242 = AXIS2_PLACEMENT_3D ( 'NONE', #18, #6, #938 ) ;
#243 = DIRECTION ( 'NONE',  ( 0.0000000000000000000, 1.000000000000000000, -1.853337046983767800E-016 ) ) ;
#244 = CARTESIAN_POINT ( 'NONE',  ( -7.499999999999999100, 6.447450340438555600E-015, 81.65000000000000600 ) ) ;
#245 = ADVANCED_FACE ( 'NONE', ( #639 ), #1045, .F. ) ;
#246 = ORIENTED_EDGE ( 'NONE', *, *, #311, .F. ) ;
#247 = FACE_OUTER_BOUND ( 'NONE', #1202, .T. ) ;
#248 = ORIENTED_EDGE ( 'NONE', *, *, #976, .T. ) ;
#249 = EDGE_CURVE ( 'NONE', #1432, #138, #529, .T. ) ;
#250 = FACE_OUTER_BOUND ( 'NONE', #333, .T. ) ;
#251 = CARTESIAN_POINT ( 'NONE',  ( -1.000000000000002700, 6.447450340438555600E-015, 31.64999999999999900 ) ) ;
#252 = VERTEX_POINT ( 'NONE', #738 ) ;
#253 = VECTOR ( 'NONE', #1394, 1000.000000000000000 ) ;
#254 = EDGE_CURVE ( 'NONE', #52, #1188, #655, .T. ) ;
#255 = DIRECTION ( 'NONE',  ( -0.0000000000000000000, -0.0000000000000000000, 1.000000000000000000 ) ) ;
#256 = ORIENTED_EDGE ( 'NONE', *, *, #180, .F. ) ;
#257 = ADVANCED_FACE ( 'NONE', ( #289 ), #1127, .F. ) ;
#258 = CARTESIAN_POINT ( 'NONE',  ( -1.000000000000003100, 3.150000000000007000, 150.0124999999999900 ) ) ;
#259 = LOCAL_TIME ( 11, 55, 44.00000000000000000, #71 ) ;
#260 = EDGE_CURVE ( 'NONE', #418, #997, #1098, .T. ) ;
#261 = CARTESIAN_POINT ( 'NONE',  ( -4.959819536546781400E-015, 13.50000000000000200, 100.0124999999999900 ) ) ;
#262 = PLANE ( 'NONE',  #662 ) ;
#263 = DIRECTION ( 'NONE',  ( -3.404524923494819400E-032, 1.853337046983768300E-016, 1.000000000000000000 ) ) ;
#264 = VECTOR ( 'NONE', #1170, 1000.000000000000000 ) ;
#265 = DIRECTION ( 'NONE',  ( 1.000000000000000000, -0.0000000000000000000, -0.0000000000000000000 ) ) ;
#266 = ORIENTED_EDGE ( 'NONE', *, *, #118, .F. ) ;
#267 = DIRECTION ( 'NONE',  ( 0.0000000000000000000, 0.0000000000000000000, -1.000000000000000000 ) ) ;
#268 = LINE ( 'NONE', #630, #882 ) ;
#269 = ORIENTED_EDGE ( 'NONE', *, *, #1445, .F. ) ;
#270 = LINE ( 'NONE', #258, #779 ) ;
#271 = EDGE_CURVE ( 'NONE', #1071, #252, #176, .T. ) ;
#272 = EDGE_LOOP ( 'NONE', ( #459, #950, #232, #798 ) ) ;
#273 = DIRECTION ( 'NONE',  ( 0.0000000000000000000, 0.0000000000000000000, -1.000000000000000000 ) ) ;
#274 = AXIS2_PLACEMENT_3D ( 'NONE', #182, #889, #628 ) ;
#275 = EDGE_LOOP ( 'NONE', ( #1141, #1074, #982, #1123 ) ) ;
#276 = DIRECTION ( 'NONE',  ( -1.000000000000000000, 0.0000000000000000000, 0.0000000000000000000 ) ) ;
#277 = CARTESIAN_POINT ( 'NONE',  ( -1.250000000000000000, -12.25000000000000000, 0.0000000000000000000 ) ) ;
#278 = DIRECTION ( 'NONE',  ( 2.668805347656629600E-016, -1.000000000000000000, 0.0000000000000000000 ) ) ;
#279 = DIRECTION ( 'NONE',  ( 2.065146995210488900E-016, -1.000000000000000000, 0.0000000000000000000 ) ) ;
#280 = AXIS2_PLACEMENT_3D ( 'NONE', #901, #789, #325 ) ;
#281 = CARTESIAN_POINT ( 'NONE',  ( -6.249999999999998200, 13.50000000000000000, 0.0000000000000000000 ) ) ;
#282 = FACE_BOUND ( 'NONE', #961, .T. ) ;
#283 = ORIENTED_EDGE ( 'NONE', *, *, #916, .F. ) ;
#284 = LINE ( 'NONE', #857, #527 ) ;
#285 = EDGE_LOOP ( 'NONE', ( #1296, #1001, #711, #1233 ) ) ;
#286 = FACE_OUTER_BOUND ( 'NONE', #275, .T. ) ;
#287 = DIRECTION ( 'NONE',  ( 0.0000000000000000000, 0.0000000000000000000, -1.000000000000000000 ) ) ;
#288 = PLANE ( 'NONE',  #957 ) ;
#289 = FACE_OUTER_BOUND ( 'NONE', #1192, .T. ) ;
#290 = ORIENTED_EDGE ( 'NONE', *, *, #480, .T. ) ;
#291 = EDGE_CURVE ( 'NONE', #436, #510, #137, .T. ) ;
#292 = CARTESIAN_POINT ( 'NONE',  ( -6.249999999999998200, -13.50000000000000000, 100.0124999999999900 ) ) ;
#293 = AXIS2_PLACEMENT_3D ( 'NONE', #1040, #223, #783 ) ;
#294 = DIRECTION ( 'NONE',  ( -0.0000000000000000000, -0.0000000000000000000, -1.000000000000000000 ) ) ;
#295 = DIRECTION ( 'NONE',  ( -1.000000000000000000, 0.0000000000000000000, -0.0000000000000000000 ) ) ;
#296 = EDGE_CURVE ( 'NONE', #1246, #650, #474, .T. ) ;
#297 = AXIS2_PLACEMENT_3D ( 'NONE', #1095, #171, #974 ) ;
#298 = DIRECTION ( 'NONE',  ( -1.000000000000000000, 2.168404344971008400E-016, 0.0000000000000000000 ) ) ;
#299 = LINE ( 'NONE', #22, #219 ) ;
#300 = ORIENTED_EDGE ( 'NONE', *, *, #1158, .F. ) ;
#301 = VERTEX_POINT ( 'NONE', #843 ) ;
#302 = CIRCLE ( 'NONE', #1140, 0.2500000000000002200 ) ;
#303 = ORIENTED_EDGE ( 'NONE', *, *, #786, .T. ) ;
#304 = DIRECTION ( 'NONE',  ( -1.000000000000000000, 0.0000000000000000000, 0.0000000000000000000 ) ) ;
#305 = ORIENTED_EDGE ( 'NONE', *, *, #390, .F. ) ;
#306 = EDGE_CURVE ( 'NONE', #1094, #980, #1184, .T. ) ;
#307 = LINE ( 'NONE', #1475, #757 ) ;
#308 = AXIS2_PLACEMENT_3D ( 'NONE', #251, #1048, #571 ) ;
#309 = CARTESIAN_POINT ( 'NONE',  ( -4.692939001781118000E-015, 12.50000000000000000, 100.0124999999999900 ) ) ;
#310 = PLANE ( 'NONE',  #344 ) ;
#311 = EDGE_CURVE ( 'NONE', #1145, #773, #563, .T. ) ;
#312 = FACE_OUTER_BOUND ( 'NONE', #1284, .T. ) ;
#313 = ORIENTED_EDGE ( 'NONE', *, *, #118, .T. ) ;
#314 = LINE ( 'NONE', #756, #417 ) ;
#315 = EDGE_LOOP ( 'NONE', ( #1128, #1304, #739, #626 ) ) ;
#316 = DIRECTION ( 'NONE',  ( -3.404524923494819400E-032, 1.853337046983768300E-016, 1.000000000000000000 ) ) ;
#317 = LINE ( 'NONE', #495, #668 ) ;
#318 = FACE_OUTER_BOUND ( 'NONE', #401, .T. ) ;
#319 = ORIENTED_EDGE ( 'NONE', *, *, #95, .T. ) ;
#320 = PRODUCT_DEFINITION_SHAPE ( 'NONE', 'NONE',  #483 ) ;
#321 = CARTESIAN_POINT ( 'NONE',  ( -3.469446951953614200E-015, 3.149999999999999000, 18.35000000000000100 ) ) ;
#322 = EDGE_CURVE ( 'NONE', #91, #533, #832, .T. ) ;
#323 = CARTESIAN_POINT ( 'NONE',  ( -1.000000000000002700, 6.447450340438555600E-015, 81.65000000000000600 ) ) ;
#324 = EDGE_CURVE ( 'NONE', #1108, #69, #852, .T. ) ;
#325 = DIRECTION ( 'NONE',  ( -1.000000000000000000, 0.0000000000000000000, 0.0000000000000000000 ) ) ;
#326 = PLANE ( 'NONE',  #1446 ) ;
#327 = DIRECTION ( 'NONE',  ( 1.000000000000000000, -0.0000000000000000000, -0.0000000000000000000 ) ) ;
#328 = EDGE_CURVE ( 'NONE', #91, #52, #492, .T. ) ;
#329 = CYLINDRICAL_SURFACE ( 'NONE', #1473, 3.149999999999993700 ) ;
#330 = ORIENTED_EDGE ( 'NONE', *, *, #471, .T. ) ;
#331 = VECTOR ( 'NONE', #168, 1000.000000000000000 ) ;
#332 = AXIS2_PLACEMENT_3D ( 'NONE', #365, #1060, #588 ) ;
#333 = EDGE_LOOP ( 'NONE', ( #1222, #562, #1112, #585, #817, #1287, #228, #430, #203, #452, #1266, #657, #1254, #695, #1035, #1465, #206, #635, #210, #87 ) ) ;
#334 = VECTOR ( 'NONE', #806, 1000.000000000000000 ) ;
#335 = DIRECTION ( 'NONE',  ( -1.000000000000000000, 0.0000000000000000000, 0.0000000000000000000 ) ) ;
#336 = APPROVAL_STATUS ( 'not_yet_approved' ) ;
#337 = VERTEX_POINT ( 'NONE', #281 ) ;
#338 = ORIENTED_EDGE ( 'NONE', *, *, #55, .F. ) ;
#339 = ADVANCED_FACE ( 'NONE', ( #286 ), #728, .T. ) ;
#340 = DIRECTION ( 'NONE',  ( 1.000000000000000000, -2.668805347656627200E-016, 0.0000000000000000000 ) ) ;
#341 = EDGE_CURVE ( 'NONE', #836, #384, #1282, .T. ) ;
#342 = DIRECTION ( 'NONE',  ( 0.0000000000000000000, -1.000000000000000000, 0.0000000000000000000 ) ) ;
#343 = DIRECTION ( 'NONE',  ( -0.0000000000000000000, -0.0000000000000000000, -1.000000000000000000 ) ) ;
#344 = AXIS2_PLACEMENT_3D ( 'NONE', #1330, #1323, #632 ) ;
#345 = DIRECTION ( 'NONE',  ( -1.000000000000000000, -2.168404344971008400E-016, 0.0000000000000000000 ) ) ;
#346 = PERSON_AND_ORGANIZATION_ROLE ( 'creator' ) ;
#347 = VECTOR ( 'NONE', #1388, 1000.000000000000000 ) ;
#348 = VERTEX_POINT ( 'NONE', #1306 ) ;
#349 = DIRECTION ( 'NONE',  ( 1.000000000000000000, -0.0000000000000000000, -0.0000000000000000000 ) ) ;
#350 = ORIENTED_EDGE ( 'NONE', *, *, #1003, .T. ) ;
#351 = VECTOR ( 'NONE', #195, 1000.000000000000000 ) ;
#352 = DIRECTION ( 'NONE',  ( 3.404524923494818900E-032, -1.853337046983768100E-016, -1.000000000000000000 ) ) ;
#353 = EDGE_CURVE ( 'NONE', #869, #1299, #1267, .T. ) ;
#354 = ORIENTED_EDGE ( 'NONE', *, *, #629, .F. ) ;
#355 = LINE ( 'NONE', #1425, #48 ) ;
#356 = FACE_BOUND ( 'NONE', #933, .T. ) ;
#357 = ADVANCED_FACE ( 'NONE', ( #795 ), #1292, .F. ) ;
#358 = DIRECTION ( 'NONE',  ( -1.000000000000000000, 0.0000000000000000000, 0.0000000000000000000 ) ) ;
#359 = ORIENTED_EDGE ( 'NONE', *, *, #55, .T. ) ;
#360 = PLANE ( 'NONE',  #1195 ) ;
#361 = CARTESIAN_POINT ( 'NONE',  ( -6.499999999999998200, -17.50000000000000000, 0.0000000000000000000 ) ) ;
#362 = EDGE_CURVE ( 'NONE', #1188, #963, #191, .T. ) ;
#363 = CARTESIAN_POINT ( 'NONE',  ( -7.499999999999999100, 3.150000000000006600, 43.35000000000000100 ) ) ;
#364 = ADVANCED_FACE ( 'NONE', ( #175 ), #379, .F. ) ;
#365 = CARTESIAN_POINT ( 'NONE',  ( -5.204170427930421300E-015, 6.447450340438555600E-015, 31.64999999999999900 ) ) ;
#366 = ORIENTED_EDGE ( 'NONE', *, *, #1237, .T. ) ;
#367 = ADVANCED_FACE ( 'NONE', ( #1206 ), #1075, .T. ) ;
#368 = LINE ( 'NONE', #841, #885 ) ;
#369 = EDGE_LOOP ( 'NONE', ( #674, #98, #7, #1448 ) ) ;
#370 = CARTESIAN_POINT ( 'NONE',  ( -7.499999999999999100, 3.150000000000006600, 68.34999999999999400 ) ) ;
#371 = CIRCLE ( 'NONE', #40, 1.250000000000000200 ) ;
#372 = PLANE ( 'NONE',  #701 ) ;
#373 = EDGE_LOOP ( 'NONE', ( #403, #810, #366, #1200, #110 ) ) ;
#374 = ORIENTED_EDGE ( 'NONE', *, *, #948, .F. ) ;
#375 = CARTESIAN_POINT ( 'NONE',  ( -6.249999999999998200, -13.75000000000000000, 0.0000000000000000000 ) ) ;
#376 = CARTESIAN_POINT ( 'NONE',  ( -1.000000000000003600, -3.149999999999997700, 31.65000000000000600 ) ) ;
#377 = PERSON_AND_ORGANIZATION ( #73, #1103 ) ;
#378 = EDGE_CURVE ( 'NONE', #734, #1145, #1383, .T. ) ;
#379 = PLANE ( 'NONE',  #464 ) ;
#380 = CARTESIAN_POINT ( 'NONE',  ( -4.692939001781118000E-015, 12.50000000000000000, 0.0000000000000000000 ) ) ;
#381 = CARTESIAN_POINT ( 'NONE',  ( -4.730198261706652200E-015, 12.25000000000000000, 100.0124999999999900 ) ) ;
#382 = AXIS2_PLACEMENT_3D ( 'NONE', #133, #267, #16 ) ;
#383 = CIRCLE ( 'NONE', #1024, 3.149999999999993200 ) ;
#384 = VERTEX_POINT ( 'NONE', #506 ) ;
#385 = DIRECTION ( 'NONE',  ( 1.000000000000000000, -0.0000000000000000000, -0.0000000000000000000 ) ) ;
#386 = VECTOR ( 'NONE', #745, 1000.000000000000000 ) ;
#387 = DIRECTION ( 'NONE',  ( 0.0000000000000000000, 1.000000000000000000, 0.0000000000000000000 ) ) ;
#388 = VERTEX_POINT ( 'NONE', #397 ) ;
#389 = FACE_OUTER_BOUND ( 'NONE', #272, .T. ) ;
#390 = EDGE_CURVE ( 'NONE', #78, #1350, #113, .T. ) ;
#391 = VERTEX_POINT ( 'NONE', #292 ) ;
#392 = VERTEX_POINT ( 'NONE', #1089 ) ;
#393 = VERTEX_POINT ( 'NONE', #23 ) ;
#394 = DIRECTION ( 'NONE',  ( -1.000000000000000000, 0.0000000000000000000, 0.0000000000000000000 ) ) ;
#395 = CARTESIAN_POINT ( 'NONE',  ( -1.000000000000003600, -3.149999999999997700, 6.650000000000001200 ) ) ;
#396 = EDGE_CURVE ( 'NONE', #1224, #1000, #620, .T. ) ;
#397 = CARTESIAN_POINT ( 'NONE',  ( -1.000000000000003600, -3.149999999999995500, 93.35000000000002300 ) ) ;
#398 = CARTESIAN_POINT ( 'NONE',  ( -7.499999999999999100, 1.316432297668952700E-014, 43.35000000000000100 ) ) ;
#399 = DIRECTION ( 'NONE',  ( 0.0000000000000000000, 0.0000000000000000000, -1.000000000000000000 ) ) ;
#400 = CYLINDRICAL_SURFACE ( 'NONE', #74, 3.149999999999993200 ) ;
#401 = EDGE_LOOP ( 'NONE', ( #731, #1385, #794, #1217 ) ) ;
#402 = LINE ( 'NONE', #30, #943 ) ;
#403 = ORIENTED_EDGE ( 'NONE', *, *, #488, .T. ) ;
#404 = CARTESIAN_POINT ( 'NONE',  ( -1.000000000000002700, 6.447450340438555600E-015, 6.649999999999999500 ) ) ;
#405 = LINE ( 'NONE', #915, #946 ) ;
#406 = ORIENTED_EDGE ( 'NONE', *, *, #1261, .F. ) ;
#407 = EDGE_CURVE ( 'NONE', #69, #1436, #1301, .T. ) ;
#408 = DIRECTION ( 'NONE',  ( 0.0000000000000000000, 0.0000000000000000000, -1.000000000000000000 ) ) ;
#409 = MANIFOLD_SOLID_BREP ( 'Fillet2', #494 ) ;
#410 = APPROVAL_PERSON_ORGANIZATION ( #1019, #555, #1134 ) ;
#411 = DIRECTION ( 'NONE',  ( -1.000000000000000000, 2.668805347656627700E-016, 0.0000000000000000000 ) ) ;
#412 = EDGE_CURVE ( 'NONE', #192, #615, #1452, .T. ) ;
#413 = AXIS2_PLACEMENT_3D ( 'NONE', #14, #812, #936 ) ;
#414 = DIRECTION ( 'NONE',  ( 1.000000000000000000, -2.668805347656627200E-016, 0.0000000000000000000 ) ) ;
#415 = LINE ( 'NONE', #123, #1464 ) ;
#416 = ORIENTED_EDGE ( 'NONE', *, *, #254, .T. ) ;
#417 = VECTOR ( 'NONE', #1213, 1000.000000000000000 ) ;
#418 = VERTEX_POINT ( 'NONE', #951 ) ;
#419 = LINE ( 'NONE', #631, #473 ) ;
#420 = ORIENTED_EDGE ( 'NONE', *, *, #574, .T. ) ;
#421 = ORIENTED_EDGE ( 'NONE', *, *, #883, .T. ) ;
#422 = ORIENTED_EDGE ( 'NONE', *, *, #249, .F. ) ;
#423 = ORIENTED_EDGE ( 'NONE', *, *, #328, .F. ) ;
#424 = AXIS2_PLACEMENT_3D ( 'NONE', #435, #551, #1006 ) ;
#425 = APPROVAL_DATE_TIME ( #1371, #121 ) ;
#426 = DIRECTION ( 'NONE',  ( 0.0000000000000000000, 0.0000000000000000000, -1.000000000000000000 ) ) ;
#427 = DIRECTION ( 'NONE',  ( -1.000000000000000000, -1.836970198721030200E-016, 0.0000000000000000000 ) ) ;
#428 = CARTESIAN_POINT ( 'NONE',  ( -7.499999999999998200, 17.50000000000000000, 0.0000000000000000000 ) ) ;
#429 = EDGE_CURVE ( 'NONE', #747, #908, #1054, .T. ) ;
#430 = ORIENTED_EDGE ( 'NONE', *, *, #362, .T. ) ;
#431 = VECTOR ( 'NONE', #713, 1000.000000000000000 ) ;
#432 = VERTEX_POINT ( 'NONE', #1283 ) ;
#433 = CYLINDRICAL_SURFACE ( 'NONE', #1391, 3.149999999999993200 ) ;
#434 = CARTESIAN_POINT ( 'NONE',  ( -3.469446951953614200E-015, 1.316432297668952700E-014, 43.35000000000000100 ) ) ;
#435 = CARTESIAN_POINT ( 'NONE',  ( -7.499999999999999100, -3.149999999999997700, 6.650000000000001200 ) ) ;
#436 = VERTEX_POINT ( 'NONE', #150 ) ;
#437 = VECTOR ( 'NONE', #839, 1000.000000000000000 ) ;
#438 = ORIENTED_EDGE ( 'NONE', *, *, #1088, .F. ) ;
#439 = CARTESIAN_POINT ( 'NONE',  ( 0.0000000000000000000, -13.50000000000000200, 0.0000000000000000000 ) ) ;
#440 = DIRECTION ( 'NONE',  ( 0.0000000000000000000, 0.0000000000000000000, 1.000000000000000000 ) ) ;
#441 = AXIS2_PLACEMENT_3D ( 'NONE', #1414, #276, #1210 ) ;
#442 = APPROVAL_DATE_TIME ( #608, #589 ) ;
#443 = CARTESIAN_POINT ( 'NONE',  ( -1.000000000000002700, 6.447450340438555600E-015, 78.50000000000000000 ) ) ;
#444 = ADVANCED_FACE ( 'NONE', ( #1363 ), #1096, .F. ) ;
#445 = DIRECTION ( 'NONE',  ( 0.0000000000000000000, 0.0000000000000000000, -1.000000000000000000 ) ) ;
#446 = DIRECTION ( 'NONE',  ( 0.0000000000000000000, 1.853337046983767800E-016, 1.000000000000000000 ) ) ;
#447 = EDGE_CURVE ( 'NONE', #569, #734, #368, .T. ) ;
#448 = LINE ( 'NONE', #1031, #557 ) ;
#449 = ORIENTED_EDGE ( 'NONE', *, *, #1298, .T. ) ;
#450 = VECTOR ( 'NONE', #1101, 1000.000000000000000 ) ;
#451 = AXIS2_PLACEMENT_3D ( 'NONE', #1087, #243, #446 ) ;
#452 = ORIENTED_EDGE ( 'NONE', *, *, #148, .T. ) ;
#453 = ADVANCED_FACE ( 'NONE', ( #776 ), #959, .F. ) ;
#454 = FACE_OUTER_BOUND ( 'NONE', #1051, .T. ) ;
#455 = ORIENTED_EDGE ( 'NONE', *, *, #574, .F. ) ;
#456 = DIRECTION ( 'NONE',  ( -0.0000000000000000000, -0.0000000000000000000, 1.000000000000000000 ) ) ;
#457 = DIRECTION ( 'NONE',  ( 2.668805347656629600E-016, -1.000000000000000000, 0.0000000000000000000 ) ) ;
#458 = ORIENTED_EDGE ( 'NONE', *, *, #390, .T. ) ;
#459 = ORIENTED_EDGE ( 'NONE', *, *, #1181, .F. ) ;
#460 = DIRECTION ( 'NONE',  ( 0.0000000000000000000, 0.0000000000000000000, -1.000000000000000000 ) ) ;
#461 = EDGE_CURVE ( 'NONE', #547, #174, #998, .T. ) ;
#462 = LOCAL_TIME ( 11, 55, 44.00000000000000000, #1411 ) ;
#463 = CARTESIAN_POINT ( 'NONE',  ( -6.249999999999998200, -13.75000000000000000, 100.0124999999999900 ) ) ;
#464 = AXIS2_PLACEMENT_3D ( 'NONE', #515, #855, #627 ) ;
#465 = CARTESIAN_POINT ( 'NONE',  ( -7.499999999999999100, 6.447450340438555600E-015, 6.649999999999999500 ) ) ;
#466 = ADVANCED_FACE ( 'NONE', ( #454 ), #372, .T. ) ;
#467 = ORIENTED_EDGE ( 'NONE', *, *, #1022, .F. ) ;
#468 = CARTESIAN_POINT ( 'NONE',  ( -7.499999999999999100, 13.74999999999999800, 0.0000000000000000000 ) ) ;
#469 = LINE ( 'NONE', #705, #727 ) ;
#470 = CARTESIAN_POINT ( 'NONE',  ( -7.499999999999999100, -3.149999999999995500, 93.35000000000002300 ) ) ;
#471 = EDGE_CURVE ( 'NONE', #1329, #533, #317, .T. ) ;
#472 = ORIENTED_EDGE ( 'NONE', *, *, #412, .T. ) ;
#473 = VECTOR ( 'NONE', #1314, 1000.000000000000000 ) ;
#474 = LINE ( 'NONE', #491, #903 ) ;
#475 = CARTESIAN_POINT ( 'NONE',  ( -1.000000000000003600, -3.149999999999995500, 43.35000000000000100 ) ) ;
#476 = EDGE_LOOP ( 'NONE', ( #1327, #416, #730, #199 ) ) ;
#477 = CARTESIAN_POINT ( 'NONE',  ( -1.000000000000005300, 3.149999999999989300, 56.64999999999999900 ) ) ;
#478 = DIRECTION ( 'NONE',  ( 0.0000000000000000000, 0.0000000000000000000, -1.000000000000000000 ) ) ;
#479 = LINE ( 'NONE', #1020, #804 ) ;
#480 = EDGE_CURVE ( 'NONE', #1350, #192, #157, .T. ) ;
#481 = DIRECTION ( 'NONE',  ( 0.0000000000000000000, 0.0000000000000000000, 1.000000000000000000 ) ) ;
#482 = DIRECTION ( 'NONE',  ( 0.0000000000000000000, -0.0000000000000000000, 1.000000000000000000 ) ) ;
#483 = PRODUCT_DEFINITION ( 'UNKNOWN', '', #842, #590 ) ;
#484 = CARTESIAN_POINT ( 'NONE',  ( -5.204170427930421300E-015, 6.447450340438555600E-015, 56.64999999999999900 ) ) ;
#485 = PLANE ( 'NONE',  #83 ) ;
#486 = CIRCLE ( 'NONE', #127, 1.250000000000000000 ) ;
#487 = ORIENTED_EDGE ( 'NONE', *, *, #239, .F. ) ;
#488 = EDGE_CURVE ( 'NONE', #541, #908, #402, .T. ) ;
#489 = VECTOR ( 'NONE', #1235, 1000.000000000000000 ) ;
#490 = ORIENTED_EDGE ( 'NONE', *, *, #291, .T. ) ;
#491 = CARTESIAN_POINT ( 'NONE',  ( -7.499999999999999100, -3.149999999999995500, 18.35000000000000100 ) ) ;
#492 = LINE ( 'NONE', #1189, #815 ) ;
#493 = AXIS2_PLACEMENT_3D ( 'NONE', #1280, #592, #21 ) ;
#494 = CLOSED_SHELL ( 'NONE', ( #1276, #1163, #1477, #702, #134, #709, #357, #1262, #453, #444, #925, #906, #816, #466, #790, #339, #1382, #802, #1171, #1468, #124, #245, #17, #237, #572, #693, #257, #106, #101, #119, #556, #364, #675, #1392, #1, #1135, #1356, #681, #367, #1023, #1374, #1028 ) ) ;
#495 = CARTESIAN_POINT ( 'NONE',  ( -6.499999999999999100, -13.50000000000000000, 0.0000000000000000000 ) ) ;
#496 = ORIENTED_EDGE ( 'NONE', *, *, #646, .F. ) ;
#497 = VERTEX_POINT ( 'NONE', #1401 ) ;
#498 = DIRECTION ( 'NONE',  ( 1.000000000000000000, -2.668805347656626700E-016, -0.0000000000000000000 ) ) ;
#499 = CARTESIAN_POINT ( 'NONE',  ( -1.000000000000004900, 12.25000000000000000, 100.0124999999999900 ) ) ;
#500 = PERSON_AND_ORGANIZATION ( #73, #1103 ) ;
#501 = DIRECTION ( 'NONE',  ( 1.000000000000000000, -0.0000000000000000000, -0.0000000000000000000 ) ) ;
#502 = AXIS2_PLACEMENT_3D ( 'NONE', #892, #327, #1021 ) ;
#503 = CARTESIAN_POINT ( 'NONE',  ( -7.499999999999999100, 6.447450340438555600E-015, 6.649999999999999500 ) ) ;
#504 = CARTESIAN_POINT ( 'NONE',  ( -6.249999999999998200, 12.49999999999999800, 0.0000000000000000000 ) ) ;
#505 = DIRECTION ( 'NONE',  ( -1.000000000000000000, -1.836970198721030200E-016, 0.0000000000000000000 ) ) ;
#506 = CARTESIAN_POINT ( 'NONE',  ( -5.204170427930421300E-015, 6.447450340438555600E-015, 53.50000000000000700 ) ) ;
#507 = ORIENTED_EDGE ( 'NONE', *, *, #538, .T. ) ;
#508 = CARTESIAN_POINT ( 'NONE',  ( -4.730198261706652200E-015, 12.25000000000000000, 0.0000000000000000000 ) ) ;
#509 = CIRCLE ( 'NONE', #186, 3.149999999999993700 ) ;
#510 = VERTEX_POINT ( 'NONE', #835 ) ;
#511 = VECTOR ( 'NONE', #724, 1000.000000000000000 ) ;
#512 = EDGE_CURVE ( 'NONE', #391, #1188, #135, .T. ) ;
#513 = VERTEX_POINT ( 'NONE', #381 ) ;
#514 = FACE_BOUND ( 'NONE', #373, .T. ) ;
#515 = CARTESIAN_POINT ( 'NONE',  ( -7.499999999999999100, -3.149999999999997700, 31.65000000000000600 ) ) ;
#516 = AXIS2_PLACEMENT_3D ( 'NONE', #823, #141, #942 ) ;
#517 = VERTEX_POINT ( 'NONE', #37 ) ;
#518 = PLANE ( 'NONE',  #904 ) ;
#519 = DIRECTION ( 'NONE',  ( 1.000000000000000000, -0.0000000000000000000, -0.0000000000000000000 ) ) ;
#520 = APPROVAL_PERSON_ORGANIZATION ( #1131, #589, #690 ) ;
#521 = CARTESIAN_POINT ( 'NONE',  ( -6.499999999999999100, 13.50000000000000000, 100.0124999999999900 ) ) ;
#522 = CARTESIAN_POINT ( 'NONE',  ( -1.000000000000002000, -3.149999999999982600, 100.0124999999999900 ) ) ;
#523 = AXIS2_PLACEMENT_3D ( 'NONE', #623, #385, #834 ) ;
#524 = DIRECTION ( 'NONE',  ( -1.836970198721029900E-016, 1.000000000000000000, 0.0000000000000000000 ) ) ;
#525 = FACE_OUTER_BOUND ( 'NONE', #543, .T. ) ;
#526 = ORIENTED_EDGE ( 'NONE', *, *, #72, .T. ) ;
#527 = VECTOR ( 'NONE', #38, 1000.000000000000000 ) ;
#528 = EDGE_LOOP ( 'NONE', ( #1229, #1364, #579, #792 ) ) ;
#529 = LINE ( 'NONE', #261, #1221 ) ;
#530 = ORIENTED_EDGE ( 'NONE', *, *, #306, .T. ) ;
#531 = ORIENTED_EDGE ( 'NONE', *, *, #742, .T. ) ;
#532 = EDGE_CURVE ( 'NONE', #1038, #510, #419, .T. ) ;
#533 = VERTEX_POINT ( 'NONE', #772 ) ;
#534 = AXIS2_PLACEMENT_3D ( 'NONE', #434, #900, #1470 ) ;
#535 = CARTESIAN_POINT ( 'NONE',  ( -7.499999999999999100, 3.150000000000006600, 93.35000000000002300 ) ) ;
#536 = COORDINATED_UNIVERSAL_TIME_OFFSET ( 6, 0, .BEHIND. ) ;
#537 = CARTESIAN_POINT ( 'NONE',  ( -5.204170427930421300E-015, 6.447450340438555600E-015, 6.649999999999999500 ) ) ;
#538 = EDGE_CURVE ( 'NONE', #1121, #696, #82, .T. ) ;
#539 = AXIS2_PLACEMENT_3D ( 'NONE', #1309, #954, #39 ) ;
#540 = CARTESIAN_POINT ( 'NONE',  ( -7.499999999999999100, -3.149999999999997700, 56.65000000000000600 ) ) ;
#541 = VERTEX_POINT ( 'NONE', #58 ) ;
#542 = VECTOR ( 'NONE', #888, 1000.000000000000000 ) ;
#543 = EDGE_LOOP ( 'NONE', ( #128, #775, #1264, #256 ) ) ;
#544 = VECTOR ( 'NONE', #624, 1000.000000000000000 ) ;
#545 = ORIENTED_EDGE ( 'NONE', *, *, #169, .F. ) ;
#546 = VECTOR ( 'NONE', #352, 1000.000000000000000 ) ;
#547 = VERTEX_POINT ( 'NONE', #1197 ) ;
#548 = EDGE_CURVE ( 'NONE', #747, #392, #1247, .T. ) ;
#549 = DIRECTION ( 'NONE',  ( 1.000000000000000000, -0.0000000000000000000, -0.0000000000000000000 ) ) ;
#550 = CARTESIAN_POINT ( 'NONE',  ( -1.250000000000004900, 13.50000000000000200, 100.0124999999999900 ) ) ;
#551 = DIRECTION ( 'NONE',  ( 0.0000000000000000000, -1.000000000000000000, 1.853337046983768600E-016 ) ) ;
#552 = CARTESIAN_POINT ( 'NONE',  ( -7.499999999999999100, 6.447450340438555600E-015, 3.500000000000006200 ) ) ;
#553 = CARTESIAN_POINT ( 'NONE',  ( -1.000000000000000200, -12.25000000000000000, 0.0000000000000000000 ) ) ;
#554 = EDGE_CURVE ( 'NONE', #348, #1368, #93, .T. ) ;
#555 = APPROVAL ( #1367, 'UNSPECIFIED' ) ;
#556 = ADVANCED_FACE ( 'NONE', ( #389 ), #433, .F. ) ;
#557 = VECTOR ( 'NONE', #688, 1000.000000000000000 ) ;
#558 = ORIENTED_EDGE ( 'NONE', *, *, #1130, .F. ) ;
#559 = LINE ( 'NONE', #977, #1230 ) ;
#560 = DATE_TIME_ROLE ( 'creation_date' ) ;
#561 = CARTESIAN_POINT ( 'NONE',  ( 0.0000000000000000000, -13.50000000000000200, 100.0124999999999900 ) ) ;
#562 = ORIENTED_EDGE ( 'NONE', *, *, #20, .T. ) ;
#563 = LINE ( 'NONE', #370, #1439 ) ;
#564 = ORIENTED_EDGE ( 'NONE', *, *, #616, .F. ) ;
#565 = CARTESIAN_POINT ( 'NONE',  ( -6.499999999999998200, 17.50000000000000000, 100.0124999999999900 ) ) ;
#566 = ORIENTED_EDGE ( 'NONE', *, *, #480, .F. ) ;
#567 = EDGE_CURVE ( 'NONE', #1268, #1421, #751, .T. ) ;
#568 = DIRECTION ( 'NONE',  ( 0.0000000000000000000, -0.0000000000000000000, -1.000000000000000000 ) ) ;
#569 = VERTEX_POINT ( 'NONE', #60 ) ;
#570 = AXIS2_PLACEMENT_3D ( 'NONE', #1204, #1104, #1340 ) ;
#571 = DIRECTION ( 'NONE',  ( 2.065146995210488900E-016, -1.000000000000000000, 0.0000000000000000000 ) ) ;
#572 = ADVANCED_FACE ( 'NONE', ( #250 ), #288, .F. ) ;
#573 = DIRECTION ( 'NONE',  ( 0.0000000000000000000, 0.0000000000000000000, -1.000000000000000000 ) ) ;
#574 = EDGE_CURVE ( 'NONE', #755, #1246, #926, .T. ) ;
#575 = CARTESIAN_POINT ( 'NONE',  ( -7.499999999999999100, 6.447450340438555600E-015, 31.64999999999999900 ) ) ;
#576 = FACE_BOUND ( 'NONE', #737, .T. ) ;
#577 = VERTEX_POINT ( 'NONE', #634 ) ;
#578 = CYLINDRICAL_SURFACE ( 'NONE', #1037, 0.2500000000000000000 ) ;
#579 = ORIENTED_EDGE ( 'NONE', *, *, #341, .F. ) ;
#580 = LINE ( 'NONE', #975, #1011 ) ;
#581 = DIRECTION ( 'NONE',  ( 0.0000000000000000000, 0.0000000000000000000, -1.000000000000000000 ) ) ;
#582 = ORIENTED_EDGE ( 'NONE', *, *, #844, .F. ) ;
#583 = LINE ( 'NONE', #1147, #983 ) ;
#584 = CARTESIAN_POINT ( 'NONE',  ( -6.249999999999998200, 13.50000000000000000, 100.0124999999999900 ) ) ;
#585 = ORIENTED_EDGE ( 'NONE', *, *, #211, .F. ) ;
#586 = EDGE_CURVE ( 'NONE', #830, #828, #764, .T. ) ;
#587 = CARTESIAN_POINT ( 'NONE',  ( -7.499999999999999100, -3.149999999999995500, 68.34999999999999400 ) ) ;
#588 = DIRECTION ( 'NONE',  ( 0.0000000000000000000, 0.0000000000000000000, -1.000000000000000000 ) ) ;
#589 = APPROVAL ( #336, 'UNSPECIFIED' ) ;
#590 = DESIGN_CONTEXT ( 'detailed design', #217, 'design' ) ;
#591 = CARTESIAN_POINT ( 'NONE',  ( -1.250000000000000400, -13.50000000000000200, 100.0124999999999900 ) ) ;
#592 = DIRECTION ( 'NONE',  ( 2.668805347656627200E-016, 1.000000000000000000, -0.0000000000000000000 ) ) ;
#593 = DIRECTION ( 'NONE',  ( 1.000000000000000000, -0.0000000000000000000, -0.0000000000000000000 ) ) ;
#594 = DIRECTION ( 'NONE',  ( -1.000000000000000000, 0.0000000000000000000, 0.0000000000000000000 ) ) ;
#595 = ORIENTED_EDGE ( 'NONE', *, *, #1332, .F. ) ;
#596 = LINE ( 'NONE', #682, #185 ) ;
#597 = AXIS2_PLACEMENT_3D ( 'NONE', #57, #165, #1293 ) ;
#598 = ORIENTED_EDGE ( 'NONE', *, *, #797, .F. ) ;
#599 = DIRECTION ( 'NONE',  ( -1.000000000000000000, 0.0000000000000000000, 0.0000000000000000000 ) ) ;
#600 = VECTOR ( 'NONE', #304, 1000.000000000000000 ) ;
#601 = DIRECTION ( 'NONE',  ( 0.0000000000000000000, 0.0000000000000000000, 1.000000000000000000 ) ) ;
#602 = ORIENTED_EDGE ( 'NONE', *, *, #254, .F. ) ;
#603 = FACE_OUTER_BOUND ( 'NONE', #1333, .T. ) ;
#604 = ORIENTED_EDGE ( 'NONE', *, *, #928, .T. ) ;
#605 = VERTEX_POINT ( 'NONE', #179 ) ;
#606 = DIRECTION ( 'NONE',  ( 1.000000000000000000, 0.0000000000000000000, 0.0000000000000000000 ) ) ;
#607 = CARTESIAN_POINT ( 'NONE',  ( -7.499999999999998200, 17.50000000000000000, 100.0124999999999900 ) ) ;
#608 = DATE_AND_TIME ( #1065, #1043 ) ;
#609 = EDGE_CURVE ( 'NONE', #510, #999, #694, .T. ) ;
#610 = CARTESIAN_POINT ( 'NONE',  ( -7.499999999999999100, -13.50000000000000000, 100.0124999999999900 ) ) ;
#611 = CARTESIAN_POINT ( 'NONE',  ( -1.000000000000000000, -13.50000000000000200, 100.0124999999999900 ) ) ;
#612 = CC_DESIGN_PERSON_AND_ORGANIZATION_ASSIGNMENT ( #723, #346, ( #483 ) ) ;
#613 = DIRECTION ( 'NONE',  ( 0.0000000000000000000, 0.0000000000000000000, -1.000000000000000000 ) ) ;
#614 = LINE ( 'NONE', #809, #24 ) ;
#615 = VERTEX_POINT ( 'NONE', #1434 ) ;
#616 = EDGE_CURVE ( 'NONE', #997, #517, #712, .T. ) ;
#617 = FACE_OUTER_BOUND ( 'NONE', #117, .T. ) ;
#618 = ORIENTED_EDGE ( 'NONE', *, *, #362, .F. ) ;
#619 = DIRECTION ( 'NONE',  ( -0.0000000000000000000, -0.0000000000000000000, 1.000000000000000000 ) ) ;
#620 = CIRCLE ( 'NONE', #877, 3.149999999999993700 ) ;
#621 = AXIS2_PLACEMENT_3D ( 'NONE', #850, #1307, #858 ) ;
#622 = EDGE_LOOP ( 'NONE', ( #1236, #458, #290, #1403 ) ) ;
#623 = CARTESIAN_POINT ( 'NONE',  ( -7.499999999999999100, 6.447450340438555600E-015, 81.65000000000000600 ) ) ;
#624 = DIRECTION ( 'NONE',  ( -3.404524923494819400E-032, 1.853337046983768300E-016, 1.000000000000000000 ) ) ;
#625 = CYLINDRICAL_SURFACE ( 'NONE', #1420, 0.2500000000000002200 ) ;
#626 = ORIENTED_EDGE ( 'NONE', *, *, #225, .F. ) ;
#627 = DIRECTION ( 'NONE',  ( 0.0000000000000000000, -1.853337046983768600E-016, -1.000000000000000000 ) ) ;
#628 = DIRECTION ( 'NONE',  ( 2.065146995210488900E-016, -1.000000000000000000, 0.0000000000000000000 ) ) ;
#629 = EDGE_CURVE ( 'NONE', #773, #836, #580, .T. ) ;
#630 = CARTESIAN_POINT ( 'NONE',  ( -1.000000000000000000, -13.50000000000000200, 0.0000000000000000000 ) ) ;
#631 = CARTESIAN_POINT ( 'NONE',  ( -7.499999999999999100, -13.74999999999999800, 100.0124999999999900 ) ) ;
#632 = DIRECTION ( 'NONE',  ( -2.168404344971008400E-016, -1.000000000000000000, 0.0000000000000000000 ) ) ;
#633 = VECTOR ( 'NONE', #349, 1000.000000000000000 ) ;
#634 = CARTESIAN_POINT ( 'NONE',  ( -3.469446951953614200E-015, 3.149999999999999000, 93.35000000000002300 ) ) ;
#635 = ORIENTED_EDGE ( 'NONE', *, *, #646, .T. ) ;
#636 = VECTOR ( 'NONE', #1337, 1000.000000000000000 ) ;
#637 = EDGE_CURVE ( 'NONE', #230, #605, #1036, .T. ) ;
#638 = ORIENTED_EDGE ( 'NONE', *, *, #1308, .F. ) ;
#639 = FACE_OUTER_BOUND ( 'NONE', #476, .T. ) ;
#640 = AXIS2_PLACEMENT_3D ( 'NONE', #1005, #663, #1461 ) ;
#641 = ORIENTED_EDGE ( 'NONE', *, *, #1479, .F. ) ;
#642 = CARTESIAN_POINT ( 'NONE',  ( -6.499999999999999100, 13.75000000000000000, 100.0124999999999900 ) ) ;
#643 = ORIENTED_EDGE ( 'NONE', *, *, #748, .T. ) ;
#644 = ORIENTED_EDGE ( 'NONE', *, *, #1256, .F. ) ;
#645 = VECTOR ( 'NONE', #456, 1000.000000000000000 ) ;
#646 = EDGE_CURVE ( 'NONE', #890, #696, #654, .T. ) ;
#647 = AXIS2_PLACEMENT_3D ( 'NONE', #398, #44, #287 ) ;
#648 = DIRECTION ( 'NONE',  ( 1.000000000000000000, -0.0000000000000000000, -0.0000000000000000000 ) ) ;
#649 = LINE ( 'NONE', #1258, #633 ) ;
#650 = VERTEX_POINT ( 'NONE', #861 ) ;
#651 = LINE ( 'NONE', #1190, #351 ) ;
#652 = ORIENTED_EDGE ( 'NONE', *, *, #407, .T. ) ;
#653 = CARTESIAN_POINT ( 'NONE',  ( -1.000000000000003100, 3.149999999999993200, 43.35000000000000900 ) ) ;
#654 = CIRCLE ( 'NONE', #771, 0.2500000000000000000 ) ;
#655 = LINE ( 'NONE', #1412, #11 ) ;
#656 = EDGE_CURVE ( 'NONE', #830, #187, #355, .T. ) ;
#657 = ORIENTED_EDGE ( 'NONE', *, *, #916, .T. ) ;
#658 = ORIENTED_EDGE ( 'NONE', *, *, #1479, .T. ) ;
#659 = CARTESIAN_POINT ( 'NONE',  ( -2.296212748401286000E-016, -12.25000000000000200, 100.0124999999999900 ) ) ;
#660 = EDGE_CURVE ( 'NONE', #908, #1238, #1232, .T. ) ;
#661 = ORIENTED_EDGE ( 'NONE', *, *, #488, .F. ) ;
#662 = AXIS2_PLACEMENT_3D ( 'NONE', #1050, #427, #129 ) ;
#663 = DIRECTION ( 'NONE',  ( 0.0000000000000000000, 0.0000000000000000000, -1.000000000000000000 ) ) ;
#664 = APPLICATION_CONTEXT ( 'configuration controlled 3d designs of mechanical parts and assemblies' ) ;
#665 = DIRECTION ( 'NONE',  ( 0.0000000000000000000, 1.853337046983767800E-016, 1.000000000000000000 ) ) ;
#666 = CYLINDRICAL_SURFACE ( 'NONE', #752, 3.149999999999999900 ) ;
#667 = ORIENTED_EDGE ( 'NONE', *, *, #79, .F. ) ;
#668 = VECTOR ( 'NONE', #826, 1000.000000000000000 ) ;
#669 = ORIENTED_EDGE ( 'NONE', *, *, #1214, .F. ) ;
#670 = LINE ( 'NONE', #235, #334 ) ;
#671 = CARTESIAN_POINT ( 'NONE',  ( -6.249999999999998200, -12.49999999999999800, 0.0000000000000000000 ) ) ;
#672 = CARTESIAN_POINT ( 'NONE',  ( -6.499999999999998200, -17.50000000000000000, 100.0124999999999900 ) ) ;
#673 = CARTESIAN_POINT ( 'NONE',  ( -3.944762990872680600E-015, -3.149999999999998100, 6.649999999999997700 ) ) ;
#674 = ORIENTED_EDGE ( 'NONE', *, *, #684, .T. ) ;
#675 = ADVANCED_FACE ( 'NONE', ( #735 ), #732, .F. ) ;
#676 = AXIS2_PLACEMENT_3D ( 'NONE', #1081, #848, #1424 ) ;
#677 = ORIENTED_EDGE ( 'NONE', *, *, #1332, .T. ) ;
#678 = PERSON_AND_ORGANIZATION ( #73, #1103 ) ;
#679 = CARTESIAN_POINT ( 'NONE',  ( 0.0000000000000000000, 0.0000000000000000000, 0.0000000000000000000 ) ) ;
#680 = DIRECTION ( 'NONE',  ( 0.0000000000000000000, 0.0000000000000000000, 1.000000000000000000 ) ) ;
#681 = ADVANCED_FACE ( 'NONE', ( #9 ), #578, .F. ) ;
#682 = CARTESIAN_POINT ( 'NONE',  ( -7.499999999999999100, 6.447450340438555600E-015, 28.50000000000000400 ) ) ;
#683 = CARTESIAN_POINT ( 'NONE',  ( -6.249999999999998200, -13.74999999999999800, 100.0124999999999900 ) ) ;
#684 = EDGE_CURVE ( 'NONE', #884, #1038, #965, .T. ) ;
#685 =( GEOMETRIC_REPRESENTATION_CONTEXT ( 3 ) GLOBAL_UNCERTAINTY_ASSIGNED_CONTEXT ( ( #146 ) ) GLOBAL_UNIT_ASSIGNED_CONTEXT ( ( #805, #1151, #213 ) ) REPRESENTATION_CONTEXT ( 'NONE', 'WORKASPACE' ) );
#686 = VECTOR ( 'NONE', #481, 1000.000000000000000 ) ;
#687 = ORIENTED_EDGE ( 'NONE', *, *, #296, .T. ) ;
#688 = DIRECTION ( 'NONE',  ( 0.0000000000000000000, 0.0000000000000000000, 1.000000000000000000 ) ) ;
#689 = CYLINDRICAL_SURFACE ( 'NONE', #523, 3.149999999999999900 ) ;
#690 = APPROVAL_ROLE ( '' ) ;
#691 = DIRECTION ( 'NONE',  ( 0.0000000000000000000, 1.853337046983767800E-016, 1.000000000000000000 ) ) ;
#692 = EDGE_LOOP ( 'NONE', ( #781, #638, #1418, #31 ) ) ;
#693 = ADVANCED_FACE ( 'NONE', ( #829 ), #485, .T. ) ;
#694 = CIRCLE ( 'NONE', #1378, 1.250000000000000200 ) ;
#695 = ORIENTED_EDGE ( 'NONE', *, *, #928, .F. ) ;
#696 = VERTEX_POINT ( 'NONE', #499 ) ;
#697 = EDGE_LOOP ( 'NONE', ( #496, #406, #1187, #987 ) ) ;
#698 = EDGE_CURVE ( 'NONE', #1305, #192, #222, .T. ) ;
#699 = CARTESIAN_POINT ( 'NONE',  ( -3.944762990872680600E-015, -3.149999999999998100, 81.65000000000000600 ) ) ;
#700 = CARTESIAN_POINT ( 'NONE',  ( -1.901264155676266100E-015, -3.149999999999999900, 100.0124999999999900 ) ) ;
#701 = AXIS2_PLACEMENT_3D ( 'NONE', #607, #387, #482 ) ;
#702 = ADVANCED_FACE ( 'NONE', ( #111 ), #689, .F. ) ;
#703 = CARTESIAN_POINT ( 'NONE',  ( -1.250000000000000000, -12.50000000000000000, 100.0124999999999900 ) ) ;
#704 = CARTESIAN_POINT ( 'NONE',  ( -6.499999999999999100, -13.50000000000000000, 100.0124999999999900 ) ) ;
#705 = CARTESIAN_POINT ( 'NONE',  ( -7.499999999999999100, -3.149999999999997700, 6.650000000000001200 ) ) ;
#706 = DIRECTION ( 'NONE',  ( -1.836970198721029700E-016, 1.000000000000000000, 0.0000000000000000000 ) ) ;
#707 = DIRECTION ( 'NONE',  ( -1.000000000000000000, 0.0000000000000000000, 0.0000000000000000000 ) ) ;
#708 = EDGE_CURVE ( 'NONE', #963, #837, #1297, .T. ) ;
#709 = ADVANCED_FACE ( 'NONE', ( #866 ), #26, .F. ) ;
#710 = CIRCLE ( 'NONE', #787, 0.2500000000000000000 ) ;
#711 = ORIENTED_EDGE ( 'NONE', *, *, #1454, .F. ) ;
#712 = CIRCLE ( 'NONE', #570, 3.149999999999993700 ) ;
#713 = DIRECTION ( 'NONE',  ( -0.0000000000000000000, -0.0000000000000000000, 1.000000000000000000 ) ) ;
#714 = DIRECTION ( 'NONE',  ( 0.0000000000000000000, 0.0000000000000000000, -1.000000000000000000 ) ) ;
#715 = ORIENTED_EDGE ( 'NONE', *, *, #1194, .T. ) ;
#716 = FACE_OUTER_BOUND ( 'NONE', #717, .T. ) ;
#717 = EDGE_LOOP ( 'NONE', ( #768, #1007, #873, #582 ) ) ;
#718 = DIRECTION ( 'NONE',  ( 0.0000000000000000000, 0.0000000000000000000, -1.000000000000000000 ) ) ;
#719 = VERTEX_POINT ( 'NONE', #508 ) ;
#720 = EDGE_CURVE ( 'NONE', #884, #436, #284, .T. ) ;
#721 = CARTESIAN_POINT ( 'NONE',  ( -7.499999999999999100, 3.149999999999989300, 6.649999999999997700 ) ) ;
#722 = CARTESIAN_POINT ( 'NONE',  ( -1.000000000000005300, 3.149999999999989300, 81.65000000000000600 ) ) ;
#723 = PERSON_AND_ORGANIZATION ( #73, #1103 ) ;
#724 = DIRECTION ( 'NONE',  ( 1.000000000000000000, -0.0000000000000000000, -0.0000000000000000000 ) ) ;
#725 = AXIS2_PLACEMENT_3D ( 'NONE', #898, #89, #198 ) ;
#726 = EDGE_CURVE ( 'NONE', #1368, #766, #45, .T. ) ;
#727 = VECTOR ( 'NONE', #1064, 1000.000000000000000 ) ;
#728 = PLANE ( 'NONE',  #1165 ) ;
#729 = AXIS2_PLACEMENT_3D ( 'NONE', #484, #1070, #1416 ) ;
#730 = ORIENTED_EDGE ( 'NONE', *, *, #512, .F. ) ;
#731 = ORIENTED_EDGE ( 'NONE', *, *, #1410, .T. ) ;
#732 = CYLINDRICAL_SURFACE ( 'NONE', #647, 3.149999999999993200 ) ;
#733 = DIRECTION ( 'NONE',  ( 1.000000000000000000, -2.668805347656626700E-016, -0.0000000000000000000 ) ) ;
#734 = VERTEX_POINT ( 'NONE', #953 ) ;
#735 = FACE_OUTER_BOUND ( 'NONE', #285, .T. ) ;
#736 = ORIENTED_EDGE ( 'NONE', *, *, #148, .F. ) ;
#737 = EDGE_LOOP ( 'NONE', ( #1379, #872, #945, #763, #1062 ) ) ;
#738 = CARTESIAN_POINT ( 'NONE',  ( -7.499999999999998200, 17.50000000000000000, 100.0124999999999900 ) ) ;
#739 = ORIENTED_EDGE ( 'NONE', *, *, #1298, .F. ) ;
#740 = CARTESIAN_POINT ( 'NONE',  ( -2.296212748401286000E-016, -12.25000000000000200, 100.0124999999999900 ) ) ;
#741 = ORIENTED_EDGE ( 'NONE', *, *, #780, .F. ) ;
#742 = EDGE_CURVE ( 'NONE', #1039, #755, #1218, .T. ) ;
#743 = DIRECTION ( 'NONE',  ( 3.404524923494818900E-032, -1.853337046983768100E-016, -1.000000000000000000 ) ) ;
#744 = DIRECTION ( 'NONE',  ( -0.0000000000000000000, -0.0000000000000000000, 1.000000000000000000 ) ) ;
#745 = DIRECTION ( 'NONE',  ( -0.0000000000000000000, -0.0000000000000000000, 1.000000000000000000 ) ) ;
#746 = DIRECTION ( 'NONE',  ( -1.836970198721029900E-016, 1.000000000000000000, 0.0000000000000000000 ) ) ;
#747 = VERTEX_POINT ( 'NONE', #1303 ) ;
#748 = EDGE_CURVE ( 'NONE', #605, #569, #923, .T. ) ;
#749 = VECTOR ( 'NONE', #706, 1000.000000000000000 ) ;
#750 = EDGE_LOOP ( 'NONE', ( #1406, #1110, #49, #487 ) ) ;
#751 = LINE ( 'NONE', #1321, #1331 ) ;
#752 = AXIS2_PLACEMENT_3D ( 'NONE', #244, #593, #1174 ) ;
#753 = CARTESIAN_POINT ( 'NONE',  ( -3.800404928177040900E-015, 3.149999999999990600, 56.65000000000001300 ) ) ;
#754 = FACE_BOUND ( 'NONE', #64, .T. ) ;
#755 = VERTEX_POINT ( 'NONE', #395 ) ;
#756 = CARTESIAN_POINT ( 'NONE',  ( -3.058555380870513700E-015, 3.149999999999993200, 100.0124999999999900 ) ) ;
#757 = VECTOR ( 'NONE', #1242, 1000.000000000000000 ) ;
#758 = CARTESIAN_POINT ( 'NONE',  ( -1.000000000000004900, 12.25000000000000000, 0.0000000000000000000 ) ) ;
#759 = CIRCLE ( 'NONE', #332, 3.149999999999993200 ) ;
#760 = ORIENTED_EDGE ( 'NONE', *, *, #125, .F. ) ;
#761 = VECTOR ( 'NONE', #1239, 1000.000000000000000 ) ;
#762 = EDGE_CURVE ( 'NONE', #533, #174, #995, .T. ) ;
#763 = ORIENTED_EDGE ( 'NONE', *, *, #447, .F. ) ;
#764 = LINE ( 'NONE', #1102, #1316 ) ;
#765 = CC_DESIGN_DATE_AND_TIME_ASSIGNMENT ( #196, #560, ( #483 ) ) ;
#766 = VERTEX_POINT ( 'NONE', #504 ) ;
#767 = CARTESIAN_POINT ( 'NONE',  ( -1.000000000000003100, 3.149999999999991900, 93.35000000000002300 ) ) ;
#768 = ORIENTED_EDGE ( 'NONE', *, *, #353, .T. ) ;
#769 = CARTESIAN_POINT ( 'NONE',  ( -2.210039514895873900E-015, -3.149999999999996400, 68.35000000000002300 ) ) ;
#770 = EDGE_CURVE ( 'NONE', #78, #1305, #651, .T. ) ;
#771 = AXIS2_PLACEMENT_3D ( 'NONE', #1377, #1199, #1183 ) ;
#772 = CARTESIAN_POINT ( 'NONE',  ( -6.499999999999999100, -13.75000000000000000, 0.0000000000000000000 ) ) ;
#773 = VERTEX_POINT ( 'NONE', #76 ) ;
#774 = VECTOR ( 'NONE', #891, 1000.000000000000000 ) ;
#775 = ORIENTED_EDGE ( 'NONE', *, *, #762, .F. ) ;
#776 = FACE_OUTER_BOUND ( 'NONE', #1405, .T. ) ;
#777 = PLANE ( 'NONE',  #1117 ) ;
#778 = ORIENTED_EDGE ( 'NONE', *, *, #955, .T. ) ;
#779 = VECTOR ( 'NONE', #241, 1000.000000000000000 ) ;
#780 = EDGE_CURVE ( 'NONE', #187, #337, #1203, .T. ) ;
#781 = ORIENTED_EDGE ( 'NONE', *, *, #20, .F. ) ;
#782 = CARTESIAN_POINT ( 'NONE',  ( -7.499999999999999100, -3.149999999999997700, 56.65000000000000600 ) ) ;
#783 = DIRECTION ( 'NONE',  ( 0.0000000000000000000, 0.0000000000000000000, -1.000000000000000000 ) ) ;
#784 = FACE_OUTER_BOUND ( 'NONE', #528, .T. ) ;
#785 = DIRECTION ( 'NONE',  ( 1.000000000000000000, 0.0000000000000000000, 0.0000000000000000000 ) ) ;
#786 = EDGE_CURVE ( 'NONE', #418, #1039, #509, .T. ) ;
#787 = AXIS2_PLACEMENT_3D ( 'NONE', #927, #581, #907 ) ;
#788 = DIRECTION ( 'NONE',  ( 1.000000000000000000, -0.0000000000000000000, -0.0000000000000000000 ) ) ;
#789 = DIRECTION ( 'NONE',  ( 0.0000000000000000000, 0.0000000000000000000, -1.000000000000000000 ) ) ;
#790 = ADVANCED_FACE ( 'NONE', ( #247 ), #310, .T. ) ;
#791 = LINE ( 'NONE', #1390, #749 ) ;
#792 = ORIENTED_EDGE ( 'NONE', *, *, #1341, .F. ) ;
#793 = LINE ( 'NONE', #86, #774 ) ;
#794 = ORIENTED_EDGE ( 'NONE', *, *, #818, .F. ) ;
#795 = FACE_OUTER_BOUND ( 'NONE', #922, .T. ) ;
#796 = CARTESIAN_POINT ( 'NONE',  ( -7.499999999999999100, -13.50000000000000000, 100.0124999999999900 ) ) ;
#797 = EDGE_CURVE ( 'NONE', #999, #69, #559, .T. ) ;
#798 = ORIENTED_EDGE ( 'NONE', *, *, #1237, .F. ) ;
#799 = ORIENTED_EDGE ( 'NONE', *, *, #656, .T. ) ;
#800 = AXIS2_PLACEMENT_3D ( 'NONE', #1193, #501, #478 ) ;
#801 = ORIENTED_EDGE ( 'NONE', *, *, #971, .F. ) ;
#802 = ADVANCED_FACE ( 'NONE', ( #899 ), #518, .T. ) ;
#803 = CARTESIAN_POINT ( 'NONE',  ( 2.668805347656627200E-016, -12.50000000000000000, 100.0124999999999900 ) ) ;
#804 = VECTOR ( 'NONE', #107, 1000.000000000000000 ) ;
#805 =( LENGTH_UNIT ( ) NAMED_UNIT ( * ) SI_UNIT ( .MILLI., .METRE. ) );
#806 = DIRECTION ( 'NONE',  ( 0.0000000000000000000, 0.0000000000000000000, -1.000000000000000000 ) ) ;
#807 = DIRECTION ( 'NONE',  ( 1.000000000000000000, -0.0000000000000000000, -0.0000000000000000000 ) ) ;
#808 = EDGE_CURVE ( 'NONE', #890, #432, #1419, .T. ) ;
#809 = CARTESIAN_POINT ( 'NONE',  ( -1.250000000000004900, 12.50000000000000000, 100.0124999999999900 ) ) ;
#810 = ORIENTED_EDGE ( 'NONE', *, *, #660, .T. ) ;
#811 = LINE ( 'NONE', #65, #600 ) ;
#812 = DIRECTION ( 'NONE',  ( -0.0000000000000000000, -0.0000000000000000000, 1.000000000000000000 ) ) ;
#813 = ORIENTED_EDGE ( 'NONE', *, *, #471, .F. ) ;
#814 = DIRECTION ( 'NONE',  ( 0.0000000000000000000, 0.0000000000000000000, -1.000000000000000000 ) ) ;
#815 = VECTOR ( 'NONE', #498, 1000.000000000000000 ) ;
#816 = ADVANCED_FACE ( 'NONE', ( #617 ), #1320, .F. ) ;
#817 = ORIENTED_EDGE ( 'NONE', *, *, #461, .T. ) ;
#818 = EDGE_CURVE ( 'NONE', #980, #997, #314, .T. ) ;
#819 = CARTESIAN_POINT ( 'NONE',  ( -6.499999999999999100, 13.75000000000000000, 0.0000000000000000000 ) ) ;
#820 = CARTESIAN_POINT ( 'NONE',  ( -1.250000000000004900, 12.50000000000000000, 0.0000000000000000000 ) ) ;
#821 = AXIS2_PLACEMENT_3D ( 'NONE', #679, #440, #785 ) ;
#822 = PLANE ( 'NONE',  #1100 ) ;
#823 = CARTESIAN_POINT ( 'NONE',  ( -3.469446951953614200E-015, 1.316432297668952700E-014, 68.34999999999999400 ) ) ;
#824 = AXIS2_PLACEMENT_3D ( 'NONE', #1119, #990, #408 ) ;
#825 = CARTESIAN_POINT ( 'NONE',  ( -6.249999999999998200, -12.49999999999999800, 100.0124999999999900 ) ) ;
#826 = DIRECTION ( 'NONE',  ( -2.168404344971007900E-016, 1.000000000000000000, -0.0000000000000000000 ) ) ;
#827 = LINE ( 'NONE', #238, #1313 ) ;
#828 = VERTEX_POINT ( 'NONE', #1114 ) ;
#829 = FACE_OUTER_BOUND ( 'NONE', #1281, .T. ) ;
#830 = VERTEX_POINT ( 'NONE', #642 ) ;
#831 = CARTESIAN_POINT ( 'NONE',  ( -7.499999999999999100, 13.50000000000000000, 100.0124999999999900 ) ) ;
#832 = CIRCLE ( 'NONE', #1462, 0.2500000000000002200 ) ;
#833 = ORIENTED_EDGE ( 'NONE', *, *, #1341, .T. ) ;
#834 = DIRECTION ( 'NONE',  ( 0.0000000000000000000, 0.0000000000000000000, -1.000000000000000000 ) ) ;
#835 = CARTESIAN_POINT ( 'NONE',  ( -7.499999999999999100, -13.74999999999999800, 0.0000000000000000000 ) ) ;
#836 = VERTEX_POINT ( 'NONE', #753 ) ;
#837 = VERTEX_POINT ( 'NONE', #178 ) ;
#838 = EDGE_CURVE ( 'NONE', #650, #980, #5, .T. ) ;
#839 = DIRECTION ( 'NONE',  ( 1.000000000000000000, -0.0000000000000000000, -0.0000000000000000000 ) ) ;
#840 = DATE_AND_TIME ( #36, #259 ) ;
#841 = CARTESIAN_POINT ( 'NONE',  ( -1.000000000000002000, -3.149999999999982600, 150.0124999999999900 ) ) ;
#842 = PRODUCT_DEFINITION_FORMATION_WITH_SPECIFIED_SOURCE ( 'ANY', '', #170, .NOT_KNOWN. ) ;
#843 = CARTESIAN_POINT ( 'NONE',  ( -6.249999999999998200, -12.49999999999999800, 100.0124999999999900 ) ) ;
#844 = EDGE_CURVE ( 'NONE', #869, #577, #849, .T. ) ;
#845 = CARTESIAN_POINT ( 'NONE',  ( -7.499999999999999100, -13.50000000000000000, 0.0000000000000000000 ) ) ;
#846 = AXIS2_PLACEMENT_3D ( 'NONE', #704, #1160, #1481 ) ;
#847 = ORIENTED_EDGE ( 'NONE', *, *, #976, .F. ) ;
#848 = DIRECTION ( 'NONE',  ( -1.000000000000000000, -1.836970198721030200E-016, 0.0000000000000000000 ) ) ;
#849 = LINE ( 'NONE', #535, #1180 ) ;
#850 = CARTESIAN_POINT ( 'NONE',  ( -1.250000000000004900, 12.25000000000000000, 0.0000000000000000000 ) ) ;
#851 = ORIENTED_EDGE ( 'NONE', *, *, #548, .F. ) ;
#852 = LINE ( 'NONE', #1407, #204 ) ;
#853 = EDGE_LOOP ( 'NONE', ( #1450, #32, #1166, #112 ) ) ;
#854 = VECTOR ( 'NONE', #1243, 1000.000000000000000 ) ;
#855 = DIRECTION ( 'NONE',  ( 0.0000000000000000000, -1.000000000000000000, 1.853337046983768600E-016 ) ) ;
#856 = EDGE_LOOP ( 'NONE', ( #1471, #1077, #472, #1302, #526 ) ) ;
#857 = CARTESIAN_POINT ( 'NONE',  ( -7.499999999999998200, -17.50000000000000000, 100.0124999999999900 ) ) ;
#858 = DIRECTION ( 'NONE',  ( -1.000000000000000000, 0.0000000000000000000, 0.0000000000000000000 ) ) ;
#859 = EDGE_CURVE ( 'NONE', #1329, #436, #811, .T. ) ;
#860 = DIRECTION ( 'NONE',  ( -1.000000000000000000, -1.836970198721030200E-016, 0.0000000000000000000 ) ) ;
#861 = CARTESIAN_POINT ( 'NONE',  ( -2.210039514895873900E-015, -3.149999999999996400, 18.35000000000001200 ) ) ;
#862 = CARTESIAN_POINT ( 'NONE',  ( -6.249999999999998200, -13.74999999999999800, 0.0000000000000000000 ) ) ;
#863 = EDGE_CURVE ( 'NONE', #1246, #1094, #202, .T. ) ;
#864 = LINE ( 'NONE', #565, #41 ) ;
#865 = EDGE_LOOP ( 'NONE', ( #618, #602, #801, #1311 ) ) ;
#866 = FACE_OUTER_BOUND ( 'NONE', #750, .T. ) ;
#867 = ORIENTED_EDGE ( 'NONE', *, *, #893, .T. ) ;
#868 = AXIS2_PLACEMENT_3D ( 'NONE', #12, #913, #1365 ) ;
#869 = VERTEX_POINT ( 'NONE', #767 ) ;
#870 = DIRECTION ( 'NONE',  ( 2.668805347656627700E-016, 1.000000000000000000, -0.0000000000000000000 ) ) ;
#871 = LINE ( 'NONE', #1015, #66 ) ;
#872 = ORIENTED_EDGE ( 'NONE', *, *, #201, .F. ) ;
#873 = ORIENTED_EDGE ( 'NONE', *, *, #72, .F. ) ;
#874 = DIRECTION ( 'NONE',  ( -1.000000000000000000, 0.0000000000000000000, 0.0000000000000000000 ) ) ;
#875 = EDGE_CURVE ( 'NONE', #1224, #1012, #1400, .T. ) ;
#876 = LINE ( 'NONE', #909, #645 ) ;
#877 = AXIS2_PLACEMENT_3D ( 'NONE', #1082, #147, #167 ) ;
#878 = DIRECTION ( 'NONE',  ( 2.065146995210488900E-016, -1.000000000000000000, 0.0000000000000000000 ) ) ;
#879 = DIRECTION ( 'NONE',  ( -1.000000000000000000, 0.0000000000000000000, 0.0000000000000000000 ) ) ;
#880 = FACE_OUTER_BOUND ( 'NONE', #1149, .T. ) ;
#881 = ORIENTED_EDGE ( 'NONE', *, *, #818, .T. ) ;
#882 = VECTOR ( 'NONE', #524, 1000.000000000000000 ) ;
#883 = EDGE_CURVE ( 'NONE', #1436, #348, #268, .T. ) ;
#884 = VERTEX_POINT ( 'NONE', #75 ) ;
#885 = VECTOR ( 'NONE', #263, 1000.000000000000000 ) ;
#886 = ORIENTED_EDGE ( 'NONE', *, *, #1308, .T. ) ;
#887 = LINE ( 'NONE', #131, #546 ) ;
#888 = DIRECTION ( 'NONE',  ( 0.0000000000000000000, 0.0000000000000000000, -1.000000000000000000 ) ) ;
#889 = DIRECTION ( 'NONE',  ( -1.000000000000000000, -1.836970198721030200E-016, 0.0000000000000000000 ) ) ;
#890 = VERTEX_POINT ( 'NONE', #190 ) ;
#891 = DIRECTION ( 'NONE',  ( 1.000000000000000000, 0.0000000000000000000, 0.0000000000000000000 ) ) ;
#892 = CARTESIAN_POINT ( 'NONE',  ( -7.499999999999999100, 1.316432297668952700E-014, 18.35000000000000100 ) ) ;
#893 = EDGE_CURVE ( 'NONE', #696, #348, #1449, .T. ) ;
#894 = CARTESIAN_POINT ( 'NONE',  ( -3.800404928177040900E-015, 3.149999999999990600, 6.650000000000006600 ) ) ;
#895 = CARTESIAN_POINT ( 'NONE',  ( -7.499999999999998200, 17.50000000000000000, 100.0124999999999900 ) ) ;
#896 = LINE ( 'NONE', #363, #264 ) ;
#897 = ORIENTED_EDGE ( 'NONE', *, *, #1046, .F. ) ;
#898 = CARTESIAN_POINT ( 'NONE',  ( -1.250000000000000000, -12.25000000000000200, 100.0124999999999900 ) ) ;
#899 = FACE_OUTER_BOUND ( 'NONE', #1126, .T. ) ;
#900 = DIRECTION ( 'NONE',  ( -1.000000000000000000, 0.0000000000000000000, 0.0000000000000000000 ) ) ;
#901 = CARTESIAN_POINT ( 'NONE',  ( -6.249999999999998200, 13.74999999999999800, 0.0000000000000000000 ) ) ;
#902 = EDGE_LOOP ( 'NONE', ( #736, #760, #1366, #644 ) ) ;
#903 = VECTOR ( 'NONE', #156, 1000.000000000000000 ) ;
#904 = AXIS2_PLACEMENT_3D ( 'NONE', #985, #870, #411 ) ;
#905 = ORIENTED_EDGE ( 'NONE', *, *, #412, .F. ) ;
#906 = ADVANCED_FACE ( 'NONE', ( #1328 ), #1109, .F. ) ;
#907 = DIRECTION ( 'NONE',  ( -1.000000000000000000, 0.0000000000000000000, 0.0000000000000000000 ) ) ;
#908 = VERTEX_POINT ( 'NONE', #1339 ) ;
#909 = CARTESIAN_POINT ( 'NONE',  ( -1.000000000000000200, -12.25000000000000000, 100.0124999999999900 ) ) ;
#910 = ORIENTED_EDGE ( 'NONE', *, *, #225, .T. ) ;
#911 = CARTESIAN_POINT ( 'NONE',  ( -6.249999999999998200, -13.50000000000000000, 0.0000000000000000000 ) ) ;
#912 = PERSON_AND_ORGANIZATION ( #73, #1103 ) ;
#913 = DIRECTION ( 'NONE',  ( 0.0000000000000000000, 0.0000000000000000000, 1.000000000000000000 ) ) ;
#914 = MECHANICAL_CONTEXT ( 'NONE', #664, 'mechanical' ) ;
#915 = CARTESIAN_POINT ( 'NONE',  ( -6.499999999999999100, 13.50000000000000000, 0.0000000000000000000 ) ) ;
#916 = EDGE_CURVE ( 'NONE', #138, #830, #1265, .T. ) ;
#917 = CC_DESIGN_APPROVAL ( #555, ( #842 ) ) ;
#918 = CARTESIAN_POINT ( 'NONE',  ( -1.000000000000003100, 3.149999999999991900, 68.35000000000000900 ) ) ;
#919 = APPROVAL_STATUS ( 'not_yet_approved' ) ;
#920 = DIRECTION ( 'NONE',  ( -1.000000000000000000, 0.0000000000000000000, 0.0000000000000000000 ) ) ;
#921 = FACE_OUTER_BOUND ( 'NONE', #902, .T. ) ;
#922 = EDGE_LOOP ( 'NONE', ( #350, #1317, #905, #566 ) ) ;
#923 = CIRCLE ( 'NONE', #676, 3.149999999999993700 ) ;
#924 = ORIENTED_EDGE ( 'NONE', *, *, #838, .T. ) ;
#925 = ADVANCED_FACE ( 'NONE', ( #1380 ), #326, .F. ) ;
#926 = LINE ( 'NONE', #522, #544 ) ;
#927 = CARTESIAN_POINT ( 'NONE',  ( -1.250000000000000000, -12.25000000000000000, 100.0124999999999900 ) ) ;
#928 = EDGE_CURVE ( 'NONE', #252, #828, #793, .T. ) ;
#929 = ORIENTED_EDGE ( 'NONE', *, *, #1273, .F. ) ;
#930 = CARTESIAN_POINT ( 'NONE',  ( -4.959819536546781400E-015, 13.50000000000000200, 100.0124999999999900 ) ) ;
#931 = FACE_OUTER_BOUND ( 'NONE', #68, .T. ) ;
#932 = AXIS2_PLACEMENT_3D ( 'NONE', #1399, #1091, #958 ) ;
#933 = EDGE_LOOP ( 'NONE', ( #881, #1442, #189, #677, #924 ) ) ;
#934 = ORIENTED_EDGE ( 'NONE', *, *, #429, .T. ) ;
#935 = CARTESIAN_POINT ( 'NONE',  ( -3.800404928177040900E-015, 3.149999999999990600, 81.65000000000003400 ) ) ;
#936 = DIRECTION ( 'NONE',  ( -1.000000000000000000, 0.0000000000000000000, 0.0000000000000000000 ) ) ;
#937 = DIRECTION ( 'NONE',  ( -0.0000000000000000000, -0.0000000000000000000, -1.000000000000000000 ) ) ;
#938 = DIRECTION ( 'NONE',  ( 0.0000000000000000000, 0.0000000000000000000, -1.000000000000000000 ) ) ;
#939 = EDGE_CURVE ( 'NONE', #1099, #337, #1093, .T. ) ;
#940 = CYLINDRICAL_SURFACE ( 'NONE', #1257, 1.250000000000000200 ) ;
#941 = ORIENTED_EDGE ( 'NONE', *, *, #1431, .T. ) ;
#942 = DIRECTION ( 'NONE',  ( 0.0000000000000000000, 0.0000000000000000000, -1.000000000000000000 ) ) ;
#943 = VECTOR ( 'NONE', #1185, 1000.000000000000000 ) ;
#944 = DIRECTION ( 'NONE',  ( 2.065146995210488900E-016, -1.000000000000000000, 0.0000000000000000000 ) ) ;
#945 = ORIENTED_EDGE ( 'NONE', *, *, #378, .F. ) ;
#946 = VECTOR ( 'NONE', #1259, 1000.000000000000000 ) ;
#947 = ORIENTED_EDGE ( 'NONE', *, *, #939, .F. ) ;
#948 = EDGE_CURVE ( 'NONE', #1039, #517, #80, .T. ) ;
#949 = DIRECTION ( 'NONE',  ( 1.000000000000000000, 2.668805347656629600E-016, 0.0000000000000000000 ) ) ;
#950 = ORIENTED_EDGE ( 'NONE', *, *, #1130, .T. ) ;
#951 = CARTESIAN_POINT ( 'NONE',  ( -1.000000000000005300, 3.149999999999989300, 6.649999999999997700 ) ) ;
#952 = COORDINATED_UNIVERSAL_TIME_OFFSET ( 6, 0, .BEHIND. ) ;
#953 = CARTESIAN_POINT ( 'NONE',  ( -1.000000000000003600, -3.149999999999995500, 68.34999999999999400 ) ) ;
#954 = DIRECTION ( 'NONE',  ( -1.000000000000000000, -1.836970198721030200E-016, 0.0000000000000000000 ) ) ;
#955 = EDGE_CURVE ( 'NONE', #1211, #393, #1122, .T. ) ;
#956 = DIRECTION ( 'NONE',  ( 1.000000000000000000, -0.0000000000000000000, -0.0000000000000000000 ) ) ;
#957 = AXIS2_PLACEMENT_3D ( 'NONE', #1086, #1220, #295 ) ;
#958 = DIRECTION ( 'NONE',  ( 0.0000000000000000000, 0.0000000000000000000, -1.000000000000000000 ) ) ;
#959 = PLANE ( 'NONE',  #215 ) ;
#960 = VECTOR ( 'NONE', #316, 1000.000000000000000 ) ;
#961 = EDGE_LOOP ( 'NONE', ( #161, #85, #667, #1057, #305 ) ) ;
#962 = VECTOR ( 'NONE', #1201, 1000.000000000000000 ) ;
#963 = VERTEX_POINT ( 'NONE', #659 ) ;
#964 = DIRECTION ( 'NONE',  ( -1.000000000000000000, 0.0000000000000000000, 0.0000000000000000000 ) ) ;
#965 = LINE ( 'NONE', #610, #962 ) ;
#966 = VERTEX_POINT ( 'NONE', #769 ) ;
#967 = DIRECTION ( 'NONE',  ( 0.0000000000000000000, 0.0000000000000000000, 1.000000000000000000 ) ) ;
#968 = CARTESIAN_POINT ( 'NONE',  ( -1.901264155676266100E-015, -3.149999999999999900, 175.0125000000000200 ) ) ;
#969 = VECTOR ( 'NONE', #707, 1000.000000000000000 ) ;
#970 = EDGE_LOOP ( 'NONE', ( #47, #1455, #1030, #1389 ) ) ;
#971 = EDGE_CURVE ( 'NONE', #837, #52, #1142, .T. ) ;
#972 = DIRECTION ( 'NONE',  ( -1.000000000000000000, -2.668805347656629100E-016, 0.0000000000000000000 ) ) ;
#973 = CARTESIAN_POINT ( 'NONE',  ( -7.499999999999999100, 6.447450340438555600E-015, 31.64999999999999900 ) ) ;
#974 = DIRECTION ( 'NONE',  ( -1.000000000000000000, 0.0000000000000000000, 0.0000000000000000000 ) ) ;
#975 = CARTESIAN_POINT ( 'NONE',  ( -3.058555380870513700E-015, 3.149999999999993200, 150.0124999999999900 ) ) ;
#976 = EDGE_CURVE ( 'NONE', #569, #1115, #188, .T. ) ;
#977 = CARTESIAN_POINT ( 'NONE',  ( 2.668805347656627200E-016, -12.50000000000000000, 0.0000000000000000000 ) ) ;
#978 = CIRCLE ( 'NONE', #308, 3.149999999999993700 ) ;
#979 = DIRECTION ( 'NONE',  ( 1.000000000000000000, -0.0000000000000000000, -0.0000000000000000000 ) ) ;
#980 = VERTEX_POINT ( 'NONE', #321 ) ;
#981 = VECTOR ( 'NONE', #1396, 1000.000000000000000 ) ;
#982 = ORIENTED_EDGE ( 'NONE', *, *, #726, .F. ) ;
#983 = VECTOR ( 'NONE', #343, 1000.000000000000000 ) ;
#984 = ORIENTED_EDGE ( 'NONE', *, *, #1431, .F. ) ;
#985 = CARTESIAN_POINT ( 'NONE',  ( 2.668805347656627200E-016, -12.50000000000000000, 100.0124999999999900 ) ) ;
#986 = DIRECTION ( 'NONE',  ( 0.0000000000000000000, 0.0000000000000000000, -1.000000000000000000 ) ) ;
#987 = ORIENTED_EDGE ( 'NONE', *, *, #893, .F. ) ;
#988 = AXIS2_PLACEMENT_3D ( 'NONE', #1212, #744, #394 ) ;
#989 = APPROVAL_DATE_TIME ( #1289, #555 ) ;
#990 = DIRECTION ( 'NONE',  ( -1.000000000000000000, 0.0000000000000000000, 0.0000000000000000000 ) ) ;
#991 = ADVANCED_BREP_SHAPE_REPRESENTATION ( '8961K85_Steel DIN 3 Rail', ( #409, #821 ), #685 ) ;
#992 = EDGE_CURVE ( 'NONE', #837, #719, #1072, .T. ) ;
#993 = FACE_BOUND ( 'NONE', #1444, .T. ) ;
#994 = ORIENTED_EDGE ( 'NONE', *, *, #992, .F. ) ;
#995 = LINE ( 'NONE', #53, #386 ) ;
#996 = CC_DESIGN_PERSON_AND_ORGANIZATION_ASSIGNMENT ( #377, #1480, ( #842 ) ) ;
#997 = VERTEX_POINT ( 'NONE', #894 ) ;
#998 = LINE ( 'NONE', #1066, #981 ) ;
#999 = VERTEX_POINT ( 'NONE', #671 ) ;
#1000 = VERTEX_POINT ( 'NONE', #653 ) ;
#1001 = ORIENTED_EDGE ( 'NONE', *, *, #1376, .T. ) ;
#1002 = CARTESIAN_POINT ( 'NONE',  ( -6.249999999999998200, 13.74999999999999800, 100.0124999999999900 ) ) ;
#1003 = EDGE_CURVE ( 'NONE', #1350, #388, #1397, .T. ) ;
#1004 = AXIS2_PLACEMENT_3D ( 'NONE', #1049, #1034, #139 ) ;
#1005 = CARTESIAN_POINT ( 'NONE',  ( -1.250000000000000000, -12.25000000000000200, 0.0000000000000000000 ) ) ;
#1006 = DIRECTION ( 'NONE',  ( 0.0000000000000000000, -1.853337046983768600E-016, -1.000000000000000000 ) ) ;
#1007 = ORIENTED_EDGE ( 'NONE', *, *, #1032, .T. ) ;
#1008 = DIRECTION ( 'NONE',  ( -1.000000000000000000, -1.836970198721030200E-016, 0.0000000000000000000 ) ) ;
#1009 = FACE_OUTER_BOUND ( 'NONE', #865, .T. ) ;
#1010 = ORIENTED_EDGE ( 'NONE', *, *, #863, .T. ) ;
#1011 = VECTOR ( 'NONE', #294, 1000.000000000000000 ) ;
#1012 = VERTEX_POINT ( 'NONE', #216 ) ;
#1013 = CYLINDRICAL_SURFACE ( 'NONE', #502, 3.149999999999993200 ) ;
#1014 = APPLICATION_PROTOCOL_DEFINITION ( 'international standard', 'config_control_design', 1994, #217 ) ;
#1015 = CARTESIAN_POINT ( 'NONE',  ( -4.730198261706652200E-015, 12.25000000000000000, 100.0124999999999900 ) ) ;
#1016 = ORIENTED_EDGE ( 'NONE', *, *, #742, .F. ) ;
#1017 = ORIENTED_EDGE ( 'NONE', *, *, #548, .T. ) ;
#1018 = DIRECTION ( 'NONE',  ( 1.000000000000000000, -0.0000000000000000000, -0.0000000000000000000 ) ) ;
#1019 = PERSON_AND_ORGANIZATION ( #73, #1103 ) ;
#1020 = CARTESIAN_POINT ( 'NONE',  ( -1.901264155676266100E-015, -3.149999999999999900, 150.0124999999999900 ) ) ;
#1021 = DIRECTION ( 'NONE',  ( 0.0000000000000000000, 0.0000000000000000000, -1.000000000000000000 ) ) ;
#1022 = EDGE_CURVE ( 'NONE', #517, #13, #154, .T. ) ;
#1023 = ADVANCED_FACE ( 'NONE', ( #1009 ), #130, .T. ) ;
#1024 = AXIS2_PLACEMENT_3D ( 'NONE', #1288, #599, #814 ) ;
#1025 = CARTESIAN_POINT ( 'NONE',  ( -1.000000000000002700, 6.447450340438555600E-015, 3.500000000000005800 ) ) ;
#1026 = DATE_TIME_ROLE ( 'classification_date' ) ;
#1027 = DIRECTION ( 'NONE',  ( -1.000000000000000000, 0.0000000000000000000, 0.0000000000000000000 ) ) ;
#1028 = ADVANCED_FACE ( 'NONE', ( #1437 ), #940, .T. ) ;
#1029 = LINE ( 'NONE', #803, #1358 ) ;
#1030 = ORIENTED_EDGE ( 'NONE', *, *, #992, .T. ) ;
#1031 = CARTESIAN_POINT ( 'NONE',  ( -1.901264155676266100E-015, -3.149999999999999900, 125.0125000000000000 ) ) ;
#1032 = EDGE_CURVE ( 'NONE', #1299, #1161, #649, .T. ) ;
#1033 = VECTOR ( 'NONE', #549, 1000.000000000000000 ) ;
#1034 = DIRECTION ( 'NONE',  ( -0.0000000000000000000, -0.0000000000000000000, 1.000000000000000000 ) ) ;
#1035 = ORIENTED_EDGE ( 'NONE', *, *, #271, .F. ) ;
#1036 = CIRCLE ( 'NONE', #274, 3.149999999999993700 ) ;
#1037 = AXIS2_PLACEMENT_3D ( 'NONE', #1196, #967, #606 ) ;
#1038 = VERTEX_POINT ( 'NONE', #231 ) ;
#1039 = VERTEX_POINT ( 'NONE', #1025 ) ;
#1040 = CARTESIAN_POINT ( 'NONE',  ( -7.499999999999999100, 6.447450340438555600E-015, 56.64999999999999900 ) ) ;
#1041 = ORIENTED_EDGE ( 'NONE', *, *, #447, .T. ) ;
#1042 = CARTESIAN_POINT ( 'NONE',  ( -6.499999999999999100, -13.75000000000000000, 100.0124999999999900 ) ) ;
#1043 = LOCAL_TIME ( 11, 55, 44.00000000000000000, #952 ) ;
#1044 = DIRECTION ( 'NONE',  ( -3.404524923494819400E-032, 1.853337046983768300E-016, 1.000000000000000000 ) ) ;
#1045 = PLANE ( 'NONE',  #493 ) ;
#1046 = EDGE_CURVE ( 'NONE', #432, #766, #827, .T. ) ;
#1047 = DIRECTION ( 'NONE',  ( -0.0000000000000000000, -0.0000000000000000000, 1.000000000000000000 ) ) ;
#1048 = DIRECTION ( 'NONE',  ( -1.000000000000000000, -1.836970198721030200E-016, 0.0000000000000000000 ) ) ;
#1049 = CARTESIAN_POINT ( 'NONE',  ( -6.249999999999998200, 13.74999999999999800, 100.0124999999999900 ) ) ;
#1050 = CARTESIAN_POINT ( 'NONE',  ( -1.000000000000000000, -13.50000000000000200, 100.0124999999999900 ) ) ;
#1051 = EDGE_LOOP ( 'NONE', ( #266, #984, #604, #715 ) ) ;
#1052 = LINE ( 'NONE', #1469, #1245 ) ;
#1053 = ORIENTED_EDGE ( 'NONE', *, *, #859, .F. ) ;
#1054 = LINE ( 'NONE', #1415, #1422 ) ;
#1055 = CARTESIAN_POINT ( 'NONE',  ( -7.499999999999999100, 13.74999999999999800, 100.0124999999999900 ) ) ;
#1056 = EDGE_CURVE ( 'NONE', #1121, #1108, #710, .T. ) ;
#1057 = ORIENTED_EDGE ( 'NONE', *, *, #1003, .F. ) ;
#1058 = DIRECTION ( 'NONE',  ( 1.000000000000000000, -0.0000000000000000000, -0.0000000000000000000 ) ) ;
#1059 = CIRCLE ( 'NONE', #1324, 3.149999999999993700 ) ;
#1060 = DIRECTION ( 'NONE',  ( -1.000000000000000000, 0.0000000000000000000, 0.0000000000000000000 ) ) ;
#1061 = DIRECTION ( 'NONE',  ( 1.000000000000000000, -0.0000000000000000000, -0.0000000000000000000 ) ) ;
#1062 = ORIENTED_EDGE ( 'NONE', *, *, #748, .F. ) ;
#1063 = DIRECTION ( 'NONE',  ( -1.000000000000000000, -2.668805347656629100E-016, 0.0000000000000000000 ) ) ;
#1064 = DIRECTION ( 'NONE',  ( 1.000000000000000000, -0.0000000000000000000, -0.0000000000000000000 ) ) ;
#1065 = CALENDAR_DATE ( 2021, 26, 8 ) ;
#1066 = CARTESIAN_POINT ( 'NONE',  ( -6.499999999999999100, -13.50000000000000000, 100.0124999999999900 ) ) ;
#1067 = AXIS2_PLACEMENT_3D ( 'NONE', #521, #298, #70 ) ;
#1068 = CARTESIAN_POINT ( 'NONE',  ( -1.000000000000003600, -3.149999999999997700, 81.65000000000002000 ) ) ;
#1069 = FACE_OUTER_BOUND ( 'NONE', #369, .T. ) ;
#1070 = DIRECTION ( 'NONE',  ( -1.000000000000000000, 0.0000000000000000000, 0.0000000000000000000 ) ) ;
#1071 = VERTEX_POINT ( 'NONE', #114 ) ;
#1072 = LINE ( 'NONE', #439, #761 ) ;
#1073 = CARTESIAN_POINT ( 'NONE',  ( -7.499999999999999100, -3.149999999999997700, 81.65000000000002000 ) ) ;
#1074 = ORIENTED_EDGE ( 'NONE', *, *, #1046, .T. ) ;
#1075 = CYLINDRICAL_SURFACE ( 'NONE', #297, 1.250000000000000200 ) ;
#1076 = ORIENTED_EDGE ( 'NONE', *, *, #948, .T. ) ;
#1077 = ORIENTED_EDGE ( 'NONE', *, *, #698, .T. ) ;
#1078 = EDGE_CURVE ( 'NONE', #1099, #719, #486, .T. ) ;
#1079 = DIRECTION ( 'NONE',  ( -0.0000000000000000000, -0.0000000000000000000, 1.000000000000000000 ) ) ;
#1080 = EDGE_LOOP ( 'NONE', ( #330, #88, #1269, #1409 ) ) ;
#1081 = CARTESIAN_POINT ( 'NONE',  ( -1.000000000000002700, 6.447450340438555600E-015, 56.64999999999999900 ) ) ;
#1082 = CARTESIAN_POINT ( 'NONE',  ( -1.000000000000002700, 1.316432297668952700E-014, 43.35000000000000100 ) ) ;
#1083 = SECURITY_CLASSIFICATION ( '', '', #116 ) ;
#1084 = DIRECTION ( 'NONE',  ( 0.0000000000000000000, -1.853337046983768600E-016, -1.000000000000000000 ) ) ;
#1085 = CARTESIAN_POINT ( 'NONE',  ( 0.0000000000000000000, 0.0000000000000000000, 0.0000000000000000000 ) ) ;
#1086 = CARTESIAN_POINT ( 'NONE',  ( 0.0000000000000000000, 0.0000000000000000000, 100.0124999999999900 ) ) ;
#1087 = CARTESIAN_POINT ( 'NONE',  ( -7.499999999999999100, 3.149999999999989300, 31.64999999999999900 ) ) ;
#1088 = EDGE_CURVE ( 'NONE', #1421, #1012, #448, .T. ) ;
#1089 = CARTESIAN_POINT ( 'NONE',  ( -1.000000000000002700, 6.447450340438555600E-015, 28.50000000000000400 ) ) ;
#1090 = AXIS2_PLACEMENT_3D ( 'NONE', #1300, #51, #1084 ) ;
#1091 = DIRECTION ( 'NONE',  ( -1.000000000000000000, 0.0000000000000000000, 0.0000000000000000000 ) ) ;
#1092 = ORIENTED_EDGE ( 'NONE', *, *, #726, .T. ) ;
#1093 = LINE ( 'NONE', #1124, #489 ) ;
#1094 = VERTEX_POINT ( 'NONE', #1478 ) ;
#1095 = CARTESIAN_POINT ( 'NONE',  ( -6.249999999999998200, -13.74999999999999800, 100.0124999999999900 ) ) ;
#1096 = CYLINDRICAL_SURFACE ( 'NONE', #800, 3.149999999999999900 ) ;
#1097 = ORIENTED_EDGE ( 'NONE', *, *, #629, .T. ) ;
#1098 = LINE ( 'NONE', #721, #253 ) ;
#1099 = VERTEX_POINT ( 'NONE', #1354 ) ;
#1100 = AXIS2_PLACEMENT_3D ( 'NONE', #1386, #1369, #691 ) ;
#1101 = DIRECTION ( 'NONE',  ( -1.000000000000000000, -2.668805347656629100E-016, 0.0000000000000000000 ) ) ;
#1102 = CARTESIAN_POINT ( 'NONE',  ( -6.499999999999999100, 13.50000000000000000, 100.0124999999999900 ) ) ;
#1103 = ORGANIZATION ( 'UNSPECIFIED', 'UNSPECIFIED', '' ) ;
#1104 = DIRECTION ( 'NONE',  ( -1.000000000000000000, 0.0000000000000000000, 0.0000000000000000000 ) ) ;
#1105 = EDGE_CURVE ( 'NONE', #615, #577, #90, .T. ) ;
#1106 = CC_DESIGN_APPROVAL ( #589, ( #483 ) ) ;
#1107 = LINE ( 'NONE', #1157, #1326 ) ;
#1108 = VERTEX_POINT ( 'NONE', #703 ) ;
#1109 = CYLINDRICAL_SURFACE ( 'NONE', #105, 3.149999999999993200 ) ;
#1110 = ORIENTED_EDGE ( 'NONE', *, *, #844, .T. ) ;
#1111 = CIRCLE ( 'NONE', #280, 1.250000000000000200 ) ;
#1112 = ORIENTED_EDGE ( 'NONE', *, *, #684, .F. ) ;
#1113 = EDGE_LOOP ( 'NONE', ( #122, #1286, #1315, #455, #1016 ) ) ;
#1114 = CARTESIAN_POINT ( 'NONE',  ( -6.499999999999998200, 17.50000000000000000, 100.0124999999999900 ) ) ;
#1115 = VERTEX_POINT ( 'NONE', #4 ) ;
#1116 = EDGE_CURVE ( 'NONE', #301, #1108, #1029, .T. ) ;
#1117 = AXIS2_PLACEMENT_3D ( 'NONE', #209, #1349, #665 ) ;
#1118 = SHAPE_DEFINITION_REPRESENTATION ( #320, #991 ) ;
#1119 = CARTESIAN_POINT ( 'NONE',  ( -3.469446951953614200E-015, 1.316432297668952700E-014, 18.35000000000000100 ) ) ;
#1120 = EDGE_CURVE ( 'NONE', #1268, #1224, #1052, .T. ) ;
#1121 = VERTEX_POINT ( 'NONE', #1375 ) ;
#1122 = LINE ( 'NONE', #1241, #636 ) ;
#1123 = ORIENTED_EDGE ( 'NONE', *, *, #1261, .T. ) ;
#1124 = CARTESIAN_POINT ( 'NONE',  ( -4.959819536546781400E-015, 13.50000000000000200, 0.0000000000000000000 ) ) ;
#1125 = VECTOR ( 'NONE', #601, 1000.000000000000000 ) ;
#1126 = EDGE_LOOP ( 'NONE', ( #598, #886, #1467, #160 ) ) ;
#1127 = CYLINDRICAL_SURFACE ( 'NONE', #1335, 3.149999999999993700 ) ;
#1128 = ORIENTED_EDGE ( 'NONE', *, *, #378, .T. ) ;
#1129 = DIRECTION ( 'NONE',  ( 0.0000000000000000000, -1.853337046983768600E-016, -1.000000000000000000 ) ) ;
#1130 = EDGE_CURVE ( 'NONE', #392, #1268, #978, .T. ) ;
#1131 = PERSON_AND_ORGANIZATION ( #73, #1103 ) ;
#1132 = AXIS2_PLACEMENT_3D ( 'NONE', #672, #342, #568 ) ;
#1133 = CARTESIAN_POINT ( 'NONE',  ( -1.000000000000002000, -3.149999999999982600, 175.0125000000000200 ) ) ;
#1134 = APPROVAL_ROLE ( '' ) ;
#1135 = ADVANCED_FACE ( 'NONE', ( #525 ), #1345, .F. ) ;
#1136 = DIRECTION ( 'NONE',  ( -0.0000000000000000000, -0.0000000000000000000, -1.000000000000000000 ) ) ;
#1137 = PERSON_AND_ORGANIZATION_ROLE ( 'classification_officer' ) ;
#1138 = CARTESIAN_POINT ( 'NONE',  ( -6.249999999999998200, 13.75000000000000000, 100.0124999999999900 ) ) ;
#1139 = FACE_OUTER_BOUND ( 'NONE', #1398, .T. ) ;
#1140 = AXIS2_PLACEMENT_3D ( 'NONE', #463, #1272, #920 ) ;
#1141 = ORIENTED_EDGE ( 'NONE', *, *, #808, .T. ) ;
#1142 = CIRCLE ( 'NONE', #640, 1.250000000000000000 ) ;
#1143 = ORIENTED_EDGE ( 'NONE', *, *, #586, .F. ) ;
#1144 = LINE ( 'NONE', #1373, #969 ) ;
#1145 = VERTEX_POINT ( 'NONE', #918 ) ;
#1146 = APPLICATION_PROTOCOL_DEFINITION ( 'international standard', 'config_control_design', 1994, #664 ) ;
#1147 = CARTESIAN_POINT ( 'NONE',  ( -3.058555380870513700E-015, 3.149999999999993200, 175.0125000000000200 ) ) ;
#1148 = ORIENTED_EDGE ( 'NONE', *, *, #939, .T. ) ;
#1149 = EDGE_LOOP ( 'NONE', ( #507, #867, #1441, #1346 ) ) ;
#1150 = DIRECTION ( 'NONE',  ( 2.168404344971008400E-016, -1.000000000000000000, 0.0000000000000000000 ) ) ;
#1151 =( NAMED_UNIT ( * ) PLANE_ANGLE_UNIT ( ) SI_UNIT ( $, .RADIAN. ) );
#1152 = AXIS2_PLACEMENT_3D ( 'NONE', #561, #1463, #1249 ) ;
#1153 = CC_DESIGN_SECURITY_CLASSIFICATION ( #1083, ( #842 ) ) ;
#1154 = DIRECTION ( 'NONE',  ( 0.0000000000000000000, 0.0000000000000000000, -1.000000000000000000 ) ) ;
#1155 = DIRECTION ( 'NONE',  ( -0.0000000000000000000, -0.0000000000000000000, 1.000000000000000000 ) ) ;
#1156 = ORIENTED_EDGE ( 'NONE', *, *, #780, .T. ) ;
#1157 = CARTESIAN_POINT ( 'NONE',  ( -6.499999999999998200, -17.50000000000000000, 100.0124999999999900 ) ) ;
#1158 = EDGE_CURVE ( 'NONE', #547, #1329, #1107, .T. ) ;
#1159 = VECTOR ( 'NONE', #972, 1000.000000000000000 ) ;
#1160 = DIRECTION ( 'NONE',  ( -1.000000000000000000, -2.168404344971008400E-016, 0.0000000000000000000 ) ) ;
#1161 = VERTEX_POINT ( 'NONE', #935 ) ;
#1162 = DIRECTION ( 'NONE',  ( -0.0000000000000000000, -0.0000000000000000000, 1.000000000000000000 ) ) ;
#1163 = ADVANCED_FACE ( 'NONE', ( #173 ), #329, .F. ) ;
#1164 = VECTOR ( 'NONE', #733, 1000.000000000000000 ) ;
#1165 = AXIS2_PLACEMENT_3D ( 'NONE', #144, #278, #949 ) ;
#1166 = ORIENTED_EDGE ( 'NONE', *, *, #197, .F. ) ;
#1167 = LINE ( 'NONE', #470, #1234 ) ;
#1168 = ORIENTED_EDGE ( 'NONE', *, *, #341, .T. ) ;
#1169 = DIRECTION ( 'NONE',  ( 1.000000000000000000, 2.668805347656629600E-016, 0.0000000000000000000 ) ) ;
#1170 = DIRECTION ( 'NONE',  ( 1.000000000000000000, -0.0000000000000000000, -0.0000000000000000000 ) ) ;
#1171 = ADVANCED_FACE ( 'NONE', ( #1069 ), #1474, .T. ) ;
#1172 = LOCAL_TIME ( 11, 55, 44.00000000000000000, #1191 ) ;
#1173 = CARTESIAN_POINT ( 'NONE',  ( -1.000000000000003600, -3.149999999999995500, 18.35000000000000100 ) ) ;
#1174 = DIRECTION ( 'NONE',  ( 0.0000000000000000000, 0.0000000000000000000, -1.000000000000000000 ) ) ;
#1175 = DIRECTION ( 'NONE',  ( -0.0000000000000000000, -0.0000000000000000000, 1.000000000000000000 ) ) ;
#1176 = DIRECTION ( 'NONE',  ( 1.000000000000000000, -0.0000000000000000000, -0.0000000000000000000 ) ) ;
#1177 = DIRECTION ( 'NONE',  ( -1.000000000000000000, -1.836970198721030200E-016, 0.0000000000000000000 ) ) ;
#1178 = CYLINDRICAL_SURFACE ( 'NONE', #151, 0.2500000000000000000 ) ;
#1179 = ORIENTED_EDGE ( 'NONE', *, *, #162, .T. ) ;
#1180 = VECTOR ( 'NONE', #648, 1000.000000000000000 ) ;
#1181 = EDGE_CURVE ( 'NONE', #392, #1238, #596, .T. ) ;
#1182 = ORIENTED_EDGE ( 'NONE', *, *, #95, .F. ) ;
#1183 = DIRECTION ( 'NONE',  ( -1.000000000000000000, 0.0000000000000000000, 0.0000000000000000000 ) ) ;
#1184 = LINE ( 'NONE', #163, #437 ) ;
#1185 = DIRECTION ( 'NONE',  ( -0.0000000000000000000, -0.0000000000000000000, -1.000000000000000000 ) ) ;
#1186 = CC_DESIGN_PERSON_AND_ORGANIZATION_ASSIGNMENT ( #912, #104, ( #170 ) ) ;
#1187 = ORIENTED_EDGE ( 'NONE', *, *, #554, .F. ) ;
#1188 = VERTEX_POINT ( 'NONE', #591 ) ;
#1189 = CARTESIAN_POINT ( 'NONE',  ( 0.0000000000000000000, -13.50000000000000200, 0.0000000000000000000 ) ) ;
#1190 = CARTESIAN_POINT ( 'NONE',  ( -7.499999999999999100, 6.447450340438555600E-015, 78.50000000000000000 ) ) ;
#1191 = COORDINATED_UNIVERSAL_TIME_OFFSET ( 6, 0, .BEHIND. ) ;
#1192 = EDGE_LOOP ( 'NONE', ( #374, #531, #1472, #467 ) ) ;
#1193 = CARTESIAN_POINT ( 'NONE',  ( -7.499999999999999100, 1.316432297668952700E-014, 68.34999999999999400 ) ) ;
#1194 = EDGE_CURVE ( 'NONE', #828, #497, #864, .T. ) ;
#1195 = AXIS2_PLACEMENT_3D ( 'NONE', #930, #457, #1169 ) ;
#1196 = CARTESIAN_POINT ( 'NONE',  ( -1.250000000000000000, -12.25000000000000000, 100.0124999999999900 ) ) ;
#1197 = CARTESIAN_POINT ( 'NONE',  ( -6.499999999999998200, -17.50000000000000000, 100.0124999999999900 ) ) ;
#1198 = FACE_BOUND ( 'NONE', #1113, .T. ) ;
#1199 = DIRECTION ( 'NONE',  ( 0.0000000000000000000, 0.0000000000000000000, -1.000000000000000000 ) ) ;
#1200 = ORIENTED_EDGE ( 'NONE', *, *, #1088, .T. ) ;
#1201 = DIRECTION ( 'NONE',  ( -2.168404344971007900E-016, 1.000000000000000000, 0.0000000000000000000 ) ) ;
#1202 = EDGE_LOOP ( 'NONE', ( #3, #193, #1427, #941 ) ) ;
#1203 = CIRCLE ( 'NONE', #1223, 0.2500000000000002200 ) ;
#1204 = CARTESIAN_POINT ( 'NONE',  ( -5.204170427930421300E-015, 6.447450340438555600E-015, 6.649999999999999500 ) ) ;
#1205 = ORIENTED_EDGE ( 'NONE', *, *, #1278, .F. ) ;
#1206 = FACE_OUTER_BOUND ( 'NONE', #692, .T. ) ;
#1207 = ORIENTED_EDGE ( 'NONE', *, *, #1181, .T. ) ;
#1208 = LINE ( 'NONE', #428, #854 ) ;
#1209 = ORIENTED_EDGE ( 'NONE', *, *, #260, .F. ) ;
#1210 = DIRECTION ( 'NONE',  ( 0.0000000000000000000, 0.0000000000000000000, -1.000000000000000000 ) ) ;
#1211 = VERTEX_POINT ( 'NONE', #468 ) ;
#1212 = CARTESIAN_POINT ( 'NONE',  ( -1.250000000000000000, -12.25000000000000200, 100.0124999999999900 ) ) ;
#1213 = DIRECTION ( 'NONE',  ( -0.0000000000000000000, -0.0000000000000000000, -1.000000000000000000 ) ) ;
#1214 = EDGE_CURVE ( 'NONE', #1211, #1071, #1435, .T. ) ;
#1215 = CC_DESIGN_PERSON_AND_ORGANIZATION_ASSIGNMENT ( #166, #1137, ( #1083 ) ) ;
#1216 = CIRCLE ( 'NONE', #516, 3.149999999999999900 ) ;
#1217 = ORIENTED_EDGE ( 'NONE', *, *, #306, .F. ) ;
#1218 = CIRCLE ( 'NONE', #164, 3.149999999999993700 ) ;
#1219 = ORIENTED_EDGE ( 'NONE', *, *, #296, .F. ) ;
#1220 = DIRECTION ( 'NONE',  ( 0.0000000000000000000, 0.0000000000000000000, -1.000000000000000000 ) ) ;
#1221 = VECTOR ( 'NONE', #1063, 1000.000000000000000 ) ;
#1222 = ORIENTED_EDGE ( 'NONE', *, *, #1116, .F. ) ;
#1223 = AXIS2_PLACEMENT_3D ( 'NONE', #59, #1325, #874 ) ;
#1224 = VERTEX_POINT ( 'NONE', #475 ) ;
#1225 = APPROVAL_PERSON_ORGANIZATION ( #500, #121, #240 ) ;
#1226 = EDGE_CURVE ( 'NONE', #963, #513, #791, .T. ) ;
#1227 = PRODUCT_RELATED_PRODUCT_CATEGORY ( 'detail', '', ( #170 ) ) ;
#1228 = FACE_OUTER_BOUND ( 'NONE', #622, .T. ) ;
#1229 = ORIENTED_EDGE ( 'NONE', *, *, #637, .T. ) ;
#1230 = VECTOR ( 'NONE', #414, 1000.000000000000000 ) ;
#1231 = ORIENTED_EDGE ( 'NONE', *, *, #1120, .T. ) ;
#1232 = CIRCLE ( 'NONE', #932, 3.149999999999993200 ) ;
#1233 = ORIENTED_EDGE ( 'NONE', *, *, #875, .F. ) ;
#1234 = VECTOR ( 'NONE', #1058, 1000.000000000000000 ) ;
#1235 = DIRECTION ( 'NONE',  ( -1.000000000000000000, -2.668805347656629100E-016, 0.0000000000000000000 ) ) ;
#1236 = ORIENTED_EDGE ( 'NONE', *, *, #770, .F. ) ;
#1237 = EDGE_CURVE ( 'NONE', #1238, #1421, #759, .T. ) ;
#1238 = VERTEX_POINT ( 'NONE', #1384 ) ;
#1239 = DIRECTION ( 'NONE',  ( -1.836970198721029700E-016, 1.000000000000000000, 0.0000000000000000000 ) ) ;
#1240 = CARTESIAN_POINT ( 'NONE',  ( -6.249999999999998200, 13.50000000000000000, 100.0124999999999900 ) ) ;
#1241 = CARTESIAN_POINT ( 'NONE',  ( -7.499999999999999100, 13.50000000000000000, 0.0000000000000000000 ) ) ;
#1242 = DIRECTION ( 'NONE',  ( 3.404524923494818900E-032, -1.853337046983768100E-016, -1.000000000000000000 ) ) ;
#1243 = DIRECTION ( 'NONE',  ( 1.000000000000000000, 0.0000000000000000000, 0.0000000000000000000 ) ) ;
#1244 = AXIS2_PLACEMENT_3D ( 'NONE', #142, #1177, #944 ) ;
#1245 = VECTOR ( 'NONE', #1044, 1000.000000000000000 ) ;
#1246 = VERTEX_POINT ( 'NONE', #1173 ) ;
#1247 = CIRCLE ( 'NONE', #1413, 3.149999999999993700 ) ;
#1248 = PLANE ( 'NONE',  #1132 ) ;
#1249 = DIRECTION ( 'NONE',  ( 1.836970198721029900E-016, -1.000000000000000000, 0.0000000000000000000 ) ) ;
#1250 = ORIENTED_EDGE ( 'NONE', *, *, #554, .T. ) ;
#1251 = LINE ( 'NONE', #587, #1426 ) ;
#1252 = ORIENTED_EDGE ( 'NONE', *, *, #971, .T. ) ;
#1253 = CARTESIAN_POINT ( 'NONE',  ( -3.469446951953614200E-015, 1.316432297668952700E-014, 93.35000000000002300 ) ) ;
#1254 = ORIENTED_EDGE ( 'NONE', *, *, #586, .T. ) ;
#1255 = PLANE ( 'NONE',  #424 ) ;
#1256 = EDGE_CURVE ( 'NONE', #1432, #1099, #1279, .T. ) ;
#1257 = AXIS2_PLACEMENT_3D ( 'NONE', #1002, #426, #1342 ) ;
#1258 = CARTESIAN_POINT ( 'NONE',  ( -7.499999999999999100, 3.149999999999989300, 81.65000000000000600 ) ) ;
#1259 = DIRECTION ( 'NONE',  ( 2.168404344971007900E-016, 1.000000000000000000, 0.0000000000000000000 ) ) ;
#1260 = DIRECTION ( 'NONE',  ( 1.000000000000000000, -0.0000000000000000000, -0.0000000000000000000 ) ) ;
#1261 = EDGE_CURVE ( 'NONE', #1368, #890, #614, .T. ) ;
#1262 = ADVANCED_FACE ( 'NONE', ( #1228 ), #666, .F. ) ;
#1263 = VECTOR ( 'NONE', #255, 1000.000000000000000 ) ;
#1264 = ORIENTED_EDGE ( 'NONE', *, *, #322, .F. ) ;
#1265 = CIRCLE ( 'NONE', #1440, 0.2500000000000002200 ) ;
#1266 = ORIENTED_EDGE ( 'NONE', *, *, #249, .T. ) ;
#1267 = LINE ( 'NONE', #34, #63 ) ;
#1268 = VERTEX_POINT ( 'NONE', #376 ) ;
#1269 = ORIENTED_EDGE ( 'NONE', *, *, #461, .F. ) ;
#1270 = ORIENTED_EDGE ( 'NONE', *, *, #201, .T. ) ;
#1271 = DIRECTION ( 'NONE',  ( -1.000000000000000000, 0.0000000000000000000, 0.0000000000000000000 ) ) ;
#1272 = DIRECTION ( 'NONE',  ( 0.0000000000000000000, 0.0000000000000000000, -1.000000000000000000 ) ) ;
#1273 = EDGE_CURVE ( 'NONE', #755, #13, #469, .T. ) ;
#1274 = PLANE ( 'NONE',  #846 ) ;
#1275 = PLANE ( 'NONE',  #451 ) ;
#1276 = ADVANCED_FACE ( 'NONE', ( #1139 ), #400, .F. ) ;
#1277 = CARTESIAN_POINT ( 'NONE',  ( -1.250000000000004900, 13.50000000000000200, 100.0124999999999900 ) ) ;
#1278 = EDGE_CURVE ( 'NONE', #605, #384, #299, .T. ) ;
#1279 = LINE ( 'NONE', #1277, #347 ) ;
#1280 = CARTESIAN_POINT ( 'NONE',  ( 0.0000000000000000000, -13.50000000000000200, 100.0124999999999900 ) ) ;
#1281 = EDGE_LOOP ( 'NONE', ( #490, #25, #54, #652, #421, #1250, #1092, #359, #778, #313, #1182, #1156, #947, #1334, #994, #1252, #423, #43, #813, #10 ) ) ;
#1282 = CIRCLE ( 'NONE', #729, 3.149999999999993200 ) ;
#1283 = CARTESIAN_POINT ( 'NONE',  ( -6.249999999999998200, 12.49999999999999800, 100.0124999999999900 ) ) ;
#1284 = EDGE_LOOP ( 'NONE', ( #1179, #934, #661, #177 ) ) ;
#1285 = FACE_OUTER_BOUND ( 'NONE', #970, .T. ) ;
#1286 = ORIENTED_EDGE ( 'NONE', *, *, #1410, .F. ) ;
#1287 = ORIENTED_EDGE ( 'NONE', *, *, #184, .T. ) ;
#1288 = CARTESIAN_POINT ( 'NONE',  ( -5.204170427930421300E-015, 6.447450340438555600E-015, 56.64999999999999900 ) ) ;
#1289 = DATE_AND_TIME ( #102, #462 ) ;
#1290 = DIRECTION ( 'NONE',  ( 2.168404344971007900E-016, 1.000000000000000000, 0.0000000000000000000 ) ) ;
#1291 = DIRECTION ( 'NONE',  ( 0.0000000000000000000, 1.853337046983767800E-016, 1.000000000000000000 ) ) ;
#1292 = PLANE ( 'NONE',  #1090 ) ;
#1293 = DIRECTION ( 'NONE',  ( 0.0000000000000000000, 0.0000000000000000000, -1.000000000000000000 ) ) ;
#1294 = CARTESIAN_POINT ( 'NONE',  ( 0.0000000000000000000, -13.50000000000000200, 100.0124999999999900 ) ) ;
#1295 = FACE_OUTER_BOUND ( 'NONE', #697, .T. ) ;
#1296 = ORIENTED_EDGE ( 'NONE', *, *, #396, .T. ) ;
#1297 = LINE ( 'NONE', #740, #331 ) ;
#1298 = EDGE_CURVE ( 'NONE', #966, #773, #1216, .T. ) ;
#1299 = VERTEX_POINT ( 'NONE', #722 ) ;
#1300 = CARTESIAN_POINT ( 'NONE',  ( -7.499999999999999100, -3.149999999999997700, 81.65000000000002000 ) ) ;
#1301 = CIRCLE ( 'NONE', #140, 0.2500000000000000000 ) ;
#1302 = ORIENTED_EDGE ( 'NONE', *, *, #1105, .T. ) ;
#1303 = CARTESIAN_POINT ( 'NONE',  ( -1.000000000000005300, 3.149999999999989300, 31.64999999999999900 ) ) ;
#1304 = ORIENTED_EDGE ( 'NONE', *, *, #311, .T. ) ;
#1305 = VERTEX_POINT ( 'NONE', #19 ) ;
#1306 = CARTESIAN_POINT ( 'NONE',  ( -1.000000000000004900, 12.25000000000000000, 0.0000000000000000000 ) ) ;
#1307 = DIRECTION ( 'NONE',  ( -0.0000000000000000000, -0.0000000000000000000, 1.000000000000000000 ) ) ;
#1308 = EDGE_CURVE ( 'NONE', #999, #301, #61, .T. ) ;
#1309 = CARTESIAN_POINT ( 'NONE',  ( -1.000000000000002700, 1.316432297668952700E-014, 68.34999999999999400 ) ) ;
#1310 = DIRECTION ( 'NONE',  ( 2.168404344971007900E-016, 1.000000000000000000, 0.0000000000000000000 ) ) ;
#1311 = ORIENTED_EDGE ( 'NONE', *, *, #708, .F. ) ;
#1312 = DIRECTION ( 'NONE',  ( -1.000000000000000000, -1.836970198721030200E-016, 0.0000000000000000000 ) ) ;
#1313 = VECTOR ( 'NONE', #1154, 1000.000000000000000 ) ;
#1314 = DIRECTION ( 'NONE',  ( 0.0000000000000000000, 0.0000000000000000000, -1.000000000000000000 ) ) ;
#1315 = ORIENTED_EDGE ( 'NONE', *, *, #863, .F. ) ;
#1316 = VECTOR ( 'NONE', #1310, 1000.000000000000000 ) ;
#1317 = ORIENTED_EDGE ( 'NONE', *, *, #239, .T. ) ;
#1318 = CIRCLE ( 'NONE', #242, 3.149999999999999900 ) ;
#1319 = EDGE_LOOP ( 'NONE', ( #545, #669, #338, #897 ) ) ;
#1320 = PLANE ( 'NONE',  #1067 ) ;
#1321 = CARTESIAN_POINT ( 'NONE',  ( -7.499999999999999100, -3.149999999999997700, 31.65000000000000600 ) ) ;
#1322 = LINE ( 'NONE', #895, #1430 ) ;
#1323 = DIRECTION ( 'NONE',  ( -1.000000000000000000, 2.168404344971008400E-016, 0.0000000000000000000 ) ) ;
#1324 = AXIS2_PLACEMENT_3D ( 'NONE', #323, #1008, #1476 ) ;
#1325 = DIRECTION ( 'NONE',  ( -0.0000000000000000000, -0.0000000000000000000, 1.000000000000000000 ) ) ;
#1326 = VECTOR ( 'NONE', #1136, 1000.000000000000000 ) ;
#1327 = ORIENTED_EDGE ( 'NONE', *, *, #328, .T. ) ;
#1328 = FACE_OUTER_BOUND ( 'NONE', #220, .T. ) ;
#1329 = VERTEX_POINT ( 'NONE', #361 ) ;
#1330 = CARTESIAN_POINT ( 'NONE',  ( -7.499999999999999100, 13.50000000000000000, 100.0124999999999900 ) ) ;
#1331 = VECTOR ( 'NONE', #519, 1000.000000000000000 ) ;
#1332 = EDGE_CURVE ( 'NONE', #13, #650, #152, .T. ) ;
#1333 = EDGE_LOOP ( 'NONE', ( #283, #1438, #741, #136 ) ) ;
#1334 = ORIENTED_EDGE ( 'NONE', *, *, #1078, .T. ) ;
#1335 = AXIS2_PLACEMENT_3D ( 'NONE', #503, #265, #613 ) ;
#1336 = EDGE_LOOP ( 'NONE', ( #1041, #910, #641, #847 ) ) ;
#1337 = DIRECTION ( 'NONE',  ( 2.168404344971007900E-016, 1.000000000000000000, 0.0000000000000000000 ) ) ;
#1338 = CALENDAR_DATE ( 2021, 26, 8 ) ;
#1339 = CARTESIAN_POINT ( 'NONE',  ( -3.058555380870513300E-015, 3.149999999999991000, 31.64999999999999900 ) ) ;
#1340 = DIRECTION ( 'NONE',  ( 0.0000000000000000000, 1.776356839400250300E-015, -1.000000000000000000 ) ) ;
#1341 = EDGE_CURVE ( 'NONE', #230, #836, #415, .T. ) ;
#1342 = DIRECTION ( 'NONE',  ( -1.000000000000000000, 0.0000000000000000000, 0.0000000000000000000 ) ) ;
#1343 = ORIENTED_EDGE ( 'NONE', *, *, #407, .F. ) ;
#1344 = DIRECTION ( 'NONE',  ( 1.000000000000000000, 0.0000000000000000000, 0.0000000000000000000 ) ) ;
#1345 = CYLINDRICAL_SURFACE ( 'NONE', #868, 0.2500000000000002200 ) ;
#1346 = ORIENTED_EDGE ( 'NONE', *, *, #1445, .T. ) ;
#1347 = VECTOR ( 'NONE', #746, 1000.000000000000000 ) ;
#1348 = FACE_BOUND ( 'NONE', #856, .T. ) ;
#1349 = DIRECTION ( 'NONE',  ( 0.0000000000000000000, 1.000000000000000000, -1.853337046983767800E-016 ) ) ;
#1350 = VERTEX_POINT ( 'NONE', #1068 ) ;
#1351 = EDGE_CURVE ( 'NONE', #384, #1115, #383, .T. ) ;
#1352 = DIRECTION ( 'NONE',  ( 1.000000000000000000, -0.0000000000000000000, -0.0000000000000000000 ) ) ;
#1353 = CARTESIAN_POINT ( 'NONE',  ( -1.250000000000000400, -13.50000000000000200, 0.0000000000000000000 ) ) ;
#1354 = CARTESIAN_POINT ( 'NONE',  ( -1.250000000000004900, 13.50000000000000200, 0.0000000000000000000 ) ) ;
#1355 = DIRECTION ( 'NONE',  ( -1.000000000000000000, -1.836970198721030200E-016, 0.0000000000000000000 ) ) ;
#1356 = ADVANCED_FACE ( 'NONE', ( #1295 ), #1178, .F. ) ;
#1357 = AXIS2_PLACEMENT_3D ( 'NONE', #1443, #1312, #878 ) ;
#1358 = VECTOR ( 'NONE', #340, 1000.000000000000000 ) ;
#1359 = ORIENTED_EDGE ( 'NONE', *, *, #660, .F. ) ;
#1360 = VECTOR ( 'NONE', #1352, 1000.000000000000000 ) ;
#1361 = PERSON_AND_ORGANIZATION_ROLE ( 'creator' ) ;
#1362 = ORIENTED_EDGE ( 'NONE', *, *, #396, .F. ) ;
#1363 = FACE_OUTER_BOUND ( 'NONE', #315, .T. ) ;
#1364 = ORIENTED_EDGE ( 'NONE', *, *, #1278, .T. ) ;
#1365 = DIRECTION ( 'NONE',  ( 1.000000000000000000, 0.0000000000000000000, 0.0000000000000000000 ) ) ;
#1366 = ORIENTED_EDGE ( 'NONE', *, *, #1078, .F. ) ;
#1367 = APPROVAL_STATUS ( 'not_yet_approved' ) ;
#1368 = VERTEX_POINT ( 'NONE', #820 ) ;
#1369 = DIRECTION ( 'NONE',  ( 0.0000000000000000000, 1.000000000000000000, -1.853337046983767800E-016 ) ) ;
#1370 = EDGE_CURVE ( 'NONE', #337, #138, #77, .T. ) ;
#1371 = DATE_AND_TIME ( #1338, #236 ) ;
#1372 = CC_DESIGN_PERSON_AND_ORGANIZATION_ASSIGNMENT ( #678, #1361, ( #842 ) ) ;
#1373 = CARTESIAN_POINT ( 'NONE',  ( -6.499999999999998200, -17.50000000000000000, 100.0124999999999900 ) ) ;
#1374 = ADVANCED_FACE ( 'NONE', ( #921 ), #2, .T. ) ;
#1375 = CARTESIAN_POINT ( 'NONE',  ( -1.000000000000000200, -12.25000000000000000, 100.0124999999999900 ) ) ;
#1376 = EDGE_CURVE ( 'NONE', #1000, #541, #896, .T. ) ;
#1377 = CARTESIAN_POINT ( 'NONE',  ( -1.250000000000004900, 12.25000000000000000, 100.0124999999999900 ) ) ;
#1378 = AXIS2_PLACEMENT_3D ( 'NONE', #862, #399, #1453 ) ;
#1379 = ORIENTED_EDGE ( 'NONE', *, *, #637, .F. ) ;
#1380 = FACE_OUTER_BOUND ( 'NONE', #1336, .T. ) ;
#1381 = ORIENTED_EDGE ( 'NONE', *, *, #875, .T. ) ;
#1382 = ADVANCED_FACE ( 'NONE', ( #993, #1198, #880, #576, #282 ), #262, .T. ) ;
#1383 = CIRCLE ( 'NONE', #539, 3.149999999999993700 ) ;
#1384 = CARTESIAN_POINT ( 'NONE',  ( -5.204170427930421300E-015, 6.447450340438555600E-015, 28.50000000000000400 ) ) ;
#1385 = ORIENTED_EDGE ( 'NONE', *, *, #260, .T. ) ;
#1386 = CARTESIAN_POINT ( 'NONE',  ( -7.499999999999999100, 3.149999999999989300, 81.65000000000000600 ) ) ;
#1387 = CIRCLE ( 'NONE', #15, 3.149999999999993700 ) ;
#1388 = DIRECTION ( 'NONE',  ( 0.0000000000000000000, 0.0000000000000000000, -1.000000000000000000 ) ) ;
#1389 = ORIENTED_EDGE ( 'NONE', *, *, #125, .T. ) ;
#1390 = CARTESIAN_POINT ( 'NONE',  ( 0.0000000000000000000, -13.50000000000000200, 100.0124999999999900 ) ) ;
#1391 = AXIS2_PLACEMENT_3D ( 'NONE', #973, #979, #986 ) ;
#1392 = ADVANCED_FACE ( 'NONE', ( #312 ), #1275, .F. ) ;
#1393 = DIRECTION ( 'NONE',  ( 0.0000000000000000000, 1.000000000000000000, -1.853337046983767800E-016 ) ) ;
#1394 = DIRECTION ( 'NONE',  ( 1.000000000000000000, -0.0000000000000000000, -0.0000000000000000000 ) ) ;
#1395 = DIRECTION ( 'NONE',  ( 1.000000000000000000, -0.0000000000000000000, -0.0000000000000000000 ) ) ;
#1396 = DIRECTION ( 'NONE',  ( -2.168404344971007900E-016, 1.000000000000000000, -0.0000000000000000000 ) ) ;
#1397 = LINE ( 'NONE', #1133, #960 ) ;
#1398 = EDGE_LOOP ( 'NONE', ( #1017, #1207, #1359, #172 ) ) ;
#1399 = CARTESIAN_POINT ( 'NONE',  ( -5.204170427930421300E-015, 6.447450340438555600E-015, 31.64999999999999900 ) ) ;
#1400 = LINE ( 'NONE', #1428, #1466 ) ;
#1401 = CARTESIAN_POINT ( 'NONE',  ( -6.499999999999998200, 17.50000000000000000, 0.0000000000000000000 ) ) ;
#1402 = AXIS2_PLACEMENT_3D ( 'NONE', #1253, #1271, #573 ) ;
#1403 = ORIENTED_EDGE ( 'NONE', *, *, #698, .F. ) ;
#1404 = CIRCLE ( 'NONE', #413, 1.250000000000000000 ) ;
#1405 = EDGE_LOOP ( 'NONE', ( #1270, #833, #354, #246 ) ) ;
#1406 = ORIENTED_EDGE ( 'NONE', *, *, #79, .T. ) ;
#1407 = CARTESIAN_POINT ( 'NONE',  ( -1.250000000000000000, -12.50000000000000000, 0.0000000000000000000 ) ) ;
#1408 = ORIENTED_EDGE ( 'NONE', *, *, #720, .T. ) ;
#1409 = ORIENTED_EDGE ( 'NONE', *, *, #1158, .T. ) ;
#1410 = EDGE_CURVE ( 'NONE', #1094, #418, #307, .T. ) ;
#1411 = COORDINATED_UNIVERSAL_TIME_OFFSET ( 6, 0, .BEHIND. ) ;
#1412 = CARTESIAN_POINT ( 'NONE',  ( -1.250000000000000400, -13.50000000000000200, 100.0124999999999900 ) ) ;
#1413 = AXIS2_PLACEMENT_3D ( 'NONE', #200, #505, #1429 ) ;
#1414 = CARTESIAN_POINT ( 'NONE',  ( -5.204170427930421300E-015, 6.447450340438555600E-015, 81.65000000000000600 ) ) ;
#1415 = CARTESIAN_POINT ( 'NONE',  ( -7.499999999999999100, 3.149999999999989300, 31.64999999999999900 ) ) ;
#1416 = DIRECTION ( 'NONE',  ( 0.0000000000000000000, 0.0000000000000000000, -1.000000000000000000 ) ) ;
#1417 = DIRECTION ( 'NONE',  ( -1.000000000000000000, -1.836970198721030200E-016, 0.0000000000000000000 ) ) ;
#1418 = ORIENTED_EDGE ( 'NONE', *, *, #609, .F. ) ;
#1419 = LINE ( 'NONE', #309, #450 ) ;
#1420 = AXIS2_PLACEMENT_3D ( 'NONE', #1138, #680, #1344 ) ;
#1421 = VERTEX_POINT ( 'NONE', #233 ) ;
#1422 = VECTOR ( 'NONE', #1061, 1000.000000000000000 ) ;
#1423 = EDGE_LOOP ( 'NONE', ( #1231, #1381, #438, #27 ) ) ;
#1424 = DIRECTION ( 'NONE',  ( 2.065146995210488900E-016, -1.000000000000000000, 0.0000000000000000000 ) ) ;
#1425 = CARTESIAN_POINT ( 'NONE',  ( -6.499999999999999100, 13.75000000000000000, 0.0000000000000000000 ) ) ;
#1426 = VECTOR ( 'NONE', #807, 1000.000000000000000 ) ;
#1427 = ORIENTED_EDGE ( 'NONE', *, *, #271, .T. ) ;
#1428 = CARTESIAN_POINT ( 'NONE',  ( -7.499999999999999100, -3.149999999999995500, 43.35000000000000100 ) ) ;
#1429 = DIRECTION ( 'NONE',  ( 2.065146995210488900E-016, -1.000000000000000000, 0.0000000000000000000 ) ) ;
#1430 = VECTOR ( 'NONE', #94, 1000.000000000000000 ) ;
#1431 = EDGE_CURVE ( 'NONE', #252, #393, #1322, .T. ) ;
#1432 = VERTEX_POINT ( 'NONE', #550 ) ;
#1433 = DIRECTION ( 'NONE',  ( 2.065146995210488900E-016, -1.000000000000000000, 0.0000000000000000000 ) ) ;
#1434 = CARTESIAN_POINT ( 'NONE',  ( -2.210039514895873900E-015, -3.149999999999996400, 93.35000000000002300 ) ) ;
#1435 = LINE ( 'NONE', #1055, #431 ) ;
#1436 = VERTEX_POINT ( 'NONE', #553 ) ;
#1437 = FACE_OUTER_BOUND ( 'NONE', #1319, .T. ) ;
#1438 = ORIENTED_EDGE ( 'NONE', *, *, #1370, .F. ) ;
#1439 = VECTOR ( 'NONE', #956, 1000.000000000000000 ) ;
#1440 = AXIS2_PLACEMENT_3D ( 'NONE', #208, #99, #335 ) ;
#1441 = ORIENTED_EDGE ( 'NONE', *, *, #883, .F. ) ;
#1442 = ORIENTED_EDGE ( 'NONE', *, *, #616, .T. ) ;
#1443 = CARTESIAN_POINT ( 'NONE',  ( -1.000000000000002700, 1.316432297668952700E-014, 18.35000000000000100 ) ) ;
#1444 = EDGE_LOOP ( 'NONE', ( #851, #1458, #1362, #194, #558 ) ) ;
#1445 = EDGE_CURVE ( 'NONE', #1436, #1121, #876, .T. ) ;
#1446 = AXIS2_PLACEMENT_3D ( 'NONE', #540, #1451, #1129 ) ;
#1447 = DIRECTION ( 'NONE',  ( 0.0000000000000000000, 0.0000000000000000000, -1.000000000000000000 ) ) ;
#1448 = ORIENTED_EDGE ( 'NONE', *, *, #720, .F. ) ;
#1449 = LINE ( 'NONE', #758, #542 ) ;
#1450 = ORIENTED_EDGE ( 'NONE', *, *, #103, .T. ) ;
#1451 = DIRECTION ( 'NONE',  ( 0.0000000000000000000, -1.000000000000000000, 1.853337046983768600E-016 ) ) ;
#1452 = LINE ( 'NONE', #968, #1125 ) ;
#1453 = DIRECTION ( 'NONE',  ( -1.000000000000000000, 0.0000000000000000000, 0.0000000000000000000 ) ) ;
#1454 = EDGE_CURVE ( 'NONE', #1012, #541, #181, .T. ) ;
#1455 = ORIENTED_EDGE ( 'NONE', *, *, #708, .T. ) ;
#1456 = VECTOR ( 'NONE', #1290, 1000.000000000000000 ) ;
#1457 = EDGE_LOOP ( 'NONE', ( #420, #687, #595, #929 ) ) ;
#1458 = ORIENTED_EDGE ( 'NONE', *, *, #162, .F. ) ;
#1459 = CARTESIAN_POINT ( 'NONE',  ( -7.499999999999999100, 6.447450340438555600E-015, 56.64999999999999900 ) ) ;
#1460 = CYLINDRICAL_SURFACE ( 'NONE', #293, 3.149999999999993200 ) ;
#1461 = DIRECTION ( 'NONE',  ( -1.000000000000000000, 0.0000000000000000000, 0.0000000000000000000 ) ) ;
#1462 = AXIS2_PLACEMENT_3D ( 'NONE', #375, #619, #964 ) ;
#1463 = DIRECTION ( 'NONE',  ( -1.000000000000000000, -1.836970198721029900E-016, 0.0000000000000000000 ) ) ;
#1464 = VECTOR ( 'NONE', #1176, 1000.000000000000000 ) ;
#1465 = ORIENTED_EDGE ( 'NONE', *, *, #169, .T. ) ;
#1466 = VECTOR ( 'NONE', #183, 1000.000000000000000 ) ;
#1467 = ORIENTED_EDGE ( 'NONE', *, *, #1116, .T. ) ;
#1468 = ADVANCED_FACE ( 'NONE', ( #212 ), #1248, .T. ) ;
#1469 = CARTESIAN_POINT ( 'NONE',  ( -1.000000000000002000, -3.149999999999982600, 125.0125000000000000 ) ) ;
#1470 = DIRECTION ( 'NONE',  ( 0.0000000000000000000, 0.0000000000000000000, -1.000000000000000000 ) ) ;
#1471 = ORIENTED_EDGE ( 'NONE', *, *, #197, .T. ) ;
#1472 = ORIENTED_EDGE ( 'NONE', *, *, #1273, .T. ) ;
#1473 = AXIS2_PLACEMENT_3D ( 'NONE', #465, #788, #445 ) ;
#1474 = PLANE ( 'NONE',  #56 ) ;
#1475 = CARTESIAN_POINT ( 'NONE',  ( -1.000000000000003100, 3.150000000000007000, 100.0124999999999900 ) ) ;
#1476 = DIRECTION ( 'NONE',  ( 2.065146995210488900E-016, -1.000000000000000000, 0.0000000000000000000 ) ) ;
#1477 = ADVANCED_FACE ( 'NONE', ( #784 ), #1460, .F. ) ;
#1478 = CARTESIAN_POINT ( 'NONE',  ( -1.000000000000003100, 3.149999999999991900, 18.35000000000000500 ) ) ;
#1479 = EDGE_CURVE ( 'NONE', #1115, #966, #479, .T. ) ;
#1480 = PERSON_AND_ORGANIZATION_ROLE ( 'design_supplier' ) ;
#1481 = DIRECTION ( 'NONE',  ( 2.168404344971008400E-016, -1.000000000000000000, 0.0000000000000000000 ) ) ;
ENDSEC;
END-ISO-10303-21;
