ISO-10303-21;
HEADER;
FILE_DESCRIPTION (( 'STEP AP203' ),
    '1' );
FILE_NAME ('85985K161_Locking Panel Plugs.STEP',
    '2023-06-28T13:14:07',
    ( 'Administrator' ),
    ( 'Managed by Terraform' ),
    'SwSTEP 2.0',
    'SolidWorks 2017',
    '' );
FILE_SCHEMA (( 'CONFIG_CONTROL_DESIGN' ));
ENDSEC;

DATA;
#1 = EDGE_LOOP ( 'NONE', ( #6457, #3149, #3881, #2173, #213, #5542, #6151, #2005, #3185, #1467 ) ) ;
#2 = B_SPLINE_CURVE_WITH_KNOTS ( 'NONE', 3,
 ( #5307, #6018, #6676, #6070 ),
 .UNSPECIFIED., .F., .F.,
 ( 4, 4 ),
 ( 0.0000000000000000000, 0.0001336939827389734200 ),
 .UNSPECIFIED. ) ;
#3 = CARTESIAN_POINT ( 'NONE',  ( 10.61118938525953200, 0.0000000000000000000, 2.898734177215196900 ) ) ;
#4 = EDGE_LOOP ( 'NONE', ( #5386, #1739, #3282, #1139 ) ) ;
#5 =( BOUNDED_SURFACE ( )  B_SPLINE_SURFACE ( 3, 2, ( 
 ( #4945, #3814, #145 ),
 ( #7462, #1994, #6253 ),
 ( #1292, #1941, #3789 ),
 ( #113, #4439, #769 ),
 ( #2589, #3708, #5054 ),
 ( #4330, #6226, #6807 ) ),
 .UNSPECIFIED., .F., .F., .F. ) 
 B_SPLINE_SURFACE_WITH_KNOTS ( ( 4, 2, 4 ),
 ( 3, 3 ),
 ( 0.0000000000000000000, 0.0002182940002928773800, 0.0004365880005857547700 ),
 ( 0.0000000000000000000, 1.000000000000000000 ),
 .UNSPECIFIED. ) 
 GEOMETRIC_REPRESENTATION_ITEM ( )  RATIONAL_B_SPLINE_SURFACE ( (
 ( 1.000000000000000000, 0.7071067811865475700, 1.000000000000000000),
 ( 1.000000000000000000, 0.7295290222614846400, 1.000000000000000000),
 ( 1.000000000000000000, 0.7511728988073611600, 1.000000000000000000),
 ( 1.000000000000000000, 0.7820564751305587600, 1.000000000000000000),
 ( 1.000000000000000000, 0.7912876128214131300, 1.000000000000000000),
 ( 1.000000000000000000, 0.7911779801407702300, 1.000000000000000000) ) ) 
 REPRESENTATION_ITEM ( '' )  SURFACE ( )  );
#6 = ORIENTED_EDGE ( 'NONE', *, *, #4014, .T. ) ;
#7 = CARTESIAN_POINT ( 'NONE',  ( -9.112379733621850200, -0.8041666666666667000, -0.6770833333333347000 ) ) ;
#8 = ORIENTED_EDGE ( 'NONE', *, *, #608, .T. ) ;
#9 = DIRECTION ( 'NONE',  ( 0.0000000000000000000, 1.000000000000000000, 0.0000000000000000000 ) ) ;
#10 = CARTESIAN_POINT ( 'NONE',  ( 8.986953624920394300, -0.9024448255406859500, 0.4858769115583413400 ) ) ;
#11 = DIRECTION ( 'NONE',  ( 0.0000000000000000000, 0.0000000000000000000, -1.000000000000000000 ) ) ;
#12 = DIRECTION ( 'NONE',  ( 0.0000000000000000000, -1.000000000000000000, 0.0000000000000000000 ) ) ;
#13 = CARTESIAN_POINT ( 'NONE',  ( -8.307961426467450400, -8.507953085083517700, -3.666666666666670500 ) ) ;
#14 = EDGE_LOOP ( 'NONE', ( #1841, #3601, #3264, #6377 ) ) ;
#15 = CIRCLE ( 'NONE', #677, 0.1375000000000000400 ) ;
#16 = ORIENTED_EDGE ( 'NONE', *, *, #6928, .F. ) ;
#17 = CARTESIAN_POINT ( 'NONE',  ( -10.63933082173411800, -8.323592968122445900, -2.897221634347996400 ) ) ;
#18 = COORDINATED_UNIVERSAL_TIME_OFFSET ( 6, 0, .BEHIND. ) ;
#19 = ADVANCED_FACE ( 'NONE', ( #5720 ), #1331, .T. ) ;
#20 = CARTESIAN_POINT ( 'NONE',  ( 8.546978422949383300, -0.9549906887783861100, -2.819425444596477300 ) ) ;
#21 = DIRECTION ( 'NONE',  ( 0.0000000000000000000, 1.000000000000000000, 0.0000000000000000000 ) ) ;
#22 = ORIENTED_EDGE ( 'NONE', *, *, #3296, .T. ) ;
#23 = CARTESIAN_POINT ( 'NONE',  ( 10.98202879833879600, -0.8041666666666665900, -0.6309133826629073100 ) ) ;
#24 = CARTESIAN_POINT ( 'NONE',  ( 10.99640388961048000, -8.557157249430146000, -0.3113798515567408600 ) ) ;
#25 = EDGE_CURVE ( 'NONE', #3637, #1647, #1995, .T. ) ;
#26 = LINE ( 'NONE', #3886, #4837 ) ;
#27 = AXIS2_PLACEMENT_3D ( 'NONE', #2278, #5943, #6556 ) ;
#28 = AXIS2_PLACEMENT_3D ( 'NONE', #568, #1149, #5431 ) ;
#29 = CARTESIAN_POINT ( 'NONE',  ( -13.00000000000000000, -3.189583333333334100, -3.000000000000007500 ) ) ;
#30 = ORIENTED_EDGE ( 'NONE', *, *, #751, .F. ) ;
#31 = CARTESIAN_POINT ( 'NONE',  ( 11.00055430152002600, -8.433532612369640800, -0.3333333333343166400 ) ) ;
#32 = VERTEX_POINT ( 'NONE', #1806 ) ;
#33 = LINE ( 'NONE', #691, #714 ) ;
#34 = CARTESIAN_POINT ( 'NONE',  ( -11.52490872554273900, -6.059245009825816400, -0.3333333333333340400 ) ) ;
#35 = ORIENTED_EDGE ( 'NONE', *, *, #6262, .T. ) ;
#36 = DIRECTION ( 'NONE',  ( -0.9925769624232591000, 0.1216181469461528500, 0.0000000000000000000 ) ) ;
#37 = EDGE_CURVE ( 'NONE', #217, #2979, #944, .T. ) ;
#38 = FACE_OUTER_BOUND ( 'NONE', #3636, .T. ) ;
#39 = DIRECTION ( 'NONE',  ( 0.0000000000000000000, -1.000000000000000000, 1.219727444046190300E-016 ) ) ;
#40 = DIRECTION ( 'NONE',  ( -0.2906976744186061700, 0.0000000000000000000, -0.9568149570777069200 ) ) ;
#41 = ORIENTED_EDGE ( 'NONE', *, *, #2108, .T. ) ;
#42 = DIRECTION ( 'NONE',  ( 0.0000000000000000000, 0.0000000000000000000, 1.000000000000000000 ) ) ;
#43 = CYLINDRICAL_SURFACE ( 'NONE', #2109, 0.1375000000000000400 ) ;
#44 = CARTESIAN_POINT ( 'NONE',  ( 10.48446196509711800, -8.416666666666671400, -3.000000000000004400 ) ) ;
#45 = CIRCLE ( 'NONE', #1365, 0.1374999999999999300 ) ;
#46 = CARTESIAN_POINT ( 'NONE',  ( 10.58352595058459200, -1.702723901778595100, 3.000000000000005800 ) ) ;
#47 = CARTESIAN_POINT ( 'NONE',  ( 8.975257740366295400, -0.8041666666656450700, -0.6668946648424570700 ) ) ;
#48 = ORIENTED_EDGE ( 'NONE', *, *, #3445, .F. ) ;
#49 = CARTESIAN_POINT ( 'NONE',  ( 11.85315241706704200, -2.561111111111112200, 0.4708333333333341600 ) ) ;
#50 = EDGE_CURVE ( 'NONE', #3486, #2904, #7929, .T. ) ;
#51 = AXIS2_PLACEMENT_3D ( 'NONE', #3689, #4309, #42 ) ;
#52 = CARTESIAN_POINT ( 'NONE',  ( -10.17458707870850900, -8.416666666666671400, -3.666666666666670500 ) ) ;
#53 = CARTESIAN_POINT ( 'NONE',  ( 10.63841276221551400, -0.8256198989674457000, 2.797461761028547500 ) ) ;
#54 = CARTESIAN_POINT ( 'NONE',  ( -10.85366701304006300, -8.560109495033506400, -0.3104678704833179800 ) ) ;
#55 = CIRCLE ( 'NONE', #1406, 0.1375000000000000400 ) ;
#56 = B_SPLINE_CURVE_WITH_KNOTS ( 'NONE', 3,
 ( #3425, #4582, #910, #3995, #5222, #2143 ),
 .UNSPECIFIED., .F., .F.,
 ( 4, 2, 4 ),
 ( 0.0000000000000000000, 0.0002148866555382546900, 0.0004297733110765093800 ),
 .UNSPECIFIED. ) ;
#57 = CARTESIAN_POINT ( 'NONE',  ( -11.85315241706703800, -4.889079012875070500, -0.3333333333333340900 ) ) ;
#58 = ORIENTED_EDGE ( 'NONE', *, *, #7485, .T. ) ;
#59 = DIRECTION ( 'NONE',  ( 0.0000000000000000000, 0.0000000000000000000, 1.000000000000000000 ) ) ;
#60 = CARTESIAN_POINT ( 'NONE',  ( -10.85800004235543500, -8.416666666666671400, 0.3333333333333338100 ) ) ;
#61 = DIRECTION ( 'NONE',  ( 0.0000000000000000000, -1.000000000000000000, 0.0000000000000000000 ) ) ;
#62 = ADVANCED_FACE ( 'NONE', ( #5355 ), #656, .T. ) ;
#63 = AXIS2_PLACEMENT_3D ( 'NONE', #1214, #5501, #1193 ) ;
#64 = FACE_OUTER_BOUND ( 'NONE', #7702, .T. ) ;
#65 = CARTESIAN_POINT ( 'NONE',  ( 0.0000000000000000000, -8.513508640916526800, 0.0000000000000000000 ) ) ;
#66 = DIRECTION ( 'NONE',  ( 0.0000000000000000000, 1.000000000000000000, 0.0000000000000000000 ) ) ;
#67 = CARTESIAN_POINT ( 'NONE',  ( 10.98966187822760600, -1.010416666666449100, -0.4767932489441840100 ) ) ;
#68 = CARTESIAN_POINT ( 'NONE',  ( -11.62797154374838500, -2.423611111111112000, 0.4708333333333340500 ) ) ;
#69 = CARTESIAN_POINT ( 'NONE',  ( 10.30337932021115100, -8.416666666666671400, -3.852320675105489000 ) ) ;
#70 = ORIENTED_EDGE ( 'NONE', *, *, #3141, .F. ) ;
#71 = CARTESIAN_POINT ( 'NONE',  ( -10.97113639147607200, -7.210677688373937900, -2.896202161516819600 ) ) ;
#72 = VECTOR ( 'NONE', #7078, 1000.000000000000000 ) ;
#73 = CIRCLE ( 'NONE', #6903, 11.00000000000000000 ) ;
#74 = EDGE_CURVE ( 'NONE', #5642, #2040, #5532, .T. ) ;
#75 = CARTESIAN_POINT ( 'NONE',  ( -13.00000000000000000, -3.189583333333334100, -0.3333333333333341500 ) ) ;
#76 = AXIS2_PLACEMENT_3D ( 'NONE', #1460, #154, #781 ) ;
#77 = CARTESIAN_POINT ( 'NONE',  ( 8.994773036184215100, -0.9221203293400610500, -0.3333336718299505000 ) ) ;
#78 = ORIENTED_EDGE ( 'NONE', *, *, #5852, .T. ) ;
#79 = DIRECTION ( 'NONE',  ( -0.9588258908323488100, 0.2839945616901012900, 0.0000000000000000000 ) ) ;
#80 = CARTESIAN_POINT ( 'NONE',  ( -11.64538703909961700, -4.921373980271975600, -2.895679662802958600 ) ) ;
#81 = CARTESIAN_POINT ( 'NONE',  ( 10.47854951794378300, 1.121274891931784600E-015, -2.862500000000005200 ) ) ;
#82 = EDGE_LOOP ( 'NONE', ( #2262, #6067, #1123, #7883, #6695, #5849, #2004, #6924, #5551, #5659, #4553, #6137, #6, #6125, #4325, #812, #99, #5872, #5165, #6552 ) ) ;
#83 = CARTESIAN_POINT ( 'NONE',  ( 11.85315241706703800, -3.189583333333333700, -0.4708333333333341600 ) ) ;
#84 = CARTESIAN_POINT ( 'NONE',  ( 10.85272318776254100, -8.485227356401077600, 0.3262062889250508800 ) ) ;
#85 = ORIENTED_EDGE ( 'NONE', *, *, #3407, .F. ) ;
#86 = EDGE_CURVE ( 'NONE', #7523, #1064, #2290, .T. ) ;
#87 = ORIENTED_EDGE ( 'NONE', *, *, #5613, .F. ) ;
#88 = CARTESIAN_POINT ( 'NONE',  ( -10.88442328056748900, -8.285609833563631500, -0.3333333333333339300 ) ) ;
#89 = CARTESIAN_POINT ( 'NONE',  ( 10.99588596675198300, -0.9179317694394595300, -0.3333335700735365300 ) ) ;
#90 = CARTESIAN_POINT ( 'NONE',  ( -9.125361489357985100, -8.503958251210997700, -0.3333333333333338100 ) ) ;
#91 = EDGE_LOOP ( 'NONE', ( #7927, #6244, #3210 ) ) ;
#92 = DIRECTION ( 'NONE',  ( 0.2413066385669130100, 0.0000000000000000000, -0.9704489199249681800 ) ) ;
#93 = EDGE_CURVE ( 'NONE', #6420, #4032, #429, .T. ) ;
#94 = EDGE_CURVE ( 'NONE', #2988, #1951, #7092, .T. ) ;
#95 = AXIS2_PLACEMENT_3D ( 'NONE', #4611, #936, #3311 ) ;
#96 = ORIENTED_EDGE ( 'NONE', *, *, #462, .F. ) ;
#97 = ORIENTED_EDGE ( 'NONE', *, *, #7782, .F. ) ;
#98 = CARTESIAN_POINT ( 'NONE',  ( 10.37862393557948900, -8.821082240448763700, 3.645707441478936800 ) ) ;
#99 = ORIENTED_EDGE ( 'NONE', *, *, #7437, .T. ) ;
#100 = ADVANCED_FACE ( 'NONE', ( #2088 ), #3458, .T. ) ;
#101 = CARTESIAN_POINT ( 'NONE',  ( 10.37821411215093400, -8.820436753249643000, -3.646873560542327900 ) ) ;
#102 = CARTESIAN_POINT ( 'NONE',  ( -11.64089380912402500, -4.953026027270260200, -2.895256698938531800 ) ) ;
#103 = VERTEX_POINT ( 'NONE', #1972 ) ;
#104 = ORIENTED_EDGE ( 'NONE', *, *, #6662, .T. ) ;
#105 = AXIS2_PLACEMENT_3D ( 'NONE', #6230, #7491, #151 ) ;
#106 = B_SPLINE_CURVE_WITH_KNOTS ( 'NONE', 3,
 ( #365, #1181, #5982, #549, #6087, #4216 ),
 .UNSPECIFIED., .F., .F.,
 ( 4, 2, 4 ),
 ( 0.0000000000000000000, 0.0002186379982943745900, 0.0004372759965887491800 ),
 .UNSPECIFIED. ) ;
#107 = CARTESIAN_POINT ( 'NONE',  ( 0.0000000000000000000, -9.790000000000002700, 0.0000000000000000000 ) ) ;
#108 = CARTESIAN_POINT ( 'NONE',  ( 8.459742119476741700, -8.748834971416004100, -3.419996761924743100 ) ) ;
#109 = CARTESIAN_POINT ( 'NONE',  ( -13.00000000000000000, -3.189583333333334100, -3.000000000000007500 ) ) ;
#110 = CYLINDRICAL_SURFACE ( 'NONE', #4437, 0.1375000000000000400 ) ;
#111 = EDGE_LOOP ( 'NONE', ( #6816, #1142, #2021, #3834 ) ) ;
#112 = ORIENTED_EDGE ( 'NONE', *, *, #5180, .F. ) ;
#113 = CARTESIAN_POINT ( 'NONE',  ( 11.14612968781162800, -2.358954577368346200, 2.893127816272245600 ) ) ;
#114 = CARTESIAN_POINT ( 'NONE',  ( -9.125361484468557500, -8.504776397863224700, 0.3333333333333337600 ) ) ;
#115 = CARTESIAN_POINT ( 'NONE',  ( 10.53272244899199400, -0.6666666666666664100, -2.656250000000006700 ) ) ;
#116 = CIRCLE ( 'NONE', #4224, 0.1374999999999995900 ) ;
#117 = PRODUCT_RELATED_PRODUCT_CATEGORY ( 'detail', '', ( #7090 ) ) ;
#118 = CARTESIAN_POINT ( 'NONE',  ( 11.64538703909961700, -3.189583333333333700, -2.895679662802956400 ) ) ;
#119 = CARTESIAN_POINT ( 'NONE',  ( -11.00055430152002600, -8.433532612369635500, 0.3333333333343171400 ) ) ;
#120 = CARTESIAN_POINT ( 'NONE',  ( -8.677557259966654600, -8.416666666666671400, 2.862499999999999800 ) ) ;
#121 = VECTOR ( 'NONE', #3455, 1000.000000000000000 ) ;
#122 = ORIENTED_EDGE ( 'NONE', *, *, #2398, .F. ) ;
#123 = ORIENTED_EDGE ( 'NONE', *, *, #1745, .T. ) ;
#124 = CARTESIAN_POINT ( 'NONE',  ( 10.47854951794378300, -1.010416666666667000, 2.862500000000006000 ) ) ;
#125 = FACE_OUTER_BOUND ( 'NONE', #606, .T. ) ;
#126 = CARTESIAN_POINT ( 'NONE',  ( -11.99054406784442300, -3.189583333333333700, -0.4762908324552168100 ) ) ;
#127 = CARTESIAN_POINT ( 'NONE',  ( 10.51271343193505100, -8.750412938263561800, -3.238977933005896800 ) ) ;
#128 = CARTESIAN_POINT ( 'NONE',  ( 11.51195031260993500, -4.889079012875069600, -3.000000000000008400 ) ) ;
#129 = CARTESIAN_POINT ( 'NONE',  ( -10.48446196509707600, -8.416666666666548800, 3.000000000000000900 ) ) ;
#130 = CARTESIAN_POINT ( 'NONE',  ( -10.24982962790655500, -8.704137476356095200, -3.520333720332987000 ) ) ;
#131 = CARTESIAN_POINT ( 'NONE',  ( 10.61118939763455100, -2.951291704125581300, -2.898734131914846300 ) ) ;
#132 = B_SPLINE_CURVE_WITH_KNOTS ( 'NONE', 3,
 ( #5857, #2189, #3410, #1652, #7741, #5206, #368, #4009, #2803, #7712 ),
 .UNSPECIFIED., .F., .F.,
 ( 4, 2, 2, 2, 4 ),
 ( 0.0000000000000000000, 0.0002842300269927371000, 0.0005684600539854742000, 0.0008526900809782112500, 0.001136920107970948400 ),
 .UNSPECIFIED. ) ;
#133 = VERTEX_POINT ( 'NONE', #1942 ) ;
#134 = AXIS2_PLACEMENT_3D ( 'NONE', #4421, #6268, #2033 ) ;
#135 = EDGE_LOOP ( 'NONE', ( #3712, #5814, #2822, #1346 ) ) ;
#136 = VECTOR ( 'NONE', #190, 1000.000000000000000 ) ;
#137 = EDGE_CURVE ( 'NONE', #1621, #4055, #4965, .T. ) ;
#138 = CARTESIAN_POINT ( 'NONE',  ( -13.00000000000000000, -1.010416666666666500, -0.3333333333333342600 ) ) ;
#139 = CARTESIAN_POINT ( 'NONE',  ( 0.0000000000000000000, -3.189583333333333700, 0.0000000000000000000 ) ) ;
#140 = CARTESIAN_POINT ( 'NONE',  ( 11.85781578280286800, -2.561111111111112200, 0.3333333333333341500 ) ) ;
#141 = CARTESIAN_POINT ( 'NONE',  ( 11.00055430151966900, -8.433532612369523600, 0.3333333333333320900 ) ) ;
#142 = CIRCLE ( 'NONE', #1734, 10.86249999999999900 ) ;
#143 = ADVANCED_FACE ( 'NONE', ( #4206 ), #6503, .T. ) ;
#144 = ORIENTED_EDGE ( 'NONE', *, *, #4053, .T. ) ;
#145 = CARTESIAN_POINT ( 'NONE',  ( 11.27996010631243200, -2.561111111111112200, 3.000000000000005300 ) ) ;
#146 = CARTESIAN_POINT ( 'NONE',  ( 10.47763955056248600, -8.462559343371294700, 3.002362775106940200 ) ) ;
#147 = EDGE_CURVE ( 'NONE', #6273, #7248, #4016, .T. ) ;
#148 = AXIS2_PLACEMENT_3D ( 'NONE', #6183, #5536, #6686 ) ;
#149 = CARTESIAN_POINT ( 'NONE',  ( 0.0000000000000000000, -0.6666666666666666300, 1.677125235563511000E-017 ) ) ;
#150 = CARTESIAN_POINT ( 'NONE',  ( 10.66604804961214700, -0.8041666666666664700, -2.689873417721525800 ) ) ;
#151 = DIRECTION ( 'NONE',  ( 0.0000000000000000000, 0.0000000000000000000, 1.000000000000000000 ) ) ;
#152 = CARTESIAN_POINT ( 'NONE',  ( -11.55386589162312700, -2.403070131957143000, 0.4738614808968730200 ) ) ;
#153 = LINE ( 'NONE', #4770, #538 ) ;
#154 = DIRECTION ( 'NONE',  ( 0.0000000000000000000, -1.000000000000000000, 0.0000000000000000000 ) ) ;
#155 = DIRECTION ( 'NONE',  ( 1.000000000000000000, 0.0000000000000000000, 0.0000000000000000000 ) ) ;
#156 = CIRCLE ( 'NONE', #3229, 0.1375000000000008400 ) ;
#157 = AXIS2_PLACEMENT_3D ( 'NONE', #7836, #6590, #2792 ) ;
#158 = CARTESIAN_POINT ( 'NONE',  ( 10.86325338064789900, -8.372264427882340600, -0.3333333333333339300 ) ) ;
#159 = DIRECTION ( 'NONE',  ( 0.0000000000000000000, 0.0000000000000000000, 1.000000000000000000 ) ) ;
#160 = ORIENTED_EDGE ( 'NONE', *, *, #6617, .T. ) ;
#161 = CARTESIAN_POINT ( 'NONE',  ( 11.05554852454122600, -3.189583174719190900, -0.3333333333333341500 ) ) ;
#162 = ADVANCED_FACE ( 'NONE', ( #7272 ), #2381, .T. ) ;
#163 = B_SPLINE_CURVE_WITH_KNOTS ( 'NONE', 3,
 ( #4335, #3740, #230, #6922, #282, #2644 ),
 .UNSPECIFIED., .F., .F.,
 ( 4, 2, 4 ),
 ( 0.0000000000000000000, 0.0002707443806404696200, 0.0005414887612809392400 ),
 .UNSPECIFIED. ) ;
#164 = VECTOR ( 'NONE', #2914, 1000.000000000000000 ) ;
#165 = DIRECTION ( 'NONE',  ( 0.0000000000000000000, -1.000000000000000000, 0.0000000000000000000 ) ) ;
#166 = CARTESIAN_POINT ( 'NONE',  ( -11.63191935903348900, -4.984036849272101200, 2.894410177868505000 ) ) ;
#167 = DIRECTION ( 'NONE',  ( 0.0000000000000000000, 0.0000000000000000000, -1.000000000000000000 ) ) ;
#168 = AXIS2_PLACEMENT_3D ( 'NONE', #3171, #3143, #7420 ) ;
#169 = VERTEX_POINT ( 'NONE', #6197 ) ;
#170 = LINE ( 'NONE', #1909, #374 ) ;
#171 = CARTESIAN_POINT ( 'NONE',  ( -10.47579425945666500, -8.485227356401082900, 3.007127044408283800 ) ) ;
#172 = VERTEX_POINT ( 'NONE', #2537 ) ;
#173 = CARTESIAN_POINT ( 'NONE',  ( -9.128266393508832600, -8.590886292886834100, -0.2971871205832650200 ) ) ;
#174 = DIRECTION ( 'NONE',  ( -0.0000000000000000000, 1.000000000000000000, -0.0000000000000000000 ) ) ;
#175 = CARTESIAN_POINT ( 'NONE',  ( 11.51195031260993900, -4.908269608880768700, 3.000000000000003600 ) ) ;
#176 = CARTESIAN_POINT ( 'NONE',  ( 11.23728905727017800, 1.437280458815214200, 1.376171007507950200E-015 ) ) ;
#177 = EDGE_LOOP ( 'NONE', ( #855, #3082, #683, #6614 ) ) ;
#178 = VERTEX_POINT ( 'NONE', #4331 ) ;
#179 = EDGE_CURVE ( 'NONE', #2904, #4703, #7079, .T. ) ;
#180 = CARTESIAN_POINT ( 'NONE',  ( -9.125361484468557500, 2.000000000000000000, -0.4708333333333342100 ) ) ;
#181 = EDGE_LOOP ( 'NONE', ( #245, #3094, #3494, #7832 ) ) ;
#182 = ADVANCED_FACE ( 'NONE', ( #375 ), #1293, .F. ) ;
#183 = CARTESIAN_POINT ( 'NONE',  ( 11.20467811338918900, -7.172430905847720700, -0.3333333333333339800 ) ) ;
#184 = AXIS2_PLACEMENT_3D ( 'NONE', #5704, #3896, #1450 ) ;
#185 = CARTESIAN_POINT ( 'NONE',  ( -13.00000000000000000, -1.010416666666666500, 0.3333333333333342600 ) ) ;
#186 = DIRECTION ( 'NONE',  ( 0.9980554588870034200, 0.0000000000000000000, 0.06233218258534672900 ) ) ;
#187 = CARTESIAN_POINT ( 'NONE',  ( 8.677557259966645700, -8.416666666666671400, -3.000000000000004400 ) ) ;
#188 = ORIENTED_EDGE ( 'NONE', *, *, #7357, .F. ) ;
#189 = CARTESIAN_POINT ( 'NONE',  ( -10.37821411215095500, -8.820436753249644800, 3.646873560542274600 ) ) ;
#190 = DIRECTION ( 'NONE',  ( -1.000000000000000000, -0.0000000000000000000, -0.0000000000000000000 ) ) ;
#191 = ORIENTED_EDGE ( 'NONE', *, *, #1152, .F. ) ;
#192 = ORIENTED_EDGE ( 'NONE', *, *, #6942, .T. ) ;
#193 = CARTESIAN_POINT ( 'NONE',  ( -11.33671155742684200, -7.210414040761831300, -0.4763767350221364000 ) ) ;
#194 = CARTESIAN_POINT ( 'NONE',  ( 0.0000000000000000000, -2.168404344971008900E-015, 0.0000000000000000000 ) ) ;
#195 = ORIENTED_EDGE ( 'NONE', *, *, #2258, .T. ) ;
#196 = DIRECTION ( 'NONE',  ( 0.0000000000000000000, -1.000000000000000000, 0.0000000000000000000 ) ) ;
#197 = EDGE_CURVE ( 'NONE', #5670, #7889, #3613, .T. ) ;
#198 = ORIENTED_EDGE ( 'NONE', *, *, #3019, .F. ) ;
#199 = DIRECTION ( 'NONE',  ( 1.000000000000000000, -0.0000000000000000000, -0.0000000000000000000 ) ) ;
#200 = ORIENTED_EDGE ( 'NONE', *, *, #7765, .F. ) ;
#201 = CARTESIAN_POINT ( 'NONE',  ( -8.994773050389000000, -8.416666666666671400, -0.3333333333333337600 ) ) ;
#202 = ADVANCED_FACE ( 'NONE', ( #5624 ), #5442, .T. ) ;
#203 = CARTESIAN_POINT ( 'NONE',  ( -11.04065689612507800, -6.976124874080482200, -2.896020123450533800 ) ) ;
#204 = CARTESIAN_POINT ( 'NONE',  ( -11.60776418017886000, -4.976882328835232600, -3.000000000000008000 ) ) ;
#205 = ORIENTED_EDGE ( 'NONE', *, *, #4781, .T. ) ;
#206 = EDGE_CURVE ( 'NONE', #5276, #5455, #2193, .T. ) ;
#207 = EDGE_CURVE ( 'NONE', #2876, #1730, #1219, .T. ) ;
#208 = EDGE_LOOP ( 'NONE', ( #6249, #6182, #6532, #96 ) ) ;
#209 = CARTESIAN_POINT ( 'NONE',  ( 8.307961375826321800, -8.416666666666671400, 3.666666666666673200 ) ) ;
#210 = APPROVAL_ROLE ( '' ) ;
#211 = CARTESIAN_POINT ( 'NONE',  ( 11.99054406784442300, -4.889079012875070500, -0.4762908324552168600 ) ) ;
#212 = CARTESIAN_POINT ( 'NONE',  ( 8.997143216407641500, -8.836452394628487600, 0.2423672036284293400 ) ) ;
#213 = ORIENTED_EDGE ( 'NONE', *, *, #2895, .T. ) ;
#214 = CARTESIAN_POINT ( 'NONE',  ( -8.990860292034542000, -8.661169375035335300, -0.4143747746307441200 ) ) ;
#215 = CARTESIAN_POINT ( 'NONE',  ( 10.47854969384868800, -2.988000088148480500, -3.000000000000007500 ) ) ;
#216 = VECTOR ( 'NONE', #1183, 1000.000000000000000 ) ;
#217 = VERTEX_POINT ( 'NONE', #5130 ) ;
#218 = DATE_AND_TIME ( #2135, #3761 ) ;
#219 = CARTESIAN_POINT ( 'NONE',  ( 11.17389292030981800, -6.059485666573780600, -3.000000000000008900 ) ) ;
#220 = ORIENTED_EDGE ( 'NONE', *, *, #4038, .T. ) ;
#221 = CARTESIAN_POINT ( 'NONE',  ( 8.307961375826327100, -8.511408426890918500, 3.666666666666672700 ) ) ;
#222 = CARTESIAN_POINT ( 'NONE',  ( -11.34205444407575000, -7.212717477019153600, 0.3333333333333336500 ) ) ;
#223 = DIRECTION ( 'NONE',  ( 0.0000000000000000000, 0.0000000000000000000, -1.000000000000000000 ) ) ;
#224 = ADVANCED_FACE ( 'NONE', ( #6681 ), #2514, .T. ) ;
#225 = FACE_OUTER_BOUND ( 'NONE', #7865, .T. ) ;
#226 = DIRECTION ( 'NONE',  ( -0.0000000000000000000, 1.000000000000000000, -0.0000000000000000000 ) ) ;
#227 = ORIENTED_EDGE ( 'NONE', *, *, #6813, .T. ) ;
#228 = CARTESIAN_POINT ( 'NONE',  ( -8.994773050389000000, -8.416666666666671400, 0.3333333333333339800 ) ) ;
#229 = EDGE_CURVE ( 'NONE', #7204, #4293, #565, .T. ) ;
#230 = CARTESIAN_POINT ( 'NONE',  ( -10.84764120914009000, -0.7039910938979158100, -0.4973472583472478600 ) ) ;
#231 = VERTEX_POINT ( 'NONE', #6328 ) ;
#232 = CARTESIAN_POINT ( 'NONE',  ( -8.346066791473104400, -8.761865749498266400, -3.369165083306938000 ) ) ;
#233 = AXIS2_PLACEMENT_3D ( 'NONE', #7609, #3669, #7873 ) ;
#234 = LINE ( 'NONE', #4546, #5323 ) ;
#235 = CARTESIAN_POINT ( 'NONE',  ( 10.99360171968243300, -8.715056812913619700, 0.3845928868680059700 ) ) ;
#236 = CIRCLE ( 'NONE', #1829, 0.1375000000000003400 ) ;
#237 = ORIENTED_EDGE ( 'NONE', *, *, #660, .F. ) ;
#238 = PLANE ( 'NONE',  #418 ) ;
#239 = VECTOR ( 'NONE', #1614, 1000.000000000000000 ) ;
#240 = CARTESIAN_POINT ( 'NONE',  ( -10.99823602122230400, -8.850747275310149900, 0.2145412025140830100 ) ) ;
#241 = CARTESIAN_POINT ( 'NONE',  ( 10.17458707870849800, -8.416666666666671400, 3.666666666666673200 ) ) ;
#242 = CARTESIAN_POINT ( 'NONE',  ( 8.414725753821080900, -8.737722581663439000, 3.194058284803788600 ) ) ;
#243 = ADVANCED_FACE ( 'NONE', ( #4687 ), #6495, .T. ) ;
#244 = EDGE_CURVE ( 'NONE', #6044, #2994, #6880, .T. ) ;
#245 = ORIENTED_EDGE ( 'NONE', *, *, #3557, .T. ) ;
#246 = DIRECTION ( 'NONE',  ( 0.0000000000000000000, 0.0000000000000000000, 1.000000000000000000 ) ) ;
#247 = DIRECTION ( 'NONE',  ( 0.0000000000000000000, -1.000000000000000000, 0.0000000000000000000 ) ) ;
#248 = CARTESIAN_POINT ( 'NONE',  ( 8.677557259966651100, -8.511396155816667500, 2.999999999999999600 ) ) ;
#249 = CARTESIAN_POINT ( 'NONE',  ( 10.53272244899199500, -0.6666666666666669600, 2.656250000000005800 ) ) ;
#250 = FACE_OUTER_BOUND ( 'NONE', #4036, .T. ) ;
#251 = CARTESIAN_POINT ( 'NONE',  ( -10.17458707870851100, -8.416666666666671400, 3.666666666666673200 ) ) ;
#252 = EDGE_CURVE ( 'NONE', #1408, #4685, #4294, .T. ) ;
#253 = EDGE_CURVE ( 'NONE', #2495, #3486, #3015, .T. ) ;
#254 = CARTESIAN_POINT ( 'NONE',  ( 10.63933082173411800, -8.323592968122440500, -2.897221634347996400 ) ) ;
#255 = CARTESIAN_POINT ( 'NONE',  ( 8.742896670297549000, -0.6666666666666669600, 2.656250000000005800 ) ) ;
#256 = CARTESIAN_POINT ( 'NONE',  ( -10.61118938525953000, -1.010416666666666500, -2.898734177215196400 ) ) ;
#257 =( BOUNDED_SURFACE ( )  B_SPLINE_SURFACE ( 3, 2, ( 
 ( #2350, #7776, #1046 ),
 ( #7232, #4108, #1633 ),
 ( #2899, #4151, #7799 ),
 ( #401, #1660, #7748 ),
 ( #4689, #3571, #7847 ),
 ( #506, #5920, #5357 ),
 ( #3521, #2252, #4128 ),
 ( #1687, #2924, #4741 ),
 ( #481, #1068, #4797 ),
 ( #1095, #6531, #1118 ) ),
 .UNSPECIFIED., .F., .F., .F. ) 
 B_SPLINE_SURFACE_WITH_KNOTS ( ( 4, 2, 2, 2, 4 ),
 ( 3, 3 ),
 ( 0.0000000000000000000, 0.0003531829328094688400, 0.0007063658656189376700, 0.001059548798428406500, 0.001412731731237875300 ),
 ( 0.0000000000000000000, 1.000000000000000000 ),
 .UNSPECIFIED. ) 
 GEOMETRIC_REPRESENTATION_ITEM ( )  RATIONAL_B_SPLINE_SURFACE ( (
 ( 1.000000000000000000, 0.7933454013390665000, 1.000000000000000000),
 ( 1.000000000000000000, 0.7898115746116680700, 1.000000000000000000),
 ( 1.000000000000000000, 0.7794306575263154600, 1.000000000000000000),
 ( 1.000000000000000000, 0.7459973458090736200, 1.000000000000000000),
 ( 1.000000000000000000, 0.7224542362628606500, 1.000000000000000000),
 ( 1.000000000000000000, 0.6687679091548502900, 1.000000000000000000),
 ( 1.000000000000000000, 0.6377825282593674300, 1.000000000000000000),
 ( 1.000000000000000000, 0.5880245408043169900, 1.000000000000000000),
 ( 1.000000000000000000, 0.5695312435077898300, 1.000000000000000000),
 ( 1.000000000000000000, 0.5699951883726099800, 1.000000000000000000) ) ) 
 REPRESENTATION_ITEM ( '' )  SURFACE ( )  );
#258 = CARTESIAN_POINT ( 'NONE',  ( -12.92696701773796700, 0.5403851024289089100, 0.0000000000000000000 ) ) ;
#259 = CIRCLE ( 'NONE', #5515, 0.1375000000000001500 ) ;
#260 = DIRECTION ( 'NONE',  ( -1.000000000000000000, -0.0000000000000000000, -0.0000000000000000000 ) ) ;
#261 = CARTESIAN_POINT ( 'NONE',  ( -10.85415376385979200, -8.439682309904021900, -0.3333333333333338100 ) ) ;
#262 = VERTEX_POINT ( 'NONE', #7030 ) ;
#263 = FACE_OUTER_BOUND ( 'NONE', #6770, .T. ) ;
#264 = CARTESIAN_POINT ( 'NONE',  ( -11.01205097355342000, -8.360775495791413500, 0.3333333333333337000 ) ) ;
#265 = CARTESIAN_POINT ( 'NONE',  ( -10.19246022783199600, -8.583298796912416200, 3.633222765886024800 ) ) ;
#266 = CARTESIAN_POINT ( 'NONE',  ( 8.219692629721286900, -8.416666666666671400, 3.666666666666674500 ) ) ;
#267 = ORIENTED_EDGE ( 'NONE', *, *, #147, .F. ) ;
#268 = CARTESIAN_POINT ( 'NONE',  ( -11.24417210158222200, -2.423611111111112000, 2.862500000000005200 ) ) ;
#269 = VERTEX_POINT ( 'NONE', #5911 ) ;
#270 = CARTESIAN_POINT ( 'NONE',  ( -11.99054406784442500, 0.0000000000000000000, 0.4762908324552169200 ) ) ;
#271 = CARTESIAN_POINT ( 'NONE',  ( -11.64089380912402300, -4.953026027270255800, 2.895256698938526900 ) ) ;
#272 = CARTESIAN_POINT ( 'NONE',  ( 10.53272244899199500, -0.8041666666666669200, 2.656250000000005800 ) ) ;
#273 = CARTESIAN_POINT ( 'NONE',  ( 10.48479464085366100, -0.8298047959598976500, 2.962192348981718600 ) ) ;
#274 = CARTESIAN_POINT ( 'NONE',  ( -11.50368023849109300, -4.946053714713292100, -2.862500000000008300 ) ) ;
#275 = VECTOR ( 'NONE', #5113, 1000.000000000000000 ) ;
#276 = VERTEX_POINT ( 'NONE', #3432 ) ;
#277 = DIRECTION ( 'NONE',  ( 0.0000000000000000000, 0.0000000000000000000, -1.000000000000000000 ) ) ;
#278 = DIRECTION ( 'NONE',  ( -0.0000000000000000000, 1.000000000000000000, -0.0000000000000000000 ) ) ;
#279 = CARTESIAN_POINT ( 'NONE',  ( 0.0000000000000000000, -4.889079012875070500, 0.0000000000000000000 ) ) ;
#280 = ORIENTED_EDGE ( 'NONE', *, *, #2314, .T. ) ;
#281 = ADVANCED_FACE ( 'NONE', ( #6292 ), #3368, .T. ) ;
#282 = CARTESIAN_POINT ( 'NONE',  ( -10.85229110474936600, -0.9196057048276423700, -0.3333333333333347600 ) ) ;
#283 = DIRECTION ( 'NONE',  ( -0.008732165024000693900, 0.9785815558741417500, -0.2056742273522324800 ) ) ;
#284 = PLANE ( 'NONE',  #1470 ) ;
#285 = VERTEX_POINT ( 'NONE', #4595 ) ;
#286 = EDGE_CURVE ( 'NONE', #1245, #285, #1092, .T. ) ;
#287 = VERTEX_POINT ( 'NONE', #498 ) ;
#288 = AXIS2_PLACEMENT_3D ( 'NONE', #7167, #357, #4646 ) ;
#289 = CARTESIAN_POINT ( 'NONE',  ( 11.12754340464321800, -1.795138888890247500, 0.4708333333333406000 ) ) ;
#290 = EDGE_CURVE ( 'NONE', #3825, #6689, #3346, .T. ) ;
#291 = CARTESIAN_POINT ( 'NONE',  ( 10.17458707870851100, -8.673617379884035500E-016, 3.804166666666661400 ) ) ;
#292 = CARTESIAN_POINT ( 'NONE',  ( 8.208381960941682800, -8.669966824256960100, 3.692057265874468800 ) ) ;
#293 = ORIENTED_EDGE ( 'NONE', *, *, #7056, .F. ) ;
#294 = CARTESIAN_POINT ( 'NONE',  ( 0.0000000000000000000, -8.323592968122440500, 0.0000000000000000000 ) ) ;
#295 = B_SPLINE_CURVE_WITH_KNOTS ( 'NONE', 3,
 ( #358, #971, #4833, #6612, #2956, #6027 ),
 .UNSPECIFIED., .F., .F.,
 ( 4, 2, 4 ),
 ( 4.336808689942017700E-019, 0.0002186345944619503100, 0.0004372691889239001800 ),
 .UNSPECIFIED. ) ;
#296 = EDGE_LOOP ( 'NONE', ( #5656, #7416, #6975, #280 ) ) ;
#297 = CARTESIAN_POINT ( 'NONE',  ( 0.0000000000000000000, -2.914583333333333700, 0.0000000000000000000 ) ) ;
#298 = CARTESIAN_POINT ( 'NONE',  ( -10.97861004775703500, -0.8041666666666668100, -0.6856540084388198500 ) ) ;
#299 = CARTESIAN_POINT ( 'NONE',  ( -11.01644946929642500, -8.323592968122445900, -0.4765444609626243700 ) ) ;
#300 = DIRECTION ( 'NONE',  ( -0.0000000000000000000, 1.000000000000000000, -0.0000000000000000000 ) ) ;
#301 = EDGE_CURVE ( 'NONE', #2888, #2469, #4111, .T. ) ;
#302 = AXIS2_PLACEMENT_3D ( 'NONE', #274, #5701, #2020 ) ;
#303 = ORIENTED_EDGE ( 'NONE', *, *, #7394, .F. ) ;
#304 = VERTEX_POINT ( 'NONE', #525 ) ;
#305 = CARTESIAN_POINT ( 'NONE',  ( -10.67884843499084500, -1.771907633519538500, 2.882429698067436900 ) ) ;
#306 = CARTESIAN_POINT ( 'NONE',  ( 11.04130064992973500, -1.766014148422103900, 0.4745249471708065100 ) ) ;
#307 = CIRCLE ( 'NONE', #7209, 12.00000000000000000 ) ;
#308 = DIRECTION ( 'NONE',  ( 0.0000000000000000000, 0.0000000000000000000, 1.000000000000000000 ) ) ;
#309 = CARTESIAN_POINT ( 'NONE',  ( 10.47579425945666300, -8.485227356401077600, -3.007127044408287400 ) ) ;
#310 = VERTEX_POINT ( 'NONE', #7700 ) ;
#311 = CARTESIAN_POINT ( 'NONE',  ( -10.98871975320291100, -0.9024744640363453500, 0.4995280702809755700 ) ) ;
#312 = FACE_OUTER_BOUND ( 'NONE', #5750, .T. ) ;
#313 = B_SPLINE_CURVE_WITH_KNOTS ( 'NONE', 3,
 ( #5844, #6350, #7670, #5753, #2152, #4002 ),
 .UNSPECIFIED., .F., .F.,
 ( 4, 2, 4 ),
 ( 4.336808689942017700E-019, 0.0002182908078547644200, 0.0004365816157095284100 ),
 .UNSPECIFIED. ) ;
#314 = CARTESIAN_POINT ( 'NONE',  ( -11.98240646594245700, -4.985544295228606000, 0.3333333333333339300 ) ) ;
#315 = ORIENTED_EDGE ( 'NONE', *, *, #1277, .T. ) ;
#316 = AXIS2_PLACEMENT_3D ( 'NONE', #6341, #6988, #4425 ) ;
#317 = CARTESIAN_POINT ( 'NONE',  ( -10.49015854358430200, -8.896426618499012000, -3.312175395226922600 ) ) ;
#318 = CIRCLE ( 'NONE', #2736, 0.1374999999999993200 ) ;
#319 = CARTESIAN_POINT ( 'NONE',  ( 9.119830466635889400, -0.7039791527678326300, -0.4973673213440799000 ) ) ;
#320 = CARTESIAN_POINT ( 'NONE',  ( 9.125361484468557500, -8.416666666666671400, -0.3333333333333339300 ) ) ;
#321 = FACE_OUTER_BOUND ( 'NONE', #1339, .T. ) ;
#322 = CARTESIAN_POINT ( 'NONE',  ( -10.50543259634721200, -0.7024220105825125200, -2.833322521413404300 ) ) ;
#323 = VERTEX_POINT ( 'NONE', #3998 ) ;
#324 = ADVANCED_FACE ( 'NONE', ( #1985 ), #7145, .T. ) ;
#325 = ORIENTED_EDGE ( 'NONE', *, *, #1594, .F. ) ;
#326 = CYLINDRICAL_SURFACE ( 'NONE', #7554, 0.1374999999999999800 ) ;
#327 = CARTESIAN_POINT ( 'NONE',  ( 10.85272318776254300, -8.485227356401077600, -0.3262062889250508800 ) ) ;
#328 = ADVANCED_FACE ( 'NONE', ( #6205 ), #5119, .T. ) ;
#329 = CARTESIAN_POINT ( 'NONE',  ( -9.125361484468557500, -0.9195958839562120600, 0.3333333333333342600 ) ) ;
#330 = CARTESIAN_POINT ( 'NONE',  ( 8.594095158866986500, -8.721509503493896500, 3.172119687036770100 ) ) ;
#331 = DIRECTION ( 'NONE',  ( -1.000000000000000000, -0.0000000000000000000, -0.0000000000000000000 ) ) ;
#332 = CARTESIAN_POINT ( 'NONE',  ( 10.24988487723927100, -8.704285993142017100, -3.520226586883644400 ) ) ;
#333 = ORIENTED_EDGE ( 'NONE', *, *, #197, .T. ) ;
#334 = VECTOR ( 'NONE', #3379, 1000.000000000000000 ) ;
#335 = ORIENTED_EDGE ( 'NONE', *, *, #6942, .F. ) ;
#336 = LINE ( 'NONE', #6489, #2156 ) ;
#337 = CARTESIAN_POINT ( 'NONE',  ( 9.125361484468557500, -8.416666666666671400, -0.4708333333333339400 ) ) ;
#338 = CARTESIAN_POINT ( 'NONE',  ( 11.10710022145241600, -1.793998304655950200, 0.4716976490956544800 ) ) ;
#339 = EDGE_CURVE ( 'NONE', #2925, #384, #1795, .T. ) ;
#340 = CARTESIAN_POINT ( 'NONE',  ( 11.51195031260993300, -4.889079012875070500, -3.000000000000008400 ) ) ;
#341 = CARTESIAN_POINT ( 'NONE',  ( -10.98966187220507100, -0.9559131267465469400, 0.4767933877582815100 ) ) ;
#342 = TOROIDAL_SURFACE ( 'NONE', #4107, 11.68749999999999800, 0.6875000000000000000 ) ;
#343 = CARTESIAN_POINT ( 'NONE',  ( -11.99622254714857300, -4.921877606189921700, 0.3333333333334205800 ) ) ;
#344 = AXIS2_PLACEMENT_3D ( 'NONE', #6651, #556, #6890 ) ;
#345 = ORIENTED_EDGE ( 'NONE', *, *, #7098, .F. ) ;
#346 = CARTESIAN_POINT ( 'NONE',  ( -8.584950237555993600, -0.6561169388929980500, 2.703121750453113800 ) ) ;
#347 = CARTESIAN_POINT ( 'NONE',  ( -10.99442124812328300, -8.432806995708313400, -0.4767489394116605800 ) ) ;
#348 = CARTESIAN_POINT ( 'NONE',  ( -10.99602218230873200, -2.359394428190659400, 3.000000000000005300 ) ) ;
#349 = CARTESIAN_POINT ( 'NONE',  ( 10.99602200798088300, -2.082367656444743500E-015, 2.862500000000006000 ) ) ;
#350 = CARTESIAN_POINT ( 'NONE',  ( 8.332444353718912600, -8.886632214676016200, 3.403859952346826500 ) ) ;
#351 = EDGE_CURVE ( 'NONE', #3732, #1770, #4222, .T. ) ;
#352 = AXIS2_PLACEMENT_3D ( 'NONE', #2459, #4336, #7896 ) ;
#353 = B_SPLINE_CURVE_WITH_KNOTS ( 'NONE', 3,
 ( #7312, #1243, #4230, #5529 ),
 .UNSPECIFIED., .F., .F.,
 ( 4, 4 ),
 ( 0.0000000000000000000, 0.0001338827292255067100 ),
 .UNSPECIFIED. ) ;
#354 = LINE ( 'NONE', #4418, #6666 ) ;
#355 = CARTESIAN_POINT ( 'NONE',  ( 11.97716594857773100, -4.984036849272102100, -0.4760820234339754300 ) ) ;
#356 = CARTESIAN_POINT ( 'NONE',  ( -10.61118938525953200, 0.0000000000000000000, 2.898734177215196900 ) ) ;
#357 = DIRECTION ( 'NONE',  ( -0.0000000000000000000, 1.000000000000000000, -0.0000000000000000000 ) ) ;
#358 = CARTESIAN_POINT ( 'NONE',  ( 10.47854951794378300, -2.914583333333333700, -3.000000000000007500 ) ) ;
#359 = CYLINDRICAL_SURFACE ( 'NONE', #1645, 0.3437499999999998900 ) ;
#360 = DIRECTION ( 'NONE',  ( 1.000000000000000000, 0.0000000000000000000, 0.0000000000000000000 ) ) ;
#361 = EDGE_CURVE ( 'NONE', #6689, #5741, #1706, .T. ) ;
#362 = CIRCLE ( 'NONE', #393, 0.1375000000000000400 ) ;
#363 = EDGE_CURVE ( 'NONE', #6073, #5968, #5495, .T. ) ;
#364 = AXIS2_PLACEMENT_3D ( 'NONE', #1102, #1023, #4747 ) ;
#365 = CARTESIAN_POINT ( 'NONE',  ( -10.76336378647492800, -3.189583333333334100, -3.000000000000007500 ) ) ;
#366 = ADVANCED_FACE ( 'NONE', ( #3810 ), #6441, .T. ) ;
#367 = DIRECTION ( 'NONE',  ( 0.0000000000000000000, -1.000000000000000000, 0.0000000000000000000 ) ) ;
#368 = CARTESIAN_POINT ( 'NONE',  ( -8.594407213648580100, -8.721003097329949900, 3.171492436854124600 ) ) ;
#369 = CARTESIAN_POINT ( 'NONE',  ( -10.99588597502109600, -1.010416666666297900, 0.3333333333323814100 ) ) ;
#370 = B_SPLINE_CURVE_WITH_KNOTS ( 'NONE', 3,
 ( #3399, #5726, #3288, #7564 ),
 .UNSPECIFIED., .F., .F.,
 ( 4, 4 ),
 ( 0.0000000000000000000, 0.003483735564004286800 ),
 .UNSPECIFIED. ) ;
#371 = ORIENTED_EDGE ( 'NONE', *, *, #7437, .F. ) ;
#372 = B_SPLINE_CURVE_WITH_KNOTS ( 'NONE', 3,
 ( #7094, #1489, #5767, #904 ),
 .UNSPECIFIED., .F., .F.,
 ( 4, 4 ),
 ( 0.0000000000000000000, 0.003483735564004292900 ),
 .UNSPECIFIED. ) ;
#373 = ADVANCED_FACE ( 'NONE', ( #4197 ), #3049, .T. ) ;
#374 = VECTOR ( 'NONE', #6803, 1000.000000000000000 ) ;
#375 = FACE_OUTER_BOUND ( 'NONE', #177, .T. ) ;
#376 = CARTESIAN_POINT ( 'NONE',  ( -10.30337932021115100, -8.537051576677896500, -3.852320675105489500 ) ) ;
#377 = CARTESIAN_POINT ( 'NONE',  ( -10.98980997409882200, -8.486814521123932300, -0.4734166228075174500 ) ) ;
#378 = CARTESIAN_POINT ( 'NONE',  ( 8.595251605417573200, -0.8041666666666671400, 2.669215382070596800 ) ) ;
#379 = AXIS2_PLACEMENT_3D ( 'NONE', #6730, #7311, #3031 ) ;
#380 = CARTESIAN_POINT ( 'NONE',  ( -11.48425257834927000, -2.531362518057322900, 0.3333333333333342000 ) ) ;
#381 = ORIENTED_EDGE ( 'NONE', *, *, #7337, .F. ) ;
#382 = CARTESIAN_POINT ( 'NONE',  ( 11.64538703909961700, -4.889079012875070500, -2.895679662802956400 ) ) ;
#383 = DIRECTION ( 'NONE',  ( -0.0000000000000000000, 1.000000000000000000, -0.0000000000000000000 ) ) ;
#384 = VERTEX_POINT ( 'NONE', #2212 ) ;
#385 = EDGE_LOOP ( 'NONE', ( #160, #3068, #7398, #335 ) ) ;
#386 = CARTESIAN_POINT ( 'NONE',  ( 10.85229110474936600, -2.914583333333333700, -0.4708333333333341600 ) ) ;
#387 = CARTESIAN_POINT ( 'NONE',  ( -8.677557259966651100, -8.416666666666671400, -3.000000000000009800 ) ) ;
#388 = CARTESIAN_POINT ( 'NONE',  ( 10.99602200798088500, -1.932638888888889200, 2.862500000000005600 ) ) ;
#389 = CARTESIAN_POINT ( 'NONE',  ( -13.00000000000000000, -1.010416666666666500, -2.656250000000006700 ) ) ;
#390 = ORIENTED_EDGE ( 'NONE', *, *, #5683, .F. ) ;
#391 = DIRECTION ( 'NONE',  ( 0.0000000000000000000, -6.994852725712929000E-017, 1.000000000000000000 ) ) ;
#392 = ORIENTED_EDGE ( 'NONE', *, *, #6446, .T. ) ;
#393 = AXIS2_PLACEMENT_3D ( 'NONE', #6760, #2573, #6152 ) ;
#394 = CARTESIAN_POINT ( 'NONE',  ( 8.685399022805986700, -0.8272539662810414200, -2.960677126926444000 ) ) ;
#395 = ORIENTED_EDGE ( 'NONE', *, *, #7739, .F. ) ;
#396 = CARTESIAN_POINT ( 'NONE',  ( 8.997145145835327500, -8.836777834125603800, -0.2425801832625141300 ) ) ;
#397 = CARTESIAN_POINT ( 'NONE',  ( -10.84474390999538200, -0.6666666666666666300, 0.5872435561625183300 ) ) ;
#398 = ORIENTED_EDGE ( 'NONE', *, *, #473, .F. ) ;
#399 = VERTEX_POINT ( 'NONE', #3978 ) ;
#400 = DIRECTION ( 'NONE',  ( 0.1174929980089022300, -0.9930737109695736400, 0.0000000000000000000 ) ) ;
#401 = CARTESIAN_POINT ( 'NONE',  ( 10.39506806306431500, -8.735353544890392300, 3.206176940288590700 ) ) ;
#402 = EDGE_LOOP ( 'NONE', ( #3929, #2211, #1147, #7203 ) ) ;
#403 = CARTESIAN_POINT ( 'NONE',  ( -10.99442124812328300, -8.432806995708313400, -0.4767489394116605800 ) ) ;
#404 = CARTESIAN_POINT ( 'NONE',  ( 10.85229110474936400, -2.914583333333333700, -0.3333333333333341500 ) ) ;
#405 = DIRECTION ( 'NONE',  ( -0.0000000000000000000, 1.000000000000000000, -0.0000000000000000000 ) ) ;
#406 = VECTOR ( 'NONE', #5155, 1000.000000000000000 ) ;
#407 = ADVANCED_FACE ( 'NONE', ( #1789 ), #1581, .T. ) ;
#408 =( BOUNDED_SURFACE ( )  B_SPLINE_SURFACE ( 3, 2, ( 
 ( #2498, #1849, #1205 ),
 ( #6136, #658, #1821 ),
 ( #680, #6114, #4273 ),
 ( #601, #5492, #1878 ) ),
 .UNSPECIFIED., .F., .F., .F. ) 
 B_SPLINE_SURFACE_WITH_KNOTS ( ( 4, 4 ),
 ( 3, 3 ),
 ( 0.0000000000000000000, 5.753805055549859300E-005 ),
 ( 0.0000000000000000000, 1.000000000000000000 ),
 .UNSPECIFIED. ) 
 GEOMETRIC_REPRESENTATION_ITEM ( )  RATIONAL_B_SPLINE_SURFACE ( (
 ( 1.000000000000000000, 0.6934795268639774000, 1.000000000000000000),
 ( 1.000000000000000000, 0.6931150983388358900, 1.000000000000000000),
 ( 1.000000000000000000, 0.6929326307969637700, 1.000000000000000000),
 ( 1.000000000000000000, 0.6929318499302075100, 1.000000000000000000) ) ) 
 REPRESENTATION_ITEM ( '' )  SURFACE ( )  );
#409 = VERTEX_POINT ( 'NONE', #1031 ) ;
#410 = B_SPLINE_CURVE_WITH_KNOTS ( 'NONE', 3,
 ( #2219, #3467, #3488, #7153, #7176, #7772 ),
 .UNSPECIFIED., .F., .F.,
 ( 4, 2, 4 ),
 ( 4.336808689942017700E-019, 0.0002148949975207803700, 0.0004297899950415603000 ),
 .UNSPECIFIED. ) ;
#411 = ORIENTED_EDGE ( 'NONE', *, *, #6046, .T. ) ;
#412 = DIRECTION ( 'NONE',  ( 0.0000000000000000000, -0.0000000000000000000, -1.000000000000000000 ) ) ;
#413 = DIRECTION ( 'NONE',  ( 1.000000000000000000, -0.0000000000000000000, -0.0000000000000000000 ) ) ;
#414 = CARTESIAN_POINT ( 'NONE',  ( 10.85800004235542300, -8.416666666666671400, 0.3333333333333338100 ) ) ;
#415 = CARTESIAN_POINT ( 'NONE',  ( 10.61118938525953000, -1.657638888888889300, 2.898734177215195600 ) ) ;
#416 = DIRECTION ( 'NONE',  ( 0.0000000000000000000, -1.000000000000000000, 0.0000000000000000000 ) ) ;
#417 = EDGE_CURVE ( 'NONE', #6530, #1730, #5250, .T. ) ;
#418 = AXIS2_PLACEMENT_3D ( 'NONE', #2701, #6450, #2677 ) ;
#419 = LINE ( 'NONE', #7200, #1937 ) ;
#420 = ORIENTED_EDGE ( 'NONE', *, *, #7244, .F. ) ;
#421 = CARTESIAN_POINT ( 'NONE',  ( 8.677557259966665300, -1.010416666666657200, -3.000000000000043500 ) ) ;
#422 = ORIENTED_EDGE ( 'NONE', *, *, #4623, .T. ) ;
#423 = DIRECTION ( 'NONE',  ( 0.0000000000000000000, 0.0000000000000000000, 1.000000000000000000 ) ) ;
#424 = CARTESIAN_POINT ( 'NONE',  ( 0.0000000000000000000, 0.5403851024289089100, 0.0000000000000000000 ) ) ;
#425 = CARTESIAN_POINT ( 'NONE',  ( 11.01644946929642500, -8.323592968122440500, 0.4765444609626240900 ) ) ;
#426 = CARTESIAN_POINT ( 'NONE',  ( 10.99009943064561600, -8.513508640916521500, 0.4665988689687435900 ) ) ;
#427 = B_SPLINE_CURVE_WITH_KNOTS ( 'NONE', 3,
 ( #1342, #814, #2636, #5699 ),
 .UNSPECIFIED., .F., .F.,
 ( 4, 4 ),
 ( 0.0000000000000000000, 0.003474992711863938100 ),
 .UNSPECIFIED. ) ;
#428 = CARTESIAN_POINT ( 'NONE',  ( 10.53272244899199500, -0.6666666666666668500, 2.656250000000005800 ) ) ;
#429 = B_SPLINE_CURVE_WITH_KNOTS ( 'NONE', 3,
 ( #1349, #4920, #6782, #3709, #6227, #1857 ),
 .UNSPECIFIED., .F., .F.,
 ( 4, 2, 4 ),
 ( 0.0000000000000000000, 0.0002722496568808434100, 0.0005444993137616868200 ),
 .UNSPECIFIED. ) ;
#430 = AXIS2_PLACEMENT_3D ( 'NONE', #3915, #2608, #6883 ) ;
#431 = ORIENTED_EDGE ( 'NONE', *, *, #3248, .F. ) ;
#432 = CARTESIAN_POINT ( 'NONE',  ( 8.182944173180521500, -8.544941328391239200, -3.746922024623807100 ) ) ;
#433 = CARTESIAN_POINT ( 'NONE',  ( 10.85136513250467700, -0.8308050525209856900, 0.3705847911474955400 ) ) ;
#434 = ORIENTED_EDGE ( 'NONE', *, *, #5232, .T. ) ;
#435 = CARTESIAN_POINT ( 'NONE',  ( 10.84335215821592200, -7.172694528486114300, 3.000000000000001800 ) ) ;
#436 = CONICAL_SURFACE ( 'NONE', #2413, 12.00000000000000000, 0.2798806853557597700 ) ;
#437 = CARTESIAN_POINT ( 'NONE',  ( -10.84137742216010700, -0.6666666666656588800, -0.6770833333329576700 ) ) ;
#438 = CARTESIAN_POINT ( 'NONE',  ( 10.47763328963212700, -8.462636413839387500, -3.002378973459429300 ) ) ;
#439 = FACE_OUTER_BOUND ( 'NONE', #3111, .T. ) ;
#440 = CC_DESIGN_APPROVAL ( #3054, ( #6326 ) ) ;
#441 = EDGE_LOOP ( 'NONE', ( #4802, #1565, #2232, #1175 ) ) ;
#442 = CIRCLE ( 'NONE', #7351, 0.1375000000000000400 ) ;
#443 = CARTESIAN_POINT ( 'NONE',  ( -8.345929598231862200, -8.761844929221709300, 3.369508173796920100 ) ) ;
#444 = CARTESIAN_POINT ( 'NONE',  ( 11.48407369001370200, -2.531256381494915200, 0.3333333333333341500 ) ) ;
#445 = DIRECTION ( 'NONE',  ( 0.0000000000000000000, 1.000000000000000000, 0.0000000000000000000 ) ) ;
#446 = CARTESIAN_POINT ( 'NONE',  ( 10.17458707870851100, -8.673617379884035500E-016, -3.804166666666663100 ) ) ;
#447 = ORIENTED_EDGE ( 'NONE', *, *, #6335, .T. ) ;
#448 = PLANE ( 'NONE',  #4715 ) ;
#449 = EDGE_CURVE ( 'NONE', #4577, #5968, #73, .T. ) ;
#450 = ADVANCED_FACE ( 'NONE', ( #1311 ), #448, .F. ) ;
#451 = CARTESIAN_POINT ( 'NONE',  ( 8.988044143389004100, -1.010416666666666500, -0.4637482900136811700 ) ) ;
#452 = CARTESIAN_POINT ( 'NONE',  ( 11.02217088113246400, -8.325238983641989800, 0.3333333333333337000 ) ) ;
#453 = VECTOR ( 'NONE', #199, 1000.000000000000000 ) ;
#454 = AXIS2_PLACEMENT_3D ( 'NONE', #7900, #6048, #2407 ) ;
#455 = ORIENTED_EDGE ( 'NONE', *, *, #3794, .F. ) ;
#456 = CARTESIAN_POINT ( 'NONE',  ( 11.85315241706704200, -4.908258363060236100, 0.3333333333333339800 ) ) ;
#457 = CARTESIAN_POINT ( 'NONE',  ( 8.578843982542805300, -0.8258354120175819300, 2.721213165604378800 ) ) ;
#458 = CARTESIAN_POINT ( 'NONE',  ( 10.17458707870851100, -1.558674806385066000E-016, -3.666666666666666100 ) ) ;
#459 = CARTESIAN_POINT ( 'NONE',  ( 11.54175502489200300, -2.394491548992608600, 0.4743637565611277300 ) ) ;
#460 = CARTESIAN_POINT ( 'NONE',  ( 1.102182119232617700E-015, -2.168404344971008900E-015, -9.000000000000000000 ) ) ;
#461 = VECTOR ( 'NONE', #2699, 1000.000000000000000 ) ;
#462 = EDGE_CURVE ( 'NONE', #6685, #5310, #4846, .T. ) ;
#463 = AXIS2_PLACEMENT_3D ( 'NONE', #634, #1206, #1823 ) ;
#464 = ORIENTED_EDGE ( 'NONE', *, *, #3950, .F. ) ;
#465 = CARTESIAN_POINT ( 'NONE',  ( 11.84512056720710200, -4.946053714713293000, 0.3333333333333339300 ) ) ;
#466 = LINE ( 'NONE', #7735, #2867 ) ;
#467 = CARTESIAN_POINT ( 'NONE',  ( 11.49606148760023500, -2.286111111111112300, 0.3333333333333341500 ) ) ;
#468 = CARTESIAN_POINT ( 'NONE',  ( 11.51195031260993500, -3.189583333333334100, -2.862500000000007400 ) ) ;
#469 = CARTESIAN_POINT ( 'NONE',  ( 11.98607981079796400, -4.953029269049372900, -0.4762212497120193500 ) ) ;
#470 = ORIENTED_EDGE ( 'NONE', *, *, #7559, .F. ) ;
#471 = ORIENTED_EDGE ( 'NONE', *, *, #3091, .T. ) ;
#472 = DIRECTION ( 'NONE',  ( 0.0000000000000000000, -1.000000000000000000, 0.0000000000000000000 ) ) ;
#473 = EDGE_CURVE ( 'NONE', #5934, #4120, #7267, .T. ) ;
#474 = AXIS2_PLACEMENT_3D ( 'NONE', #4801, #3033, #7920 ) ;
#475 = CARTESIAN_POINT ( 'NONE',  ( -11.97716594857773000, -4.984036849272101200, 0.4760820234339753200 ) ) ;
#476 = DIRECTION ( 'NONE',  ( -0.0000000000000000000, 1.000000000000000000, -0.0000000000000000000 ) ) ;
#477 = CARTESIAN_POINT ( 'NONE',  ( -9.119825848325637800, -0.7039029021103319100, 0.4974925893366383100 ) ) ;
#478 = VERTEX_POINT ( 'NONE', #497 ) ;
#479 = CARTESIAN_POINT ( 'NONE',  ( 8.468427998954654300, -8.841272439308761800, -3.048661626308964300 ) ) ;
#480 = ORIENTED_EDGE ( 'NONE', *, *, #179, .T. ) ;
#481 = CARTESIAN_POINT ( 'NONE',  ( 10.17458710207387700, -8.501423432972469400, 3.666666666666673200 ) ) ;
#482 = CARTESIAN_POINT ( 'NONE',  ( -2.221449702374167500E-015, 2.000000000000000000, -2.720491267479364700E-031 ) ) ;
#483 = AXIS2_PLACEMENT_3D ( 'NONE', #2555, #6884, #4401 ) ;
#484 = CARTESIAN_POINT ( 'NONE',  ( -11.60776418017886200, -4.976882328835232600, -3.000000000000008400 ) ) ;
#485 = CARTESIAN_POINT ( 'NONE',  ( -10.63841276221551800, -0.8256198989674424800, -2.797461761028537700 ) ) ;
#486 = CARTESIAN_POINT ( 'NONE',  ( -11.85315241706704200, -3.189583333333333700, -0.4708333333333341600 ) ) ;
#487 = VERTEX_POINT ( 'NONE', #7170 ) ;
#488 = ADVANCED_FACE ( 'NONE', ( #2859 ), #4760, .F. ) ;
#489 = ORIENTED_EDGE ( 'NONE', *, *, #1067, .T. ) ;
#490 = CARTESIAN_POINT ( 'NONE',  ( -11.90114266894204000, -5.248319765496038500, 0.4761158730950887400 ) ) ;
#491 = CARTESIAN_POINT ( 'NONE',  ( 0.0000000000000000000, -1.657638888888889300, 0.0000000000000000000 ) ) ;
#492 = CARTESIAN_POINT ( 'NONE',  ( -10.35904185067168500, -8.756415928138430600, -3.289035212224629600 ) ) ;
#493 = ORIENTED_EDGE ( 'NONE', *, *, #5265, .F. ) ;
#494 = EDGE_CURVE ( 'NONE', #1540, #5978, #1503, .T. ) ;
#495 = EDGE_LOOP ( 'NONE', ( #6243, #5776, #7086, #464 ) ) ;
#496 = ORIENTED_EDGE ( 'NONE', *, *, #7173, .T. ) ;
#497 = CARTESIAN_POINT ( 'NONE',  ( -11.64538703909961700, -2.561111111111112200, 2.895679662802955500 ) ) ;
#498 = CARTESIAN_POINT ( 'NONE',  ( 8.988044143389004100, -8.416666666666671400, 0.4637482900136804000 ) ) ;
#499 = CARTESIAN_POINT ( 'NONE',  ( 9.125361484468548700, -8.416666666666671400, 0.3333333333333338100 ) ) ;
#500 = ORIENTED_EDGE ( 'NONE', *, *, #3441, .T. ) ;
#501 = CARTESIAN_POINT ( 'NONE',  ( 11.84512056720710400, -4.946053714713285000, -0.4708333333333340500 ) ) ;
#502 = ORIENTED_EDGE ( 'NONE', *, *, #50, .F. ) ;
#503 = CARTESIAN_POINT ( 'NONE',  ( 10.47579425945666300, -8.485227356401077600, 3.007127044408282900 ) ) ;
#504 = VECTOR ( 'NONE', #2188, 1000.000000000000000 ) ;
#505 = EDGE_CURVE ( 'NONE', #3014, #1550, #5444, .T. ) ;
#506 = CARTESIAN_POINT ( 'NONE',  ( 10.28608234034510700, -8.739998103206064100, 3.446685291189122600 ) ) ;
#507 =( BOUNDED_SURFACE ( )  B_SPLINE_SURFACE ( 3, 2, ( 
 ( #4581, #5805, #6509 ),
 ( #5308, #2762, #7663 ),
 ( #322, #4204, #485 ),
 ( #6580, #3525, #1692 ),
 ( #6561, #2928, #2877 ),
 ( #4131, #1120, #540 ) ),
 .UNSPECIFIED., .F., .F., .F. ) 
 B_SPLINE_SURFACE_WITH_KNOTS ( ( 4, 2, 4 ),
 ( 3, 3 ),
 ( 0.0000000000000000000, 0.0001638144396240963800, 0.0003276288792481927600 ),
 ( 0.0000000000000000000, 1.000000000000000000 ),
 .UNSPECIFIED. ) 
 GEOMETRIC_REPRESENTATION_ITEM ( )  RATIONAL_B_SPLINE_SURFACE ( (
 ( 1.000000000000000000, 0.7071067811865477900, 1.000000000000000000),
 ( 1.000000000000000000, 0.7293875469440065400, 1.000000000000000000),
 ( 1.000000000000000000, 0.7519588245703596700, 1.000000000000000000),
 ( 1.000000000000000000, 0.7847964687071806700, 1.000000000000000000),
 ( 1.000000000000000000, 0.7949790482125976800, 1.000000000000000000),
 ( 1.000000000000000000, 0.7948337212391506400, 1.000000000000000000) ) ) 
 REPRESENTATION_ITEM ( '' )  SURFACE ( )  );
#508 = EDGE_LOOP ( 'NONE', ( #6557, #3608, #4535, #6723 ) ) ;
#509 = CARTESIAN_POINT ( 'NONE',  ( -10.30337932021115300, -2.168404344971008900E-015, -3.852320675105482400 ) ) ;
#510 = CIRCLE ( 'NONE', #1853, 9.137499999999999300 ) ;
#511 = CARTESIAN_POINT ( 'NONE',  ( 10.62856313734619800, -8.359211724348471200, -2.897798769979058200 ) ) ;
#512 = CARTESIAN_POINT ( 'NONE',  ( -10.76336378647492800, -3.189583333333333700, -3.000000000000007500 ) ) ;
#513 = ORIENTED_EDGE ( 'NONE', *, *, #6211, .F. ) ;
#514 = VECTOR ( 'NONE', #640, 1000.000000000000000 ) ;
#515 = CARTESIAN_POINT ( 'NONE',  ( -8.595237790450172000, -0.8041666666666665900, 2.669260853254581600 ) ) ;
#516 = CARTESIAN_POINT ( 'NONE',  ( 11.29523341456554600, -7.354564793791824200, 0.4764016448794952700 ) ) ;
#517 = CARTESIAN_POINT ( 'NONE',  ( 11.01644946929637600, -8.323592968122431700, -0.4765444609626243700 ) ) ;
#518 = CARTESIAN_POINT ( 'NONE',  ( 11.84512056720710200, -4.946053714713289500, -0.3333333333333340900 ) ) ;
#519 = EDGE_CURVE ( 'NONE', #1718, #5670, #6060, .T. ) ;
#520 = ORIENTED_EDGE ( 'NONE', *, *, #6411, .F. ) ;
#521 = EDGE_CURVE ( 'NONE', #3913, #870, #7913, .T. ) ;
#522 = CARTESIAN_POINT ( 'NONE',  ( -10.60839925008269800, -8.513508640916526800, -2.908928557191600400 ) ) ;
#523 = EDGE_LOOP ( 'NONE', ( #2833, #6779, #345, #3680, #5161 ) ) ;
#524 = FACE_OUTER_BOUND ( 'NONE', #4759, .T. ) ;
#525 = CARTESIAN_POINT ( 'NONE',  ( -10.99442124812328100, -8.432806995708313400, 0.4767489394116604700 ) ) ;
#526 = CARTESIAN_POINT ( 'NONE',  ( 10.47854951794378500, -1.010416666666666500, -2.862500000000006500 ) ) ;
#527 = VERTEX_POINT ( 'NONE', #2340 ) ;
#528 = CARTESIAN_POINT ( 'NONE',  ( -10.53272244899199500, -0.8041666666666664700, -2.656250000000007100 ) ) ;
#529 = CARTESIAN_POINT ( 'NONE',  ( 8.442477109135632300, -8.688322457803812100, -3.119541960187616900 ) ) ;
#530 = CARTESIAN_POINT ( 'NONE',  ( 10.61118938525953000, -2.914583333333333700, -2.898734177215196000 ) ) ;
#531 = LINE ( 'NONE', #1216, #5788 ) ;
#532 = ORIENTED_EDGE ( 'NONE', *, *, #766, .F. ) ;
#533 = VECTOR ( 'NONE', #4029, 1000.000000000000000 ) ;
#534 = EDGE_CURVE ( 'NONE', #2530, #2961, #7846, .T. ) ;
#535 = AXIS2_PLACEMENT_3D ( 'NONE', #7651, #4039, #3464 ) ;
#536 = DIRECTION ( 'NONE',  ( 0.9704489199249684000, 0.0000000000000000000, -0.2413066385669123400 ) ) ;
#537 = CARTESIAN_POINT ( 'NONE',  ( 0.0000000000000000000, -9.790000000000002700, -9.209999999999999100 ) ) ;
#538 = VECTOR ( 'NONE', #1163, 1000.000000000000000 ) ;
#539 = CARTESIAN_POINT ( 'NONE',  ( 11.01056816321749000, -2.987372598793781400, -0.4758703149545668300 ) ) ;
#540 = CARTESIAN_POINT ( 'NONE',  ( -10.61118938525955500, -1.010416666666645600, -2.898734177215314100 ) ) ;
#541 = ORIENTED_EDGE ( 'NONE', *, *, #5537, .T. ) ;
#542 = CARTESIAN_POINT ( 'NONE',  ( -10.99637469350487400, -1.702728312626909700, 0.4764960428368412200 ) ) ;
#543 = DIRECTION ( 'NONE',  ( 1.000000000000000000, 0.0000000000000000000, 0.0000000000000000000 ) ) ;
#544 = VECTOR ( 'NONE', #6288, 1000.000000000000000 ) ;
#545 = CARTESIAN_POINT ( 'NONE',  ( 8.554568694922352300, -0.9012066702942576100, -2.796593068615337100 ) ) ;
#546 = DIRECTION ( 'NONE',  ( 0.0000000000000000000, -1.182766006347823100E-016, -1.000000000000000000 ) ) ;
#547 = CARTESIAN_POINT ( 'NONE',  ( 9.125361484468559300, -1.010416666666666500, 0.3333333333333342600 ) ) ;
#548 = FACE_OUTER_BOUND ( 'NONE', #7626, .T. ) ;
#549 = CARTESIAN_POINT ( 'NONE',  ( -10.51074977456626100, -3.060446209916326800, -3.000000000000007500 ) ) ;
#550 = CARTESIAN_POINT ( 'NONE',  ( 9.125361484468552200, -8.416666666666671400, -0.3333333333333339300 ) ) ;
#551 = CARTESIAN_POINT ( 'NONE',  ( 10.30337932021115300, -2.168404344971008900E-015, -3.852320675105482400 ) ) ;
#552 = CARTESIAN_POINT ( 'NONE',  ( -10.99588597502070700, -2.914583333333332900, -0.3333333333333323200 ) ) ;
#553 = CIRCLE ( 'NONE', #4518, 11.00000000000000000 ) ;
#554 = EDGE_CURVE ( 'NONE', #4489, #661, #5618, .T. ) ;
#555 = VECTOR ( 'NONE', #5464, 1000.000000000000000 ) ;
#556 = DIRECTION ( 'NONE',  ( -0.0000000000000000000, 1.000000000000000000, -0.0000000000000000000 ) ) ;
#557 = DIRECTION ( 'NONE',  ( 0.0000000000000000000, 0.0000000000000000000, 1.000000000000000000 ) ) ;
#558 = B_SPLINE_CURVE_WITH_KNOTS ( 'NONE', 3,
 ( #211, #7577, #4526, #852 ),
 .UNSPECIFIED., .F., .F.,
 ( 4, 4 ),
 ( 8.673617379884035500E-019, 9.589582039654662500E-005 ),
 .UNSPECIFIED. ) ;
#559 = DIRECTION ( 'NONE',  ( -0.0000000000000000000, 1.000000000000000000, -0.0000000000000000000 ) ) ;
#560 = DIRECTION ( 'NONE',  ( 0.0000000000000000000, 0.0000000000000000000, 1.000000000000000000 ) ) ;
#561 = ORIENTED_EDGE ( 'NONE', *, *, #286, .T. ) ;
#562 = CARTESIAN_POINT ( 'NONE',  ( -8.182944173180523300, -2.168404344971008900E-015, -3.746922024623800400 ) ) ;
#563 = DIRECTION ( 'NONE',  ( 0.0000000000000000000, 1.000000000000000000, 0.0000000000000000000 ) ) ;
#564 = FACE_OUTER_BOUND ( 'NONE', #4350, .T. ) ;
#565 = LINE ( 'NONE', #6919, #7558 ) ;
#566 = EDGE_CURVE ( 'NONE', #6759, #7074, #3153, .T. ) ;
#567 = AXIS2_PLACEMENT_3D ( 'NONE', #3684, #4305, #4278 ) ;
#568 = CARTESIAN_POINT ( 'NONE',  ( -10.48446196509715400, -8.416666666666468900, -2.862500000000004300 ) ) ;
#569 = DIRECTION ( 'NONE',  ( 0.0000000000000000000, 0.0000000000000000000, 1.000000000000000000 ) ) ;
#570 = ORIENTED_EDGE ( 'NONE', *, *, #5559, .T. ) ;
#571 = CARTESIAN_POINT ( 'NONE',  ( 10.85136186337836300, -0.8305900822660425800, -0.3707086133166656000 ) ) ;
#572 = EDGE_LOOP ( 'NONE', ( #2929, #5834, #3191, #3024 ) ) ;
#573 = VERTEX_POINT ( 'NONE', #4613 ) ;
#574 = EDGE_CURVE ( 'NONE', #2788, #4190, #6105, .T. ) ;
#575 = ORIENTED_EDGE ( 'NONE', *, *, #6928, .T. ) ;
#576 = CARTESIAN_POINT ( 'NONE',  ( -11.50000000000000000, -2.561111111111112200, 0.4708333333333341000 ) ) ;
#577 = DIRECTION ( 'NONE',  ( 0.06233218258534672900, 0.0000000000000000000, -0.9980554588870034200 ) ) ;
#578 = CARTESIAN_POINT ( 'NONE',  ( -10.63933082173412000, -8.323592968122447600, 2.897221634347988000 ) ) ;
#579 = CARTESIAN_POINT ( 'NONE',  ( -8.975257740366252800, -0.8041666666666665900, -0.6668946648426825600 ) ) ;
#580 = ORIENTED_EDGE ( 'NONE', *, *, #3286, .T. ) ;
#581 = B_SPLINE_CURVE_WITH_KNOTS ( 'NONE', 3,
 ( #4023, #3336, #937, #490, #911, #6585, #5191, #1520, #4557, #1548 ),
 .UNSPECIFIED., .F., .F.,
 ( 4, 3, 3, 4 ),
 ( 8.673617379884035500E-019, 0.0002750000000003543300, 0.001375000000048022500, 0.003474998049134725800 ),
 .UNSPECIFIED. ) ;
#582 = ORIENTED_EDGE ( 'NONE', *, *, #3286, .F. ) ;
#583 = DIRECTION ( 'NONE',  ( -1.000000000000000000, 0.0000000000000000000, 0.0000000000000000000 ) ) ;
#584 = DIRECTION ( 'NONE',  ( 0.0000000000000000000, -1.000000000000000000, 0.0000000000000000000 ) ) ;
#585 = DIRECTION ( 'NONE',  ( 1.000000000000000000, -0.0000000000000000000, 0.0000000000000000000 ) ) ;
#586 = CARTESIAN_POINT ( 'NONE',  ( 11.57981770519726300, -5.159810881347892700, 2.894546608636194000 ) ) ;
#587 = EDGE_LOOP ( 'NONE', ( #4320, #5288, #2019, #575 ) ) ;
#588 = CARTESIAN_POINT ( 'NONE',  ( 11.00240068359714100, -2.974320331694601200, -0.4762295050781453200 ) ) ;
#589 = CARTESIAN_POINT ( 'NONE',  ( -10.67870939255867800, -3.054010885687079100, -2.999999999999958300 ) ) ;
#590 = ORIENTED_EDGE ( 'NONE', *, *, #3141, .T. ) ;
#591 = ORIENTED_EDGE ( 'NONE', *, *, #6198, .T. ) ;
#592 = CARTESIAN_POINT ( 'NONE',  ( -12.92696701773796900, 0.5403851024289089100, 0.0000000000000000000 ) ) ;
#593 = CARTESIAN_POINT ( 'NONE',  ( -11.05436173768253400, -3.031115855026002200, -0.4739596041929601800 ) ) ;
#594 = DIRECTION ( 'NONE',  ( 1.000000000000000000, -1.261617073437677500E-014, 0.0000000000000000000 ) ) ;
#595 = CARTESIAN_POINT ( 'NONE',  ( 10.97113639147614400, -7.210677688374080000, -2.896202161516397800 ) ) ;
#596 = EDGE_CURVE ( 'NONE', #5016, #399, #1404, .T. ) ;
#597 = CYLINDRICAL_SURFACE ( 'NONE', #3369, 0.1375000000000000400 ) ;
#598 = EDGE_LOOP ( 'NONE', ( #3183, #6323, #3722, #5002 ) ) ;
#599 = EDGE_LOOP ( 'NONE', ( #1259, #333, #7103, #2672 ) ) ;
#600 = CARTESIAN_POINT ( 'NONE',  ( 10.88442328056748900, -8.285609833563626100, 0.4708333333333337100 ) ) ;
#601 = CARTESIAN_POINT ( 'NONE',  ( -11.85315241706704000, -4.889079012875068700, -0.3333333333333340900 ) ) ;
#602 = DIRECTION ( 'NONE',  ( 0.07409940720474220100, -0.0000000000000000000, 0.9972508600406949600 ) ) ;
#603 = FACE_OUTER_BOUND ( 'NONE', #7561, .T. ) ;
#604 = ORIENTED_EDGE ( 'NONE', *, *, #7195, .F. ) ;
#605 = FACE_OUTER_BOUND ( 'NONE', #2883, .T. ) ;
#606 = EDGE_LOOP ( 'NONE', ( #4145, #4147, #97, #5118 ) ) ;
#607 = CARTESIAN_POINT ( 'NONE',  ( 0.0000000000000000000, -4.937500000000000900, 0.0000000000000000000 ) ) ;
#608 = EDGE_CURVE ( 'NONE', #4696, #7468, #5818, .T. ) ;
#609 = AXIS2_PLACEMENT_3D ( 'NONE', #1257, #4376, #5546 ) ;
#610 = DIRECTION ( 'NONE',  ( -0.03969090270460140500, -0.0000000000000000000, -0.9992120056537020500 ) ) ;
#611 = DIRECTION ( 'NONE',  ( 0.0000000000000000000, 0.0000000000000000000, 1.000000000000000000 ) ) ;
#612 = CARTESIAN_POINT ( 'NONE',  ( -10.87206135139105400, -8.328578862145708000, 0.3333333333333337000 ) ) ;
#613 = CYLINDRICAL_SURFACE ( 'NONE', #4424, 9.000000000000000000 ) ;
#614 = CARTESIAN_POINT ( 'NONE',  ( 10.85272318776254600, -8.513508640916521500, 0.4607663831066342000 ) ) ;
#615 = CARTESIAN_POINT ( 'NONE',  ( -10.99078781537789400, -1.677865404669971000, 0.4767433237175677200 ) ) ;
#616 = ORIENTED_EDGE ( 'NONE', *, *, #286, .F. ) ;
#617 = EDGE_LOOP ( 'NONE', ( #7214, #1226, #7697, #5286 ) ) ;
#618 = DIRECTION ( 'NONE',  ( -0.0000000000000000000, 1.000000000000000000, -0.0000000000000000000 ) ) ;
#619 = CYLINDRICAL_SURFACE ( 'NONE', #2003, 0.1375000000000000400 ) ;
#620 = CARTESIAN_POINT ( 'NONE',  ( 0.0000000000000000000, -0.6666666666666666300, 1.677125235563511000E-017 ) ) ;
#621 = DIRECTION ( 'NONE',  ( 0.0000000000000000000, 0.0000000000000000000, -1.000000000000000000 ) ) ;
#622 = CARTESIAN_POINT ( 'NONE',  ( 10.47579425945666600, -8.513508640916521500, -2.872566950226704400 ) ) ;
#623 = EDGE_CURVE ( 'NONE', #7035, #3045, #581, .T. ) ;
#624 = EDGE_CURVE ( 'NONE', #6520, #2437, #4006, .T. ) ;
#625 = CARTESIAN_POINT ( 'NONE',  ( -10.47854951794378300, -1.657638888888889300, 3.000000000000005800 ) ) ;
#626 = CARTESIAN_POINT ( 'NONE',  ( -10.85615493024235800, -8.627258546350118400, -0.2693898093019657700 ) ) ;
#627 = FACE_OUTER_BOUND ( 'NONE', #4058, .T. ) ;
#628 = ORIENTED_EDGE ( 'NONE', *, *, #6003, .T. ) ;
#629 = CIRCLE ( 'NONE', #973, 0.1375000000000007300 ) ;
#630 = B_SPLINE_CURVE_WITH_KNOTS ( 'NONE', 3,
 ( #737, #3209, #5120, #1341, #1392, #5048, #5644, #7481, #3809, #2684 ),
 .UNSPECIFIED., .F., .F.,
 ( 4, 2, 2, 2, 4 ),
 ( 0.0000000000000000000, 0.0003790468944278283700, 0.0007580937888556567300, 0.001137140683283485200, 0.001516187577711313500 ),
 .UNSPECIFIED. ) ;
#631 = CARTESIAN_POINT ( 'NONE',  ( -10.98491290526229300, -0.8261087960654779300, 0.5772245123205503900 ) ) ;
#632 = CARTESIAN_POINT ( 'NONE',  ( -8.659462652110448700, -8.596774264463050500, 3.039512890810394600 ) ) ;
#633 = CARTESIAN_POINT ( 'NONE',  ( 12.92696701773796900, 0.5403851024289089100, 1.583096878095620700E-015 ) ) ;
#634 = CARTESIAN_POINT ( 'NONE',  ( -11.85315241706704000, -3.189583333333333700, -0.4708333333333341600 ) ) ;
#635 = CIRCLE ( 'NONE', #3831, 0.1375000000000000400 ) ;
#636 = ADVANCED_FACE ( 'NONE', ( #4868 ), #860, .F. ) ;
#637 = ORIENTED_EDGE ( 'NONE', *, *, #2002, .F. ) ;
#638 = CARTESIAN_POINT ( 'NONE',  ( 8.546978498079990800, -0.9549310193677514900, 2.819425216840900200 ) ) ;
#639 = CARTESIAN_POINT ( 'NONE',  ( 10.98966187822720600, -2.914583333333333700, -0.4767932489451486300 ) ) ;
#640 = DIRECTION ( 'NONE',  ( 1.000000000000000000, -0.0000000000000000000, -0.0000000000000000000 ) ) ;
#641 = DIRECTION ( 'NONE',  ( 0.0000000000000000000, -1.000000000000000000, 0.0000000000000000000 ) ) ;
#642 = VECTOR ( 'NONE', #7538, 1000.000000000000000 ) ;
#643 = EDGE_CURVE ( 'NONE', #133, #1270, #750, .T. ) ;
#644 = CARTESIAN_POINT ( 'NONE',  ( 10.60839925008270000, -8.513508640916521500, 2.908928557191594200 ) ) ;
#645 = DIRECTION ( 'NONE',  ( 0.0000000000000000000, 1.186541365237214300E-016, -1.000000000000000000 ) ) ;
#646 = CARTESIAN_POINT ( 'NONE',  ( -11.00000000000000000, -1.932638888888889200, 0.4708333333333341000 ) ) ;
#647 = CARTESIAN_POINT ( 'NONE',  ( -13.00000000000000000, -1.010416666666667000, 3.000000000000006200 ) ) ;
#648 = CIRCLE ( 'NONE', #76, 0.1375000000000000400 ) ;
#649 = DIRECTION ( 'NONE',  ( 0.0000000000000000000, -1.000000000000000000, 0.0000000000000000000 ) ) ;
#650 = CARTESIAN_POINT ( 'NONE',  ( 10.99999913380772500, -8.749965809213810200, 0.07784254573341423100 ) ) ;
#651 = CARTESIAN_POINT ( 'NONE',  ( -11.02217088113246400, -8.325238983641995100, -0.3333333333333339300 ) ) ;
#652 =( BOUNDED_SURFACE ( )  B_SPLINE_SURFACE ( 3, 2, ( 
 ( #1869, #6154, #7399 ),
 ( #5533, #3671, #5606 ),
 ( #1956, #3718, #6237 ),
 ( #1275, #3198, #2488 ),
 ( #3116, #46, #3089 ),
 ( #7371, #727, #3695 ) ),
 .UNSPECIFIED., .F., .F., .F. ) 
 B_SPLINE_SURFACE_WITH_KNOTS ( ( 4, 2, 4 ),
 ( 3, 3 ),
 ( 1.734723475976807100E-018, 0.0002186379982943776500, 0.0004372759965887535700 ),
 ( 0.0000000000000000000, 1.000000000000000000 ),
 .UNSPECIFIED. ) 
 GEOMETRIC_REPRESENTATION_ITEM ( )  RATIONAL_B_SPLINE_SURFACE ( (
 ( 1.000000000000000000, 0.7071067811865464600, 1.000000000000000000),
 ( 1.000000000000000000, 0.7305031502735577200, 1.000000000000000000),
 ( 1.000000000000000000, 0.7530573677912232300, 1.000000000000000000),
 ( 1.000000000000000000, 0.7852964550605589000, 1.000000000000000000),
 ( 1.000000000000000000, 0.7949447145220119900, 1.000000000000000000),
 ( 1.000000000000000000, 0.7948337212391497500, 1.000000000000000000) ) ) 
 REPRESENTATION_ITEM ( '' )  SURFACE ( )  );
#653 = EDGE_LOOP ( 'NONE', ( #6264, #1238, #7179, #2125 ) ) ;
#654 = FACE_OUTER_BOUND ( 'NONE', #14, .T. ) ;
#655 = CARTESIAN_POINT ( 'NONE',  ( -8.986953624920394300, -0.9024448255406829500, -0.4858769115583446700 ) ) ;
#656 = CYLINDRICAL_SURFACE ( 'NONE', #4249, 0.1375000000000000400 ) ;
#657 = CARTESIAN_POINT ( 'NONE',  ( 10.98980997409863000, -8.486814521105756600, -0.4734166228121281500 ) ) ;
#658 = CARTESIAN_POINT ( 'NONE',  ( -11.99161100192527700, -4.954069349571759600, -0.3333333333333335400 ) ) ;
#659 = CARTESIAN_POINT ( 'NONE',  ( 10.85415376385976100, -8.439682309904011200, 0.3333333333333338700 ) ) ;
#660 = EDGE_CURVE ( 'NONE', #4429, #825, #4484, .T. ) ;
#661 = VERTEX_POINT ( 'NONE', #6398 ) ;
#662 = CARTESIAN_POINT ( 'NONE',  ( 8.988044143389480200, -1.010416666666450200, 0.4637482900127513600 ) ) ;
#663 = DIRECTION ( 'NONE',  ( 0.0000000000000000000, 0.0000000000000000000, 1.000000000000000000 ) ) ;
#664 = DIRECTION ( 'NONE',  ( 0.0000000000000000000, 0.0000000000000000000, 1.000000000000000000 ) ) ;
#665 = ORIENTED_EDGE ( 'NONE', *, *, #7142, .F. ) ;
#666 = EDGE_CURVE ( 'NONE', #4620, #4333, #1608, .T. ) ;
#667 = ORIENTED_EDGE ( 'NONE', *, *, #7764, .T. ) ;
#668 = CARTESIAN_POINT ( 'NONE',  ( 10.30337932021115000, -8.537051576677896500, 3.852320675105491700 ) ) ;
#669 = ADVANCED_FACE ( 'NONE', ( #2186 ), #6870, .T. ) ;
#670 = DIRECTION ( 'NONE',  ( 0.0000000000000000000, 0.0000000000000000000, -1.000000000000000000 ) ) ;
#671 = CARTESIAN_POINT ( 'NONE',  ( -11.27996010631243200, -2.423611111111112000, 2.862500000000005200 ) ) ;
#672 = CARTESIAN_POINT ( 'NONE',  ( -10.48446196509712700, -8.416666666666671400, 3.000000000000000000 ) ) ;
#673 = ORIENTED_EDGE ( 'NONE', *, *, #897, .F. ) ;
#674 = CARTESIAN_POINT ( 'NONE',  ( 10.58352592871034900, -0.9256108492702603800, 2.999999824353467600 ) ) ;
#675 = CARTESIAN_POINT ( 'NONE',  ( -10.61025830592786600, -8.486963670435850200, 2.902148876547680600 ) ) ;
#676 = ORIENTED_EDGE ( 'NONE', *, *, #7469, .T. ) ;
#677 = AXIS2_PLACEMENT_3D ( 'NONE', #2585, #6858, #3181 ) ;
#678 = B_SPLINE_CURVE_WITH_KNOTS ( 'NONE', 3,
 ( #6396, #2087, #438, #1050 ),
 .UNSPECIFIED., .F., .F.,
 ( 4, 4 ),
 ( 0.0000000000000000000, 6.947295919942500800E-005 ),
 .UNSPECIFIED. ) ;
#679 = PLANE ( 'NONE',  #998 ) ;
#680 = CARTESIAN_POINT ( 'NONE',  ( -11.85315235462398700, -4.908438029749872200, -0.3333333333333340900 ) ) ;
#681 = ORIENTED_EDGE ( 'NONE', *, *, #6804, .T. ) ;
#682 = DIRECTION ( 'NONE',  ( -1.000000000000000000, 0.0000000000000000000, 0.0000000000000000000 ) ) ;
#683 = ORIENTED_EDGE ( 'NONE', *, *, #6663, .T. ) ;
#684 = DIRECTION ( 'NONE',  ( 0.0000000000000000000, 0.0000000000000000000, 1.000000000000000000 ) ) ;
#685 = DIRECTION ( 'NONE',  ( 0.0000000000000000000, 0.0000000000000000000, 1.000000000000000000 ) ) ;
#686 = CARTESIAN_POINT ( 'NONE',  ( -9.134645317184986600, -8.714704686749232800, 0.1732766926344531400 ) ) ;
#687 = ORIENTED_EDGE ( 'NONE', *, *, #519, .F. ) ;
#688 = CARTESIAN_POINT ( 'NONE',  ( 11.34521359224995700, -5.950750560514022100, 2.895173542070078800 ) ) ;
#689 = CARTESIAN_POINT ( 'NONE',  ( 10.58190561240080800, -8.734753029359687600, -3.005483276612047000 ) ) ;
#690 = CARTESIAN_POINT ( 'NONE',  ( -10.99860860381045500, -8.450673309937855000, 0.3321641899692541800 ) ) ;
#691 = CARTESIAN_POINT ( 'NONE',  ( 10.98966187822720800, 0.0000000000000000000, -0.4767932489451486800 ) ) ;
#692 = ORIENTED_EDGE ( 'NONE', *, *, #5637, .F. ) ;
#693 = CIRCLE ( 'NONE', #5696, 11.36249999999999900 ) ;
#694 = ORIENTED_EDGE ( 'NONE', *, *, #2398, .T. ) ;
#695 = DIRECTION ( 'NONE',  ( -0.0000000000000000000, 1.000000000000000000, 0.0000000000000000000 ) ) ;
#696 = LINE ( 'NONE', #75, #6250 ) ;
#697 = CARTESIAN_POINT ( 'NONE',  ( 0.0000000000000000000, -8.323592968122445900, 0.0000000000000000000 ) ) ;
#698 = DIRECTION ( 'NONE',  ( 1.261617073437677500E-014, 1.000000000000000000, 0.0000000000000000000 ) ) ;
#699 = ORIENTED_EDGE ( 'NONE', *, *, #2607, .T. ) ;
#700 = DIRECTION ( 'NONE',  ( 0.0000000000000000000, 0.0000000000000000000, -1.000000000000000000 ) ) ;
#701 = CARTESIAN_POINT ( 'NONE',  ( 10.61118938525955700, -1.010416666666646300, 2.898734177215313200 ) ) ;
#702 = CARTESIAN_POINT ( 'NONE',  ( -10.86249797557174500, -8.749966934388304200, -0.07648574569398229600 ) ) ;
#703 = EDGE_CURVE ( 'NONE', #6063, #4632, #6477, .T. ) ;
#704 = TOROIDAL_SURFACE ( 'NONE', #379, 11.13749999999999900, 0.1375000000000000100 ) ;
#705 = AXIS2_PLACEMENT_3D ( 'NONE', #5458, #6079, #2409 ) ;
#706 = EDGE_CURVE ( 'NONE', #487, #217, #2894, .T. ) ;
#707 = CARTESIAN_POINT ( 'NONE',  ( 10.76336378647493000, -3.052083333333333900, -2.862500000000007400 ) ) ;
#708 = ORIENTED_EDGE ( 'NONE', *, *, #301, .F. ) ;
#709 = DIRECTION ( 'NONE',  ( -0.0000000000000000000, 1.000000000000000000, 0.0000000000000000000 ) ) ;
#710 = CARTESIAN_POINT ( 'NONE',  ( 0.0000000000000000000, -0.8041666666666665900, 0.0000000000000000000 ) ) ;
#711 = CARTESIAN_POINT ( 'NONE',  ( -11.00000000000000000, -1.932638888888889200, 2.862500000000005600 ) ) ;
#712 = ORIENTED_EDGE ( 'NONE', *, *, #6106, .F. ) ;
#713 = ADVANCED_FACE ( 'NONE', ( #1210 ), #7866, .T. ) ;
#714 = VECTOR ( 'NONE', #641, 1000.000000000000000 ) ;
#715 = CARTESIAN_POINT ( 'NONE',  ( 10.85229110474936800, -1.010416666666666500, -0.3333333333333342600 ) ) ;
#716 = EDGE_LOOP ( 'NONE', ( #3393, #4299, #6414, #6086 ) ) ;
#717 = CARTESIAN_POINT ( 'NONE',  ( 0.0000000000000000000, 0.4189344802651160400, -12.86249999999999900 ) ) ;
#718 = EDGE_CURVE ( 'NONE', #3947, #2530, #7647, .T. ) ;
#719 = AXIS2_PLACEMENT_3D ( 'NONE', #867, #2717, #2070 ) ;
#720 = CARTESIAN_POINT ( 'NONE',  ( -9.000001734432689900, -8.750056917839311100, 0.08489013681872469000 ) ) ;
#721 = CYLINDRICAL_SURFACE ( 'NONE', #352, 11.00000000000000000 ) ;
#722 = DIRECTION ( 'NONE',  ( -0.0000000000000000000, 1.000000000000000000, -0.0000000000000000000 ) ) ;
#723 = EDGE_LOOP ( 'NONE', ( #1847, #5494, #4911, #2390 ) ) ;
#724 = DIRECTION ( 'NONE',  ( -0.9704489199249684000, 0.0000000000000000000, -0.2413066385669123400 ) ) ;
#725 = DIRECTION ( 'NONE',  ( 1.000000000000000000, 0.0000000000000000000, 0.0000000000000000000 ) ) ;
#726 = LINE ( 'NONE', #901, #6655 ) ;
#727 = CARTESIAN_POINT ( 'NONE',  ( 10.58352587923449800, -1.657638888888909100, 3.000000000000006200 ) ) ;
#728 = CARTESIAN_POINT ( 'NONE',  ( -10.82259344804161700, -7.708653435293547000, 2.896664423125538100 ) ) ;
#729 = ORIENTED_EDGE ( 'NONE', *, *, #37, .F. ) ;
#730 = CARTESIAN_POINT ( 'NONE',  ( 10.44985776312976200, -8.641261209316340300, -3.074067073267533300 ) ) ;
#731 = CARTESIAN_POINT ( 'NONE',  ( 11.63191935903348900, -4.984036849272100300, -2.894410177868509800 ) ) ;
#732 = CARTESIAN_POINT ( 'NONE',  ( -10.48047654634718600, -8.439694462153875400, 3.000000000000000000 ) ) ;
#733 = CARTESIAN_POINT ( 'NONE',  ( 10.59285305376035100, -0.8416566020482038100, 2.967083413456109000 ) ) ;
#734 = CARTESIAN_POINT ( 'NONE',  ( 10.98381826955001900, -3.159837583708223100, -0.3333333333333341500 ) ) ;
#735 = CIRCLE ( 'NONE', #1932, 0.1375000000000000400 ) ;
#736 = B_SPLINE_CURVE_WITH_KNOTS ( 'NONE', 3,
 ( #5389, #1201, #3012, #4782 ),
 .UNSPECIFIED., .F., .F.,
 ( 4, 4 ),
 ( 0.0000000000000000000, 9.589582039655227600E-005 ),
 .UNSPECIFIED. ) ;
#737 = CARTESIAN_POINT ( 'NONE',  ( -8.182944173180519700, -8.416666666666671400, -3.746922024623807100 ) ) ;
#738 = DIRECTION ( 'NONE',  ( -0.0000000000000000000, 1.000000000000000000, 0.0000000000000000000 ) ) ;
#739 = AXIS2_PLACEMENT_3D ( 'NONE', #948, #7620, #2102 ) ;
#740 = TOROIDAL_SURFACE ( 'NONE', #5563, 11.13749999999999900, 0.1375000000000000100 ) ;
#741 = DIRECTION ( 'NONE',  ( -0.0000000000000000000, 1.000000000000000000, -0.0000000000000000000 ) ) ;
#742 = CARTESIAN_POINT ( 'NONE',  ( -11.85042255390516000, -4.927621774756279800, 0.3333333333333339300 ) ) ;
#743 = CARTESIAN_POINT ( 'NONE',  ( 10.50513904123421900, -0.7035439582883932200, -2.835175690690156600 ) ) ;
#744 = CARTESIAN_POINT ( 'NONE',  ( 10.98890288157241100, -0.7003094372777732800, -0.5029745655788437900 ) ) ;
#745 = CARTESIAN_POINT ( 'NONE',  ( 10.98872300809570200, -0.9026023587856190100, 0.4994539755035226600 ) ) ;
#746 = CARTESIAN_POINT ( 'NONE',  ( 11.01205097355012300, -8.360775495790854000, 0.3333333333333337600 ) ) ;
#747 = CARTESIAN_POINT ( 'NONE',  ( 11.50913026339230200, -4.927653274402524100, 3.000000000000003600 ) ) ;
#748 = DIRECTION ( 'NONE',  ( 0.0000000000000000000, 0.0000000000000000000, 1.000000000000000000 ) ) ;
#749 = CYLINDRICAL_SURFACE ( 'NONE', #2210, 0.1375000000000000400 ) ;
#750 = CIRCLE ( 'NONE', #6956, 0.1375000000000000400 ) ;
#751 = EDGE_CURVE ( 'NONE', #5663, #4466, #1130, .T. ) ;
#752 = DIRECTION ( 'NONE',  ( 0.0000000000000000000, 0.0000000000000000000, 1.000000000000000000 ) ) ;
#753 = ADVANCED_FACE ( 'NONE', ( #7547 ), #3624, .T. ) ;
#754 = AXIS2_PLACEMENT_3D ( 'NONE', #6871, #3227, #6309 ) ;
#755 = CARTESIAN_POINT ( 'NONE',  ( 0.0000000000000000000, -10.00000000000000200, -9.209999999999999100 ) ) ;
#756 = ORIENTED_EDGE ( 'NONE', *, *, #290, .F. ) ;
#757 = CARTESIAN_POINT ( 'NONE',  ( 10.17458711536205300, -8.500710624676907300, -3.666666666666670500 ) ) ;
#758 = CARTESIAN_POINT ( 'NONE',  ( 11.50368023849109300, -4.946053714713288600, -3.000000000000008400 ) ) ;
#759 = CIRCLE ( 'NONE', #1529, 0.1375000000000000400 ) ;
#760 = CARTESIAN_POINT ( 'NONE',  ( -10.51182419603454400, -8.285609833563633200, 3.000000000000000900 ) ) ;
#761 = CARTESIAN_POINT ( 'NONE',  ( -11.27996010631243200, -2.561111111111112200, 3.000000000000005300 ) ) ;
#762 = VERTEX_POINT ( 'NONE', #3744 ) ;
#763 = CARTESIAN_POINT ( 'NONE',  ( -10.88442328056748900, -8.285609833563631500, -0.3333333333333339300 ) ) ;
#764 = CARTESIAN_POINT ( 'NONE',  ( 10.98980997409882200, -8.486814521123923400, 0.4734166228075134500 ) ) ;
#765 = ORIENTED_EDGE ( 'NONE', *, *, #1264, .F. ) ;
#766 = EDGE_CURVE ( 'NONE', #6780, #7102, #362, .T. ) ;
#767 = ORIENTED_EDGE ( 'NONE', *, *, #1814, .F. ) ;
#768 = ORIENTED_EDGE ( 'NONE', *, *, #6853, .F. ) ;
#769 = CARTESIAN_POINT ( 'NONE',  ( 11.02801325889183700, -2.431798062773336400, 3.000000000000005300 ) ) ;
#770 = PLANE ( 'NONE',  #1316 ) ;
#771 = DIRECTION ( 'NONE',  ( 0.9610304717865918400, 0.2764424574801069800, 0.0000000000000000000 ) ) ;
#772 = EDGE_LOOP ( 'NONE', ( #2453, #7168, #2912, #756 ) ) ;
#773 = ADVANCED_FACE ( 'NONE', ( #2370 ), #6734, .T. ) ;
#774 = CARTESIAN_POINT ( 'NONE',  ( -10.51906243948117300, -0.6666666666666669600, 2.746525820441152000 ) ) ;
#775 = CARTESIAN_POINT ( 'NONE',  ( -11.51920828021867400, -2.371981019242555400, 0.4753055503163604000 ) ) ;
#776 = CARTESIAN_POINT ( 'NONE',  ( 10.88442328056748900, -8.285609833563626100, -0.3333333333333339300 ) ) ;
#777 = EDGE_CURVE ( 'NONE', #5473, #310, #6016, .T. ) ;
#778 = EDGE_CURVE ( 'NONE', #4429, #6822, #5917, .T. ) ;
#779 = AXIS2_PLACEMENT_3D ( 'NONE', #6099, #2436, #3057 ) ;
#780 = VERTEX_POINT ( 'NONE', #17 ) ;
#781 = DIRECTION ( 'NONE',  ( 0.0000000000000000000, 0.0000000000000000000, -1.000000000000000000 ) ) ;
#782 = ORIENTED_EDGE ( 'NONE', *, *, #1430, .F. ) ;
#783 = DIRECTION ( 'NONE',  ( -0.0000000000000000000, 1.000000000000000000, -0.0000000000000000000 ) ) ;
#784 = CARTESIAN_POINT ( 'NONE',  ( -11.62797154374838900, -2.561111111111112200, 0.3333333333333341500 ) ) ;
#785 = DIRECTION ( 'NONE',  ( -0.9583806707790875100, -0.2854934147699845800, 0.0000000000000000000 ) ) ;
#786 = CARTESIAN_POINT ( 'NONE',  ( 11.05686643635456100, -3.034095798504379700, -0.3333333333332760300 ) ) ;
#787 = ORIENTED_EDGE ( 'NONE', *, *, #7871, .T. ) ;
#788 = ORIENTED_EDGE ( 'NONE', *, *, #6234, .F. ) ;
#789 = B_SPLINE_CURVE_WITH_KNOTS ( 'NONE', 3,
 ( #4935, #675, #5486, #3093 ),
 .UNSPECIFIED., .F., .F.,
 ( 4, 4 ),
 ( 0.0000000000000000000, 8.174926075451225400E-005 ),
 .UNSPECIFIED. ) ;
#790 = VERTEX_POINT ( 'NONE', #44 ) ;
#791 = CARTESIAN_POINT ( 'NONE',  ( -11.50000000000000000, -2.423611111111112000, -8.030407079339205500E-014 ) ) ;
#792 = CARTESIAN_POINT ( 'NONE',  ( -11.51195031260993300, -4.889079012875070500, 3.000000000000003600 ) ) ;
#793 = DIRECTION ( 'NONE',  ( 0.0000000000000000000, 0.0000000000000000000, 1.000000000000000000 ) ) ;
#794 = LINE ( 'NONE', #7318, #3845 ) ;
#795 = ORIENTED_EDGE ( 'NONE', *, *, #4708, .F. ) ;
#796 = ADVANCED_FACE ( 'NONE', ( #5436 ), #5923, .F. ) ;
#797 = ORIENTED_EDGE ( 'NONE', *, *, #5034, .F. ) ;
#798 = CARTESIAN_POINT ( 'NONE',  ( 10.58340749839274300, -8.470568455446724000, 3.003623484777280700 ) ) ;
#799 = CARTESIAN_POINT ( 'NONE',  ( -8.998849098244482600, -8.716098521194584900, -0.1706878491170272800 ) ) ;
#800 = CIRCLE ( 'NONE', #4792, 12.00000000000000000 ) ;
#801 = CARTESIAN_POINT ( 'NONE',  ( -11.25468568081237200, -2.422150920636343000, 2.868197238802693900 ) ) ;
#802 = CARTESIAN_POINT ( 'NONE',  ( -10.66604804961214900, -0.8041666666666670300, -2.689873417721526200 ) ) ;
#803 = ORIENTED_EDGE ( 'NONE', *, *, #7349, .F. ) ;
#804 = ORIENTED_EDGE ( 'NONE', *, *, #3422, .F. ) ;
#805 = ORIENTED_EDGE ( 'NONE', *, *, #5070, .F. ) ;
#806 = CIRCLE ( 'NONE', #2629, 10.78999999999999900 ) ;
#807 = DIRECTION ( 'NONE',  ( -1.000000000000000000, 0.0000000000000000000, 0.0000000000000000000 ) ) ;
#808 = CARTESIAN_POINT ( 'NONE',  ( -10.30337932021115000, -8.416666666666671400, 3.852320675105491700 ) ) ;
#809 = CARTESIAN_POINT ( 'NONE',  ( -11.55597921507959600, -2.561110952457881200, 0.3333333333333341500 ) ) ;
#810 = ORIENTED_EDGE ( 'NONE', *, *, #7245, .F. ) ;
#811 = ADVANCED_FACE ( 'NONE', ( #7069 ), #5062, .F. ) ;
#812 = ORIENTED_EDGE ( 'NONE', *, *, #7797, .T. ) ;
#813 = CIRCLE ( 'NONE', #7497, 12.00000000000000000 ) ;
#814 = CARTESIAN_POINT ( 'NONE',  ( -11.20467811338918700, -7.172430905847726900, 0.3333333333333337600 ) ) ;
#815 = CARTESIAN_POINT ( 'NONE',  ( -10.58593491671331000, -8.450281924582457200, -3.000886091609138000 ) ) ;
#816 = DIRECTION ( 'NONE',  ( 0.0000000000000000000, 1.219727444046190300E-016, -1.000000000000000000 ) ) ;
#817 = CIRCLE ( 'NONE', #2146, 0.1374999999999998200 ) ;
#818 = ORIENTED_EDGE ( 'NONE', *, *, #2917, .T. ) ;
#819 = EDGE_CURVE ( 'NONE', #929, #6261, #1188, .T. ) ;
#820 = AXIS2_PLACEMENT_3D ( 'NONE', #5474, #585, #4182 ) ;
#821 = CARTESIAN_POINT ( 'NONE',  ( -8.999998261041160000, -8.749942933629027300, -0.08533526361308266300 ) ) ;
#822 = CARTESIAN_POINT ( 'NONE',  ( -10.65241927801510100, -0.8041666666666664700, -2.743915043529471500 ) ) ;
#823 = CARTESIAN_POINT ( 'NONE',  ( 11.23728905727017500, 1.437280458815214200, 22.47457811454035300 ) ) ;
#824 = LINE ( 'NONE', #2627, #1590 ) ;
#825 = VERTEX_POINT ( 'NONE', #1273 ) ;
#826 = ADVANCED_FACE ( 'NONE', ( #7358 ), #1033, .T. ) ;
#827 = PERSON_AND_ORGANIZATION_ROLE ( 'creator' ) ;
#828 = CARTESIAN_POINT ( 'NONE',  ( -11.51195031260993300, -4.889079012875070500, 3.000000000000003600 ) ) ;
#829 = CARTESIAN_POINT ( 'NONE',  ( -10.48446196509714500, -8.416666666666671400, -3.000000000000004400 ) ) ;
#830 = FACE_OUTER_BOUND ( 'NONE', #3471, .T. ) ;
#831 = AXIS2_PLACEMENT_3D ( 'NONE', #3585, #5441, #2420 ) ;
#832 = CARTESIAN_POINT ( 'NONE',  ( -10.62851905541187700, -8.359357545201055100, 2.897801131781313300 ) ) ;
#833 = CARTESIAN_POINT ( 'NONE',  ( 10.99820235350845700, -8.849941954914461600, 0.2161211450956474200 ) ) ;
#834 = CARTESIAN_POINT ( 'NONE',  ( 10.62846983403187600, -2.987502502644072700, -2.894512376774488700 ) ) ;
#835 = CARTESIAN_POINT ( 'NONE',  ( 11.85315241706704200, -4.889079012875070500, 0.3333333333333339800 ) ) ;
#836 = CYLINDRICAL_SURFACE ( 'NONE', #7221, 0.1374999999999999800 ) ;
#837 = DIRECTION ( 'NONE',  ( 0.0000000000000000000, 0.0000000000000000000, -1.000000000000000000 ) ) ;
#838 = CARTESIAN_POINT ( 'NONE',  ( 8.550777295807462200, -8.751063613494462600, 3.255862352472934900 ) ) ;
#839 = DIRECTION ( 'NONE',  ( 1.000000000000000000, 0.0000000000000000000, 0.0000000000000000000 ) ) ;
#840 = CC_DESIGN_PERSON_AND_ORGANIZATION_ASSIGNMENT ( #6724, #4525, ( #7090 ) ) ;
#841 = EDGE_LOOP ( 'NONE', ( #6796, #7290, #4938, #6515, #5631, #3075 ) ) ;
#842 = CONICAL_SURFACE ( 'NONE', #3189, 12.00000000000000000, 0.2798806853557597700 ) ;
#843 = ORIENTED_EDGE ( 'NONE', *, *, #6083, .T. ) ;
#844 = DIRECTION ( 'NONE',  ( 0.0000000000000000000, 0.0000000000000000000, 1.000000000000000000 ) ) ;
#845 = CARTESIAN_POINT ( 'NONE',  ( 11.12754340464337100, -1.795138888888889300, 0.4708333333333341000 ) ) ;
#846 = ADVANCED_FACE ( 'NONE', ( #3449 ), #1981, .T. ) ;
#847 = CARTESIAN_POINT ( 'NONE',  ( -11.44952640276145700, -5.599234949560552900, -2.894890979170552400 ) ) ;
#848 = CARTESIAN_POINT ( 'NONE',  ( -8.677557259966656400, -8.416666666666671400, -3.000000000000004000 ) ) ;
#849 = ORIENTED_EDGE ( 'NONE', *, *, #2837, .F. ) ;
#850 = VERTEX_POINT ( 'NONE', #1953 ) ;
#851 = EDGE_CURVE ( 'NONE', #478, #7102, #4288, .T. ) ;
#852 = CARTESIAN_POINT ( 'NONE',  ( 11.97716594857773000, -4.984036849272101200, -0.4760820234339754900 ) ) ;
#853 = CARTESIAN_POINT ( 'NONE',  ( 8.998869120309951300, -8.716951421780454000, -0.1697280880458808800 ) ) ;
#854 = CARTESIAN_POINT ( 'NONE',  ( 10.85800004235542600, -8.416666666666671400, -0.3333333333333339300 ) ) ;
#855 = ORIENTED_EDGE ( 'NONE', *, *, #6260, .F. ) ;
#856 = DIRECTION ( 'NONE',  ( 0.0000000000000000000, 0.0000000000000000000, -1.000000000000000000 ) ) ;
#857 = CARTESIAN_POINT ( 'NONE',  ( 8.677557249512183500, -8.508722729506800400, 2.999999999999999600 ) ) ;
#858 = ORIENTED_EDGE ( 'NONE', *, *, #4756, .F. ) ;
#859 = ORIENTED_EDGE ( 'NONE', *, *, #2258, .F. ) ;
#860 = PLANE ( 'NONE',  #233 ) ;
#861 = B_SPLINE_CURVE_WITH_KNOTS ( 'NONE', 3,
 ( #2556, #5548, #3156, #6859 ),
 .UNSPECIFIED., .F., .F.,
 ( 4, 4 ),
 ( 0.0000000000000000000, 9.589582039654577100E-005 ),
 .UNSPECIFIED. ) ;
#862 = CARTESIAN_POINT ( 'NONE',  ( 10.86072441530527900, -8.723402508631865600, 0.1511056994234801200 ) ) ;
#863 = CARTESIAN_POINT ( 'NONE',  ( -10.49903941559888700, -8.328527428759780800, -3.000000000000009800 ) ) ;
#864 = CARTESIAN_POINT ( 'NONE',  ( 10.85229110474936400, -1.010416666666666500, 0.3333333333333342600 ) ) ;
#865 = CARTESIAN_POINT ( 'NONE',  ( 11.20998903740970900, -7.650880908784217600, -0.4764431014594644500 ) ) ;
#866 = EDGE_LOOP ( 'NONE', ( #6895, #3935 ) ) ;
#867 = CARTESIAN_POINT ( 'NONE',  ( -13.00000000000000000, -0.6666666666666669600, 3.000000000000006700 ) ) ;
#868 = EDGE_CURVE ( 'NONE', #3697, #6609, #4678, .T. ) ;
#869 = AXIS2_PLACEMENT_3D ( 'NONE', #3633, #602, #7887 ) ;
#870 = VERTEX_POINT ( 'NONE', #7548 ) ;
#871 = CARTESIAN_POINT ( 'NONE',  ( -10.47854951794378300, 1.121274891931784600E-015, -2.862500000000005200 ) ) ;
#872 = EDGE_LOOP ( 'NONE', ( #7003, #2613, #1414, #3157 ) ) ;
#873 = DIRECTION ( 'NONE',  ( 0.0000000000000000000, 0.0000000000000000000, -1.000000000000000000 ) ) ;
#874 = CARTESIAN_POINT ( 'NONE',  ( -11.85315241706703800, -4.889079012875070500, -0.3333333333333340900 ) ) ;
#875 = DIRECTION ( 'NONE',  ( 0.0000000000000000000, -1.000000000000000000, 4.196911635427758100E-017 ) ) ;
#876 = CARTESIAN_POINT ( 'NONE',  ( -8.414725753821080900, -8.737722581663430100, -3.194058284803791300 ) ) ;
#877 = VERTEX_POINT ( 'NONE', #2516 ) ;
#878 = EDGE_CURVE ( 'NONE', #5741, #1106, #2656, .T. ) ;
#879 = ORIENTED_EDGE ( 'NONE', *, *, #6553, .F. ) ;
#880 = CARTESIAN_POINT ( 'NONE',  ( 8.988044143389004100, -8.416666666666671400, 0.4637482900136804000 ) ) ;
#881 = ORIENTED_EDGE ( 'NONE', *, *, #7324, .T. ) ;
#882 = CARTESIAN_POINT ( 'NONE',  ( -10.37279332050153100, -8.416666666666671400, 3.666666666666673600 ) ) ;
#883 = CARTESIAN_POINT ( 'NONE',  ( 8.307961426467448600, -8.507953085083501700, 3.666666666666673200 ) ) ;
#884 = CARTESIAN_POINT ( 'NONE',  ( -8.307961375826332400, -8.416666666666671400, -3.804166666666670700 ) ) ;
#885 = VECTOR ( 'NONE', #174, 1000.000000000000000 ) ;
#886 = ADVANCED_FACE ( 'NONE', ( #5240 ), #1699, .T. ) ;
#887 = ORIENTED_EDGE ( 'NONE', *, *, #2984, .F. ) ;
#888 = CARTESIAN_POINT ( 'NONE',  ( -11.51195031260993500, -2.561111111111112200, 3.000000000000005300 ) ) ;
#889 = ORIENTED_EDGE ( 'NONE', *, *, #6187, .F. ) ;
#890 = DIRECTION ( 'NONE',  ( 0.0000000000000000000, 0.0000000000000000000, -1.000000000000000000 ) ) ;
#891 = CARTESIAN_POINT ( 'NONE',  ( 10.30337932021115300, 2.000000000000000000, -3.852320675105482400 ) ) ;
#892 = DIRECTION ( 'NONE',  ( 0.0000000000000000000, 0.0000000000000000000, -1.000000000000000000 ) ) ;
#893 = LINE ( 'NONE', #458, #2335 ) ;
#894 = EDGE_LOOP ( 'NONE', ( #2408, #6348, #3300, #3275 ) ) ;
#895 = CARTESIAN_POINT ( 'NONE',  ( -10.68505490098943500, -1.780779465900794300, 2.880922423192313200 ) ) ;
#896 = CARTESIAN_POINT ( 'NONE',  ( 11.11735258951189000, -1.795138888888889300, 0.4712629929482745100 ) ) ;
#897 = EDGE_CURVE ( 'NONE', #7494, #5568, #3146, .T. ) ;
#898 = CARTESIAN_POINT ( 'NONE',  ( 8.677557259966652800, -0.9188339617476160000, 3.000000000000005800 ) ) ;
#899 = CARTESIAN_POINT ( 'NONE',  ( -8.546978422949370800, -0.9550440888140351300, -2.819425444596449700 ) ) ;
#900 = ORIENTED_EDGE ( 'NONE', *, *, #7572, .T. ) ;
#901 = CARTESIAN_POINT ( 'NONE',  ( -13.00000000000000000, -0.6666666666666666300, -0.6770833333333347000 ) ) ;
#902 = AXIS2_PLACEMENT_3D ( 'NONE', #1423, #7515, #277 ) ;
#903 = ORIENTED_EDGE ( 'NONE', *, *, #505, .T. ) ;
#904 = CARTESIAN_POINT ( 'NONE',  ( -11.50368023849109300, -4.946053714713292100, -3.000000000000008400 ) ) ;
#905 = DIRECTION ( 'NONE',  ( -0.0000000000000000000, 1.000000000000000000, -0.0000000000000000000 ) ) ;
#906 = ORIENTED_EDGE ( 'NONE', *, *, #6383, .T. ) ;
#907 = CARTESIAN_POINT ( 'NONE',  ( 9.000001734432689900, -8.750056917839312800, -0.08489013681872598100 ) ) ;
#908 = TOROIDAL_SURFACE ( 'NONE', #2572, 10.86249999999999900, 0.1375000000000000100 ) ;
#909 = CARTESIAN_POINT ( 'NONE',  ( -10.58213443874542700, -8.733906446852762100, 3.004678225428999200 ) ) ;
#910 = CARTESIAN_POINT ( 'NONE',  ( 11.38257799735071000, -2.429816090622778400, 0.3333333333333342000 ) ) ;
#911 = CARTESIAN_POINT ( 'NONE',  ( -11.79977779995628100, -5.600696844379744000, 0.4761612970275082600 ) ) ;
#912 = EDGE_CURVE ( 'NONE', #7241, #7893, #648, .T. ) ;
#913 = B_SPLINE_CURVE_WITH_KNOTS ( 'NONE', 3,
 ( #1758, #6121, #6143, #3592 ),
 .UNSPECIFIED., .F., .F.,
 ( 4, 4 ),
 ( 0.0000000000000000000, 6.913181708338239900E-005 ),
 .UNSPECIFIED. ) ;
#914 = VECTOR ( 'NONE', #3957, 1000.000000000000000 ) ;
#915 = ORIENTED_EDGE ( 'NONE', *, *, #5435, .T. ) ;
#916 = CARTESIAN_POINT ( 'NONE',  ( 10.85366700961598600, -8.560109223371458900, -0.3104679275801254800 ) ) ;
#917 = CARTESIAN_POINT ( 'NONE',  ( -10.59381187387645600, -8.390873880168985700, -3.000000000000010200 ) ) ;
#918 = CARTESIAN_POINT ( 'NONE',  ( -8.479304490137254300, -8.563271856736868400, 3.021208697379757600 ) ) ;
#919 = CARTESIAN_POINT ( 'NONE',  ( 11.95182497859541300, -5.072131190137278100, -0.4760932343578062100 ) ) ;
#920 = CYLINDRICAL_SURFACE ( 'NONE', #6697, 0.1375000000000000400 ) ;
#921 = EDGE_CURVE ( 'NONE', #4632, #7789, #354, .T. ) ;
#922 = CARTESIAN_POINT ( 'NONE',  ( 6.253606744053680400, 1.999999999999999600, 7.658459482231640300E-016 ) ) ;
#923 = CARTESIAN_POINT ( 'NONE',  ( 11.01021001640362200, -1.731469344885829800, 0.4758853275375254400 ) ) ;
#924 = ADVANCED_FACE ( 'NONE', ( #2560 ), #4774, .T. ) ;
#925 = CARTESIAN_POINT ( 'NONE',  ( -10.98966187822760600, -1.010416666666449400, 0.4767932489441835100 ) ) ;
#926 = B_SPLINE_CURVE_WITH_KNOTS ( 'NONE', 3,
 ( #2908, #1587, #586, #5527, #4975, #688, #2401, #6728, #6145, #4306 ),
 .UNSPECIFIED., .F., .F.,
 ( 4, 3, 3, 4 ),
 ( 0.0000000000000000000, 0.0002750000004343280500, 0.001375000059080391300, 0.003483945882454723500 ),
 .UNSPECIFIED. ) ;
#927 = DIRECTION ( 'NONE',  ( 0.0000000000000000000, 1.000000000000000000, 1.133581677370982300E-015 ) ) ;
#928 = VECTOR ( 'NONE', #5941, 1000.000000000000000 ) ;
#929 = VERTEX_POINT ( 'NONE', #3847 ) ;
#930 = DIRECTION ( 'NONE',  ( 0.0000000000000000000, 0.0000000000000000000, -1.000000000000000000 ) ) ;
#931 = EDGE_LOOP ( 'NONE', ( #3085, #900, #1612, #7932 ) ) ;
#932 = CIRCLE ( 'NONE', #6814, 0.1374999999999996200 ) ;
#933 = AXIS2_PLACEMENT_3D ( 'NONE', #7749, #2330, #1020 ) ;
#934 = CARTESIAN_POINT ( 'NONE',  ( -11.10231056921652000, -2.330316830775118300, 3.000000000000196700 ) ) ;
#935 = CARTESIAN_POINT ( 'NONE',  ( -10.51271343193504900, -8.750412938263677300, 3.238977933005952300 ) ) ;
#936 = DIRECTION ( 'NONE',  ( -0.0000000000000000000, -1.000000000000000000, 0.0000000000000000000 ) ) ;
#937 = CARTESIAN_POINT ( 'NONE',  ( -11.92648388618794500, -5.160225495776964900, 0.4761045171119840900 ) ) ;
#938 = EDGE_LOOP ( 'NONE', ( #6319, #7461, #5785, #879 ) ) ;
#939 = CARTESIAN_POINT ( 'NONE',  ( -8.468427998954656000, -8.841272439308765400, 3.048661626308962100 ) ) ;
#940 = CIRCLE ( 'NONE', #2505, 0.1375000000000000400 ) ;
#941 = CARTESIAN_POINT ( 'NONE',  ( 8.459909666855608600, -8.748877022405181900, 3.419700864635974600 ) ) ;
#942 = CARTESIAN_POINT ( 'NONE',  ( -11.97716594857773100, -4.984036849272101200, 0.4760820234339752700 ) ) ;
#943 = DIRECTION ( 'NONE',  ( 0.0000000000000000000, 1.000000000000000000, 0.0000000000000000000 ) ) ;
#944 = LINE ( 'NONE', #6821, #1619 ) ;
#945 = CC_DESIGN_PERSON_AND_ORGANIZATION_ASSIGNMENT ( #3582, #4452, ( #6326 ) ) ;
#946 = ORIENTED_EDGE ( 'NONE', *, *, #7839, .T. ) ;
#947 = CARTESIAN_POINT ( 'NONE',  ( -10.72507132149507000, -1.790692224067492100, 2.871470463828907200 ) ) ;
#948 = CARTESIAN_POINT ( 'NONE',  ( 11.85315241706704000, -3.189583333333333700, -0.4708333333333341600 ) ) ;
#949 = VERTEX_POINT ( 'NONE', #2624 ) ;
#950 = PLANE ( 'NONE',  #2995 ) ;
#951 = CARTESIAN_POINT ( 'NONE',  ( -11.63272518109530800, -2.561111111111112200, 0.3333333333333341500 ) ) ;
#952 = VERTEX_POINT ( 'NONE', #1383 ) ;
#953 = CARTESIAN_POINT ( 'NONE',  ( -11.98607981079796200, -4.953029269049374700, 0.4762212497120190700 ) ) ;
#954 = EDGE_LOOP ( 'NONE', ( #3420, #303, #7403, #390 ) ) ;
#955 = CARTESIAN_POINT ( 'NONE',  ( 0.0000000000000000000, -1.657638888888889300, 0.0000000000000000000 ) ) ;
#956 = VERTEX_POINT ( 'NONE', #7573 ) ;
#957 = AXIS2_PLACEMENT_3D ( 'NONE', #2182, #5150, #3371 ) ;
#958 = CARTESIAN_POINT ( 'NONE',  ( 9.116424625539195900, -0.6666666666666666300, -0.5863544936229901900 ) ) ;
#959 = DIRECTION ( 'NONE',  ( 0.0000000000000000000, 0.0000000000000000000, 1.000000000000000000 ) ) ;
#960 = AXIS2_PLACEMENT_3D ( 'NONE', #717, #6254, #6861 ) ;
#961 = CARTESIAN_POINT ( 'NONE',  ( -11.20649926306933300, -2.561111006982991900, 3.000000000000005300 ) ) ;
#962 = CARTESIAN_POINT ( 'NONE',  ( -10.39516949449453500, -8.735147441886240900, 3.205929652020469900 ) ) ;
#963 = CARTESIAN_POINT ( 'NONE',  ( 8.596910177866291700, -8.718503287487974900, 3.166559779934978300 ) ) ;
#964 = ORIENTED_EDGE ( 'NONE', *, *, #5425, .T. ) ;
#965 = ADVANCED_FACE ( 'NONE', ( #64 ), #836, .T. ) ;
#966 = B_SPLINE_CURVE_WITH_KNOTS ( 'NONE', 3,
 ( #2282, #3548, #511, #2901 ),
 .UNSPECIFIED., .F., .F.,
 ( 4, 4 ),
 ( 0.0000000000000000000, 0.0001116456321104150800 ),
 .UNSPECIFIED. ) ;
#967 = ORIENTED_EDGE ( 'NONE', *, *, #1635, .F. ) ;
#968 = DIRECTION ( 'NONE',  ( 0.0000000000000000000, 0.0000000000000000000, 1.000000000000000000 ) ) ;
#969 = CARTESIAN_POINT ( 'NONE',  ( -10.64086190123101400, -2.997655612827489600, -2.891542058247423600 ) ) ;
#970 = DIRECTION ( 'NONE',  ( -0.0000000000000000000, 1.000000000000000000, -0.0000000000000000000 ) ) ;
#971 = CARTESIAN_POINT ( 'NONE',  ( 10.47854951794378800, -2.988527277626747700, -3.000000000000008000 ) ) ;
#972 = EDGE_CURVE ( 'NONE', #1540, #5016, #5609, .T. ) ;
#973 = AXIS2_PLACEMENT_3D ( 'NONE', #999, #4239, #3453 ) ;
#974 = VERTEX_POINT ( 'NONE', #3875 ) ;
#975 = EDGE_LOOP ( 'NONE', ( #5260, #6370, #6732, #4751 ) ) ;
#976 = CARTESIAN_POINT ( 'NONE',  ( 10.58340749839161900, -8.470568455455190100, -3.003623484779269800 ) ) ;
#977 = FACE_OUTER_BOUND ( 'NONE', #7598, .T. ) ;
#978 = DIRECTION ( 'NONE',  ( 0.0000000000000000000, -0.0000000000000000000, -1.000000000000000000 ) ) ;
#979 = DIRECTION ( 'NONE',  ( 1.000000000000000000, -0.0000000000000000000, -0.0000000000000000000 ) ) ;
#980 = VERTEX_POINT ( 'NONE', #209 ) ;
#981 = DIRECTION ( 'NONE',  ( -0.0000000000000000000, 1.000000000000000000, -0.0000000000000000000 ) ) ;
#982 = B_SPLINE_CURVE_WITH_KNOTS ( 'NONE', 3,
 ( #1108, #4881, #6661, #4162, #5413, #516, #4858, #7922, #4264, #1199 ),
 .UNSPECIFIED., .F., .F.,
 ( 4, 3, 3, 4 ),
 ( 0.0000000000000000000, 0.0002750000000005758400, 0.001375000000066102600, 0.003474998049138609000 ),
 .UNSPECIFIED. ) ;
#983 = CARTESIAN_POINT ( 'NONE',  ( -10.51079815848043400, -1.803477228429486200, 3.000000000000006200 ) ) ;
#984 = B_SPLINE_CURVE_WITH_KNOTS ( 'NONE', 3,
 ( #6576, #1658, #7205, #4149, #3544, #7827 ),
 .UNSPECIFIED., .F., .F.,
 ( 4, 2, 4 ),
 ( 0.0000000000000000000, 0.0001600847138518167000, 0.0003201694277036332300 ),
 .UNSPECIFIED. ) ;
#985 = ORIENTED_EDGE ( 'NONE', *, *, #5732, .F. ) ;
#986 = AXIS2_PLACEMENT_3D ( 'NONE', #4908, #1279, #700 ) ;
#987 = CARTESIAN_POINT ( 'NONE',  ( -8.487411681247628800, -0.8980437589944849600, 2.999999712077535000 ) ) ;
#988 = CIRCLE ( 'NONE', #2015, 11.00000000000000000 ) ;
#989 = CARTESIAN_POINT ( 'NONE',  ( -8.742896670297549000, -0.6666666666666669600, 2.656250000000005800 ) ) ;
#990 = ORIENTED_EDGE ( 'NONE', *, *, #25, .T. ) ;
#991 = CARTESIAN_POINT ( 'NONE',  ( 10.51182419603454800, -8.285609833563626100, 3.000000000000000900 ) ) ;
#992 = LINE ( 'NONE', #6256, #3660 ) ;
#993 = CARTESIAN_POINT ( 'NONE',  ( -8.997145145835327500, -8.836777834125603800, 0.2425801832625140700 ) ) ;
#994 = ORIENTED_EDGE ( 'NONE', *, *, #5673, .T. ) ;
#995 = ORIENTED_EDGE ( 'NONE', *, *, #1327, .F. ) ;
#996 =( BOUNDED_SURFACE ( )  B_SPLINE_SURFACE ( 3, 2, ( 
 ( #1069, #4048, #991 ),
 ( #4109, #7097, #435 ),
 ( #1575, #7689, #3495 ),
 ( #7777, #1662, #1018 ) ),
 .UNSPECIFIED., .F., .F., .F. ) 
 B_SPLINE_SURFACE_WITH_KNOTS ( ( 4, 4 ),
 ( 3, 3 ),
 ( -1.734723475976807100E-018, 0.003483735564004285100 ),
 ( 0.0000000000000000000, 1.000000000000000000 ),
 .UNSPECIFIED. ) 
 GEOMETRIC_REPRESENTATION_ITEM ( )  RATIONAL_B_SPLINE_SURFACE ( (
 ( 1.000000000000000000, 0.7913662164498399500, 1.000000000000000000),
 ( 1.000000000000000000, 0.7890241995345170800, 1.000000000000000000),
 ( 1.000000000000000000, 0.7868760636724349000, 1.000000000000000000),
 ( 1.000000000000000000, 0.7848802522875119000, 1.000000000000000000) ) ) 
 REPRESENTATION_ITEM ( '' )  SURFACE ( )  );
#997 = FACE_OUTER_BOUND ( 'NONE', #1231, .T. ) ;
#998 = AXIS2_PLACEMENT_3D ( 'NONE', #791, #738, #4432 ) ;
#999 = CARTESIAN_POINT ( 'NONE',  ( -9.112379733621851900, -0.8041666666666667000, 0.6770833333333342600 ) ) ;
#1000 = DIRECTION ( 'NONE',  ( 0.0000000000000000000, -1.000000000000000000, 0.0000000000000000000 ) ) ;
#1001 = CARTESIAN_POINT ( 'NONE',  ( 11.50506769275191000, -2.357963600296943100, 0.4758953134102207900 ) ) ;
#1002 = CARTESIAN_POINT ( 'NONE',  ( 10.98870754740149800, -0.9020223299789286200, 0.4998027149506528700 ) ) ;
#1003 = CARTESIAN_POINT ( 'NONE',  ( 0.0000000000000000000, -0.6666666666666666300, -1.677125235563512200E-017 ) ) ;
#1004 = ORIENTED_EDGE ( 'NONE', *, *, #1176, .F. ) ;
#1005 = VERTEX_POINT ( 'NONE', #5035 ) ;
#1006 = FACE_OUTER_BOUND ( 'NONE', #954, .T. ) ;
#1007 = CARTESIAN_POINT ( 'NONE',  ( -10.99602200798088300, -2.286111111111111900, 3.000000000000005300 ) ) ;
#1008 = CARTESIAN_POINT ( 'NONE',  ( 8.997098900267490200, -8.835541990905508000, 0.2438987977404036600 ) ) ;
#1009 = EDGE_CURVE ( 'NONE', #2783, #2346, #2077, .T. ) ;
#1010 = ADVANCED_FACE ( 'NONE', ( #6860 ), #3438, .T. ) ;
#1011 = DIRECTION ( 'NONE',  ( -1.000000000000000000, 0.0000000000000000000, 0.0000000000000000000 ) ) ;
#1012 = CARTESIAN_POINT ( 'NONE',  ( 0.0000000000000000000, -1.734723475976807100E-015, 0.0000000000000000000 ) ) ;
#1013 = AXIS2_PLACEMENT_3D ( 'NONE', #6974, #2046, #6327 ) ;
#1014 = ORIENTED_EDGE ( 'NONE', *, *, #1162, .T. ) ;
#1015 = ADVANCED_FACE ( 'NONE', ( #4378 ), #6673, .T. ) ;
#1016 = DIRECTION ( 'NONE',  ( 0.0000000000000000000, 0.0000000000000000000, 1.000000000000000000 ) ) ;
#1017 = DIRECTION ( 'NONE',  ( 0.0000000000000000000, -1.000000000000000000, -6.994852725712929000E-017 ) ) ;
#1018 = CARTESIAN_POINT ( 'NONE',  ( 11.50368023849109500, -4.946053714713293000, 3.000000000000003600 ) ) ;
#1019 = CIRCLE ( 'NONE', #7010, 0.1375000000000001500 ) ;
#1020 = DIRECTION ( 'NONE',  ( 0.0000000000000000000, -0.2056820692032413900, 0.9786188667751469800 ) ) ;
#1021 = DIRECTION ( 'NONE',  ( 0.9696407317829227600, 0.0000000000000000000, -0.2445339470655930300 ) ) ;
#1022 = EDGE_LOOP ( 'NONE', ( #7864, #3954, #1187, #5815 ) ) ;
#1023 = DIRECTION ( 'NONE',  ( 1.000000000000000000, 0.0000000000000000000, -1.224646799147353200E-016 ) ) ;
#1024 = EDGE_CURVE ( 'NONE', #4927, #7048, #7718, .T. ) ;
#1025 = AXIS2_PLACEMENT_3D ( 'NONE', #5823, #5296, #2163 ) ;
#1026 = FACE_OUTER_BOUND ( 'NONE', #872, .T. ) ;
#1027 = CARTESIAN_POINT ( 'NONE',  ( -8.242640704050366200, -8.618264182661516100, 3.615462316547903000 ) ) ;
#1028 = CARTESIAN_POINT ( 'NONE',  ( -10.65263808636099300, -3.010075394143320700, -2.888702552245352000 ) ) ;
#1029 = PLANE ( 'NONE',  #6005 ) ;
#1030 = ADVANCED_FACE ( 'NONE', ( #1782 ), #5162, .F. ) ;
#1031 = CARTESIAN_POINT ( 'NONE',  ( -10.53272244899199500, -0.6666666666666669600, -2.656250000000006700 ) ) ;
#1032 = EDGE_CURVE ( 'NONE', #7789, #6236, #1882, .T. ) ;
#1033 = SPHERICAL_SURFACE ( 'NONE', #3627, 0.1375000000000000100 ) ;
#1034 = CARTESIAN_POINT ( 'NONE',  ( -10.95930683255104300, -1.932638888888889200, 3.000000000000005800 ) ) ;
#1035 = EDGE_CURVE ( 'NONE', #1157, #5965, #2364, .T. ) ;
#1036 = AXIS2_PLACEMENT_3D ( 'NONE', #3499, #4110, #3448 ) ;
#1037 = CARTESIAN_POINT ( 'NONE',  ( 9.125361484468557500, 2.000000000000000000, -0.4708333333333342100 ) ) ;
#1038 = DIRECTION ( 'NONE',  ( 0.0000000000000000000, 0.0000000000000000000, 1.000000000000000000 ) ) ;
#1039 = CARTESIAN_POINT ( 'NONE',  ( 11.85315241706703800, -3.189583333333333700, -0.3333333333333341500 ) ) ;
#1040 = DIRECTION ( 'NONE',  ( -1.000000000000000000, 0.0000000000000000000, 0.0000000000000000000 ) ) ;
#1041 = B_SPLINE_CURVE_WITH_KNOTS ( 'NONE', 3,
 ( #4992, #7456, #5671, #6245, #108, #3833, #1312, #2017, #1416, #6801 ),
 .UNSPECIFIED., .F., .F.,
 ( 4, 2, 2, 2, 4 ),
 ( 0.0000000000000000000, 0.0002842300269927311900, 0.0005684600539854623800, 0.0008526900809781935800, 0.001136920107970924800 ),
 .UNSPECIFIED. ) ;
#1042 = ORIENTED_EDGE ( 'NONE', *, *, #1327, .T. ) ;
#1043 = FACE_OUTER_BOUND ( 'NONE', #6615, .T. ) ;
#1044 = ORIENTED_EDGE ( 'NONE', *, *, #1989, .T. ) ;
#1045 = ADVANCED_BREP_SHAPE_REPRESENTATION ( '85985K161_Locking Panel Plugs', ( #7282, #5756 ), #3976 ) ;
#1046 = CARTESIAN_POINT ( 'NONE',  ( 10.60839925008270000, -8.513508640916521500, 2.908928557191594200 ) ) ;
#1047 = AXIS2_PLACEMENT_3D ( 'NONE', #2616, #6282, #771 ) ;
#1048 = ORIENTED_EDGE ( 'NONE', *, *, #7543, .T. ) ;
#1049 = CARTESIAN_POINT ( 'NONE',  ( 11.99054406774485300, -4.921343975277625100, 0.4762908349618780200 ) ) ;
#1050 = CARTESIAN_POINT ( 'NONE',  ( 10.47579425945666300, -8.485227356401077600, -3.007127044408287400 ) ) ;
#1051 = ADVANCED_FACE ( 'NONE', ( #5052 ), #2284, .T. ) ;
#1052 = CARTESIAN_POINT ( 'NONE',  ( 11.99054406784442300, -4.889079012875070500, -0.4762908324552168600 ) ) ;
#1053 = CARTESIAN_POINT ( 'NONE',  ( 11.59134034865072000, -2.422132636880885300, 0.3333333333333341500 ) ) ;
#1054 = CARTESIAN_POINT ( 'NONE',  ( 10.99602200798088300, -1.932638888888889200, 2.862500000000005600 ) ) ;
#1055 = ORIENTED_EDGE ( 'NONE', *, *, #6094, .T. ) ;
#1056 = DIRECTION ( 'NONE',  ( 0.0000000000000000000, 0.0000000000000000000, -1.000000000000000000 ) ) ;
#1057 = ORIENTED_EDGE ( 'NONE', *, *, #1930, .T. ) ;
#1058 = EDGE_CURVE ( 'NONE', #6822, #7343, #372, .T. ) ;
#1059 = ORIENTED_EDGE ( 'NONE', *, *, #1251, .F. ) ;
#1060 = CARTESIAN_POINT ( 'NONE',  ( -11.84512056720710400, -4.946053714713291200, -0.3333333333333340900 ) ) ;
#1061 = CARTESIAN_POINT ( 'NONE',  ( -10.85229110474936400, -1.010416666666666500, 0.3333333333333342600 ) ) ;
#1062 = DIRECTION ( 'NONE',  ( -0.0000000000000000000, -1.000000000000000000, 0.0000000000000000000 ) ) ;
#1063 = CARTESIAN_POINT ( 'NONE',  ( -9.112379733621891000, -0.6666666666656450000, 0.6770833333329523400 ) ) ;
#1064 = VERTEX_POINT ( 'NONE', #2730 ) ;
#1065 = VERTEX_POINT ( 'NONE', #2784 ) ;
#1066 = CARTESIAN_POINT ( 'NONE',  ( 10.17458707870850500, -8.503533612816207600, 3.666666666666673600 ) ) ;
#1067 = EDGE_CURVE ( 'NONE', #6759, #4524, #4573, .T. ) ;
#1068 = CARTESIAN_POINT ( 'NONE',  ( 10.37279332792122800, -8.480919544203548100, 3.666666643409895300 ) ) ;
#1069 = CARTESIAN_POINT ( 'NONE',  ( 10.63933082173412200, -8.323592968122440500, 2.897221634347988000 ) ) ;
#1070 = ORIENTED_EDGE ( 'NONE', *, *, #2412, .T. ) ;
#1071 = CARTESIAN_POINT ( 'NONE',  ( -10.99009943064561600, -8.513508640916526800, -0.4665988689687420300 ) ) ;
#1072 = CARTESIAN_POINT ( 'NONE',  ( 11.49012263724674900, -2.286111111111111900, 0.4765309864319773300 ) ) ;
#1073 = DIRECTION ( 'NONE',  ( -0.9992120056537020500, 0.0000000000000000000, -0.03969090270460155800 ) ) ;
#1074 = ORIENTED_EDGE ( 'NONE', *, *, #7572, .F. ) ;
#1075 = CARTESIAN_POINT ( 'NONE',  ( 1.575201945403282900E-015, 0.4189344802651160400, 12.86249999999999900 ) ) ;
#1076 = ORIENTED_EDGE ( 'NONE', *, *, #7014, .F. ) ;
#1077 = CARTESIAN_POINT ( 'NONE',  ( 11.52490872548895400, -6.059245010011646400, -0.3333333333333339800 ) ) ;
#1078 = CARTESIAN_POINT ( 'NONE',  ( 10.71171687877648700, -1.786940770901520600, 2.874621938121029600 ) ) ;
#1079 = CARTESIAN_POINT ( 'NONE',  ( 0.0000000000000000000, -9.790000000000002700, 0.0000000000000000000 ) ) ;
#1080 = EDGE_CURVE ( 'NONE', #4138, #5900, #3536, .T. ) ;
#1081 = EDGE_CURVE ( 'NONE', #980, #1952, #3339, .T. ) ;
#1082 = AXIS2_PLACEMENT_3D ( 'NONE', #1141, #559, #6701 ) ;
#1083 = EDGE_LOOP ( 'NONE', ( #5192, #4253, #5005, #859 ) ) ;
#1084 = LOCAL_TIME ( 8, 14, 7.000000000000000000, #5107 ) ;
#1085 = EDGE_LOOP ( 'NONE', ( #5779, #2729, #4318 ) ) ;
#1086 = DIRECTION ( 'NONE',  ( 0.0000000000000000000, 0.0000000000000000000, -1.000000000000000000 ) ) ;
#1087 = ADVANCED_FACE ( 'NONE', ( #6008 ), #740, .F. ) ;
#1088 = CARTESIAN_POINT ( 'NONE',  ( -10.48051277158389100, -8.439485097071491600, -2.999999999999873400 ) ) ;
#1089 = CARTESIAN_POINT ( 'NONE',  ( 8.242640704050362600, -8.618264182661400600, -3.615462316547963400 ) ) ;
#1090 = CARTESIAN_POINT ( 'NONE',  ( -11.50000000000000000, -2.561111111111112200, 2.862500000000005200 ) ) ;
#1091 = CIRCLE ( 'NONE', #1190, 0.1375000000000000400 ) ;
#1092 = B_SPLINE_CURVE_WITH_KNOTS ( 'NONE', 3,
 ( #4732, #4761, #4705, #2887 ),
 .UNSPECIFIED., .F., .F.,
 ( 4, 4 ),
 ( 1.788112030672749000E-018, 8.174926075450856800E-005 ),
 .UNSPECIFIED. ) ;
#1093 = ORIENTED_EDGE ( 'NONE', *, *, #3188, .F. ) ;
#1094 = CARTESIAN_POINT ( 'NONE',  ( -10.85800004235543500, -8.416666666666671400, -0.4708333333333339400 ) ) ;
#1095 = CARTESIAN_POINT ( 'NONE',  ( 10.17458707870850700, -8.416666666666671400, 3.666666666666673200 ) ) ;
#1096 = ORIENTED_EDGE ( 'NONE', *, *, #7369, .F. ) ;
#1097 =( BOUNDED_SURFACE ( )  B_SPLINE_SURFACE ( 3, 2, ( 
 ( #6423, #1436, #880 ),
 ( #1464, #5802, #6985 ),
 ( #6961, #5163, #3308 ),
 ( #7578, #3882, #212 ),
 ( #4527, #1490, #7658 ),
 ( #5771, #907, #7065 ),
 ( #5139, #853, #2113 ),
 ( #2082, #7552, #3908 ),
 ( #5715, #3963, #5188 ),
 ( #320, #2734, #2060 ) ),
 .UNSPECIFIED., .F., .F., .F. ) 
 B_SPLINE_SURFACE_WITH_KNOTS ( ( 4, 2, 2, 2, 4 ),
 ( 3, 3 ),
 ( 0.0000000000000000000, 0.0003679937838013923300, 0.0007359875676027846600, 0.001103981351404177000, 0.001471975135205569300 ),
 ( 0.0000000000000000000, 1.000000000000000000 ),
 .UNSPECIFIED. ) 
 GEOMETRIC_REPRESENTATION_ITEM ( )  RATIONAL_B_SPLINE_SURFACE ( (
 ( 1.000000000000000000, 0.7250957136059038600, 1.000000000000000000),
 ( 1.000000000000000000, 0.7253071578423985200, 1.000000000000000000),
 ( 1.000000000000000000, 0.7208498283687462300, 1.000000000000000000),
 ( 1.000000000000000000, 0.7114649841963290900, 1.000000000000000000),
 ( 1.000000000000000000, 0.7071132958936814400, 1.000000000000000000),
 ( 1.000000000000000000, 0.7071002835554454100, 1.000000000000000000),
 ( 1.000000000000000000, 0.7113963463678528700, 1.000000000000000000),
 ( 1.000000000000000000, 0.7208932414460905700, 1.000000000000000000),
 ( 1.000000000000000000, 0.7252518880990388400, 1.000000000000000000),
 ( 1.000000000000000000, 0.7250957136059039700, 1.000000000000000000) ) ) 
 REPRESENTATION_ITEM ( '' )  SURFACE ( )  );
#1098 = CARTESIAN_POINT ( 'NONE',  ( 6.253606744053678700, 1.999999999999999600, 7.658459482231640300E-016 ) ) ;
#1099 = LINE ( 'NONE', #6786, #4651 ) ;
#1100 = CARTESIAN_POINT ( 'NONE',  ( 10.85800004235543300, -8.416666666666671400, -0.4708333333333338300 ) ) ;
#1101 = CARTESIAN_POINT ( 'NONE',  ( 11.52028709566239700, -2.371951219648749600, 0.4752608437014613800 ) ) ;
#1102 = CARTESIAN_POINT ( 'NONE',  ( 1.321393896279994100E-015, -9.790000000000002700, 10.78999999999999900 ) ) ;
#1103 = EDGE_LOOP ( 'NONE', ( #1159, #6463, #7583 ) ) ;
#1104 = FACE_OUTER_BOUND ( 'NONE', #495, .T. ) ;
#1105 = CARTESIAN_POINT ( 'NONE',  ( 10.51906243948117300, -0.6666666666666665200, -2.746525820441152500 ) ) ;
#1106 = VERTEX_POINT ( 'NONE', #7229 ) ;
#1107 = CIRCLE ( 'NONE', #95, 0.1375000000000000400 ) ;
#1108 = CARTESIAN_POINT ( 'NONE',  ( 11.01644946929642700, -8.323592968122440500, 0.4765444609626241500 ) ) ;
#1109 = CARTESIAN_POINT ( 'NONE',  ( -11.50000000000000000, -2.561111111111112200, 2.862500000000005200 ) ) ;
#1110 = DIRECTION ( 'NONE',  ( 1.000000000000000000, -0.0000000000000000000, -0.0000000000000000000 ) ) ;
#1111 = ORIENTED_EDGE ( 'NONE', *, *, #6856, .T. ) ;
#1112 = DIRECTION ( 'NONE',  ( 0.0000000000000000000, -1.000000000000000000, 4.196911635427758100E-017 ) ) ;
#1113 = EDGE_CURVE ( 'NONE', #7429, #2419, #3619, .T. ) ;
#1114 = CARTESIAN_POINT ( 'NONE',  ( 8.414663300820771900, -8.737820063969463600, -3.194225005565214400 ) ) ;
#1115 = CARTESIAN_POINT ( 'NONE',  ( 10.51182419603454400, -8.285609833563626100, -2.862500000000009600 ) ) ;
#1116 = CIRCLE ( 'NONE', #1774, 0.1375000000000000400 ) ;
#1117 = AXIS2_PLACEMENT_3D ( 'NONE', #3733, #6171, #4301 ) ;
#1118 = CARTESIAN_POINT ( 'NONE',  ( 10.30337932021115000, -8.416666666666671400, 3.852320675105491700 ) ) ;
#1119 = CARTESIAN_POINT ( 'NONE',  ( -10.30337932021115100, -8.537008773581899100, 3.852320675105492100 ) ) ;
#1120 = CARTESIAN_POINT ( 'NONE',  ( -10.58352587923468500, -1.010416666666634500, -3.000000000000122600 ) ) ;
#1121 = DIRECTION ( 'NONE',  ( -0.0000000000000000000, 1.000000000000000000, -0.0000000000000000000 ) ) ;
#1122 = FACE_OUTER_BOUND ( 'NONE', #723, .T. ) ;
#1123 = ORIENTED_EDGE ( 'NONE', *, *, #6852, .T. ) ;
#1124 = EDGE_CURVE ( 'NONE', #5207, #6166, #156, .T. ) ;
#1125 = AXIS2_PLACEMENT_3D ( 'NONE', #3945, #6947, #223 ) ;
#1126 = VERTEX_POINT ( 'NONE', #5831 ) ;
#1127 = CARTESIAN_POINT ( 'NONE',  ( 8.677557259966651100, -1.010416666666666500, -2.862500000000006500 ) ) ;
#1128 = CYLINDRICAL_SURFACE ( 'NONE', #7649, 0.1374999999999999800 ) ;
#1129 = CARTESIAN_POINT ( 'NONE',  ( 11.99054406774485700, -4.921343975277618000, -0.4762908349618859000 ) ) ;
#1130 = CIRCLE ( 'NONE', #7109, 0.1375000000000000400 ) ;
#1131 = CARTESIAN_POINT ( 'NONE',  ( -8.677557259966652800, -8.511396155816662200, -3.000000000000004000 ) ) ;
#1132 = EDGE_LOOP ( 'NONE', ( #3168, #2339, #7396, #3543 ) ) ;
#1133 = CIRCLE ( 'NONE', #6707, 0.1375000000000000400 ) ;
#1134 = CARTESIAN_POINT ( 'NONE',  ( 9.134645317184983100, -8.714704686749234600, -0.1732766926344530000 ) ) ;
#1135 = CARTESIAN_POINT ( 'NONE',  ( -10.61118938525952900, -0.9546428267182886000, 2.898734177215196000 ) ) ;
#1136 =( BOUNDED_SURFACE ( )  B_SPLINE_SURFACE ( 3, 2, ( 
 ( #6773, #1310, #3069 ),
 ( #6190, #1819, #3125 ),
 ( #6135, #3729, #4349 ),
 ( #6111, #4322, #655 ),
 ( #1286, #2529, #6720 ),
 ( #1906, #1935, #7355 ) ),
 .UNSPECIFIED., .F., .F., .F. ) 
 B_SPLINE_SURFACE_WITH_KNOTS ( ( 4, 2, 4 ),
 ( 3, 3 ),
 ( 0.0000000000000000000, 0.0001612679955405150800, 0.0003225359910810301700 ),
 ( 0.0000000000000000000, 1.000000000000000000 ),
 .UNSPECIFIED. ) 
 GEOMETRIC_REPRESENTATION_ITEM ( )  RATIONAL_B_SPLINE_SURFACE ( (
 ( 1.000000000000000000, 0.7071067811865475700, 1.000000000000000000),
 ( 1.000000000000000000, 0.7140402765098576900, 1.000000000000000000),
 ( 1.000000000000000000, 0.7187844111194122700, 1.000000000000000000),
 ( 1.000000000000000000, 0.7241857068069336200, 1.000000000000000000),
 ( 1.000000000000000000, 0.7250567640857130700, 1.000000000000000000),
 ( 1.000000000000000000, 0.7250957136058633300, 1.000000000000000000) ) ) 
 REPRESENTATION_ITEM ( '' )  SURFACE ( )  );
#1137 = CARTESIAN_POINT ( 'NONE',  ( -11.99054406784442300, -4.889079012875070500, 0.4762908324552166400 ) ) ;
#1138 = EDGE_LOOP ( 'NONE', ( #5053, #2588, #6162, #7484 ) ) ;
#1139 = ORIENTED_EDGE ( 'NONE', *, *, #7940, .F. ) ;
#1140 = CARTESIAN_POINT ( 'NONE',  ( 0.0000000000000000000, -0.6666666666666666300, -1.677125235563511000E-017 ) ) ;
#1141 = CARTESIAN_POINT ( 'NONE',  ( 10.17458707870851100, 2.000000000000004400, 3.804166666666661400 ) ) ;
#1142 = ORIENTED_EDGE ( 'NONE', *, *, #5078, .F. ) ;
#1143 = AXIS2_PLACEMENT_3D ( 'NONE', #5361, #6490, #3454 ) ;
#1144 = CARTESIAN_POINT ( 'NONE',  ( -13.00000000000000000, -8.416666666666671400, -3.666666666666675800 ) ) ;
#1145 = DIRECTION ( 'NONE',  ( 1.000000000000000000, -0.0000000000000000000, -0.0000000000000000000 ) ) ;
#1146 = CARTESIAN_POINT ( 'NONE',  ( -11.04135359049369900, -1.764961330419202000, 0.4745239828631813700 ) ) ;
#1147 = ORIENTED_EDGE ( 'NONE', *, *, #6741, .F. ) ;
#1148 = ORIENTED_EDGE ( 'NONE', *, *, #1277, .F. ) ;
#1149 = DIRECTION ( 'NONE',  ( -0.1216181469463093900, 0.9925769624232400100, -4.257656944479830700E-013 ) ) ;
#1150 = DIRECTION ( 'NONE',  ( 0.0000000000000000000, 0.0000000000000000000, -1.000000000000000000 ) ) ;
#1151 = EDGE_LOOP ( 'NONE', ( #2059, #5083, #3376, #7676 ) ) ;
#1152 = EDGE_CURVE ( 'NONE', #1730, #4338, #984, .T. ) ;
#1153 = ORIENTED_EDGE ( 'NONE', *, *, #94, .T. ) ;
#1154 = AXIS2_PLACEMENT_3D ( 'NONE', #7155, #7254, #5377 ) ;
#1155 = DIRECTION ( 'NONE',  ( 0.9696407317829227600, 0.0000000000000000000, 0.2445339470655930300 ) ) ;
#1156 = DIRECTION ( 'NONE',  ( 0.0000000000000000000, 0.0000000000000000000, 1.000000000000000000 ) ) ;
#1157 = VERTEX_POINT ( 'NONE', #4688 ) ;
#1158 = DIRECTION ( 'NONE',  ( -0.0000000000000000000, 1.000000000000000000, -1.219727444046190300E-016 ) ) ;
#1159 = ORIENTED_EDGE ( 'NONE', *, *, #1893, .T. ) ;
#1160 = CARTESIAN_POINT ( 'NONE',  ( -11.85781578280287200, -2.423611111111112000, 0.4708333333333341000 ) ) ;
#1161 = FACE_OUTER_BOUND ( 'NONE', #716, .T. ) ;
#1162 = EDGE_CURVE ( 'NONE', #7241, #2116, #2466, .T. ) ;
#1163 = DIRECTION ( 'NONE',  ( 0.0000000000000000000, -1.000000000000000000, 4.196911635427758100E-017 ) ) ;
#1164 = VERTEX_POINT ( 'NONE', #2251 ) ;
#1165 = DIRECTION ( 'NONE',  ( -1.000000000000000000, -0.0000000000000000000, -0.0000000000000000000 ) ) ;
#1166 = CARTESIAN_POINT ( 'NONE',  ( 10.98966187822720600, -2.924666170260388700, -0.4767932489451485700 ) ) ;
#1167 = ORIENTED_EDGE ( 'NONE', *, *, #7826, .F. ) ;
#1168 = CARTESIAN_POINT ( 'NONE',  ( -10.58340749839260300, -8.470568455446693800, -3.003623484777374800 ) ) ;
#1169 = CYLINDRICAL_SURFACE ( 'NONE', #4529, 0.1375000000000000400 ) ;
#1170 = CARTESIAN_POINT ( 'NONE',  ( 11.85315241706704000, -3.189583333333333700, -0.4708333333333341000 ) ) ;
#1171 = FACE_OUTER_BOUND ( 'NONE', #6534, .T. ) ;
#1172 = CARTESIAN_POINT ( 'NONE',  ( 11.02217088113241400, -8.325238983641980900, -0.3333333333333322000 ) ) ;
#1173 = DIRECTION ( 'NONE',  ( 0.0000000000000000000, 0.0000000000000000000, 1.000000000000000000 ) ) ;
#1174 = EDGE_CURVE ( 'NONE', #5678, #2783, #4124, .T. ) ;
#1175 = ORIENTED_EDGE ( 'NONE', *, *, #6965, .F. ) ;
#1176 = EDGE_CURVE ( 'NONE', #7889, #2111, #4864, .T. ) ;
#1177 = CARTESIAN_POINT ( 'NONE',  ( -8.459909666855615700, -8.748877022405181900, -3.419700864635971400 ) ) ;
#1178 = CARTESIAN_POINT ( 'NONE',  ( -10.84137742216007400, -0.6666666666666666300, -0.6770833333333347000 ) ) ;
#1179 = ORIENTED_EDGE ( 'NONE', *, *, #2719, .F. ) ;
#1180 = FACE_OUTER_BOUND ( 'NONE', #7190, .T. ) ;
#1181 = CARTESIAN_POINT ( 'NONE',  ( -10.68944673648238500, -3.189583333333331900, -3.000000000000008000 ) ) ;
#1182 = ORIENTED_EDGE ( 'NONE', *, *, #666, .F. ) ;
#1183 = DIRECTION ( 'NONE',  ( 1.000000000000000000, -0.0000000000000000000, -0.0000000000000000000 ) ) ;
#1184 = CARTESIAN_POINT ( 'NONE',  ( 11.00000202355576400, -8.887546101484373300, -0.1083825458013111700 ) ) ;
#1185 = CARTESIAN_POINT ( 'NONE',  ( -11.12754340464306300, -3.189583333334692100, -0.3333333333333341500 ) ) ;
#1186 = CIRCLE ( 'NONE', #6095, 11.00000000000000000 ) ;
#1187 = ORIENTED_EDGE ( 'NONE', *, *, #3356, .F. ) ;
#1188 = B_SPLINE_CURVE_WITH_KNOTS ( 'NONE', 3,
 ( #644, #4342, #1300, #5582, #3169, #3086, #98, #7370, #668, #4953 ),
 .UNSPECIFIED., .F., .F.,
 ( 4, 2, 2, 2, 4 ),
 ( 0.0000000000000000000, 0.0003556021238613512400, 0.0007112042477227024900, 0.001066806371584053700, 0.001422408495445405000 ),
 .UNSPECIFIED. ) ;
#1189 = LINE ( 'NONE', #3165, #4929 ) ;
#1190 = AXIS2_PLACEMENT_3D ( 'NONE', #2482, #4823, #2434 ) ;
#1191 = CARTESIAN_POINT ( 'NONE',  ( 11.51195031260993500, -3.189583333333333700, -2.862500000000007400 ) ) ;
#1192 = CARTESIAN_POINT ( 'NONE',  ( 8.677557259966652800, -1.010416666666667000, 3.000000000000006200 ) ) ;
#1193 = DIRECTION ( 'NONE',  ( 0.0000000000000000000, 0.0000000000000000000, -1.000000000000000000 ) ) ;
#1194 = FACE_OUTER_BOUND ( 'NONE', #6989, .T. ) ;
#1195 = DIRECTION ( 'NONE',  ( -0.0000000000000000000, 1.000000000000000000, -0.0000000000000000000 ) ) ;
#1196 = ORIENTED_EDGE ( 'NONE', *, *, #7273, .T. ) ;
#1197 = CARTESIAN_POINT ( 'NONE',  ( -10.88223286323962900, -1.801520215371303200, 0.3333333333333340900 ) ) ;
#1198 = CIRCLE ( 'NONE', #7843, 0.1375000000000000400 ) ;
#1199 = CARTESIAN_POINT ( 'NONE',  ( 11.97716594857773000, -4.984036849272108300, 0.4760820234339753800 ) ) ;
#1200 = DIRECTION ( 'NONE',  ( 0.0000000000000000000, 0.0000000000000000000, -1.000000000000000000 ) ) ;
#1201 = CARTESIAN_POINT ( 'NONE',  ( 11.98608459299545000, -4.953012634110765900, 0.4762213221149662100 ) ) ;
#1202 = LINE ( 'NONE', #6918, #2651 ) ;
#1203 = CARTESIAN_POINT ( 'NONE',  ( 11.63191935903349100, -4.984036849272109200, 2.894410177868504500 ) ) ;
#1204 = CARTESIAN_POINT ( 'NONE',  ( 10.99009943064561600, -8.513508640916521500, -0.4665988689687437500 ) ) ;
#1205 = CARTESIAN_POINT ( 'NONE',  ( -11.97716594857773000, -4.984036849272107400, -0.4760820234339754900 ) ) ;
#1206 = DIRECTION ( 'NONE',  ( -0.0000000000000000000, -1.000000000000000000, 0.0000000000000000000 ) ) ;
#1207 = AXIS2_PLACEMENT_3D ( 'NONE', #2037, #1466, #6317 ) ;
#1208 = EDGE_CURVE ( 'NONE', #3274, #7939, #7062, .T. ) ;
#1209 = CARTESIAN_POINT ( 'NONE',  ( 8.584861152319087200, -0.6560812457199538500, 2.703414978039207800 ) ) ;
#1210 = FACE_OUTER_BOUND ( 'NONE', #5697, .T. ) ;
#1211 = DIRECTION ( 'NONE',  ( 0.0000000000000000000, 0.0000000000000000000, 1.000000000000000000 ) ) ;
#1212 = DIRECTION ( 'NONE',  ( -0.0000000000000000000, -1.000000000000000000, 0.0000000000000000000 ) ) ;
#1213 = DIRECTION ( 'NONE',  ( 0.0000000000000000000, 1.000000000000000000, 0.0000000000000000000 ) ) ;
#1214 = CARTESIAN_POINT ( 'NONE',  ( -13.00000000000000000, -1.010416666666666500, -0.6770833333333347000 ) ) ;
#1215 = ORIENTED_EDGE ( 'NONE', *, *, #5936, .T. ) ;
#1216 = CARTESIAN_POINT ( 'NONE',  ( -13.00000000000000000, -8.416666666666671400, 0.3333333333333338100 ) ) ;
#1217 = CARTESIAN_POINT ( 'NONE',  ( -11.51195031260993300, -3.189583333333333700, -2.862500000000007400 ) ) ;
#1218 = TOROIDAL_SURFACE ( 'NONE', #1944, 9.137499999999999300, 0.1375000000000000100 ) ;
#1219 = CIRCLE ( 'NONE', #6599, 0.1375000000000000400 ) ;
#1220 = EDGE_CURVE ( 'NONE', #2809, #178, #1600, .T. ) ;
#1221 = AXIS2_PLACEMENT_3D ( 'NONE', #2226, #5969, #959 ) ;
#1222 = DIRECTION ( 'NONE',  ( 0.0000000000000000000, 0.0000000000000000000, 1.000000000000000000 ) ) ;
#1223 = ADVANCED_FACE ( 'NONE', ( #3803 ), #6764, .T. ) ;
#1224 = DIRECTION ( 'NONE',  ( 1.000000000000000000, 0.0000000000000000000, 0.0000000000000000000 ) ) ;
#1225 = ORIENTED_EDGE ( 'NONE', *, *, #147, .T. ) ;
#1226 = ORIENTED_EDGE ( 'NONE', *, *, #3248, .T. ) ;
#1227 = DIRECTION ( 'NONE',  ( 0.0000000000000000000, 0.0000000000000000000, 1.000000000000000000 ) ) ;
#1228 = CARTESIAN_POINT ( 'NONE',  ( -11.00055430151961600, -8.433532612369511100, -0.3333333333333321500 ) ) ;
#1229 = EDGE_CURVE ( 'NONE', #178, #929, #5430, .T. ) ;
#1230 = AXIS2_PLACEMENT_3D ( 'NONE', #7714, #1606, #7550 ) ;
#1231 = EDGE_LOOP ( 'NONE', ( #2396, #1731, #2897, #3319 ) ) ;
#1232 = B_SPLINE_CURVE_WITH_KNOTS ( 'NONE', 3,
 ( #255, #5737, #4543, #3245, #898, #5761 ),
 .UNSPECIFIED., .F., .F.,
 ( 4, 2, 4 ),
 ( 4.336808689942017700E-019, 0.0002722496568808435200, 0.0005444993137616866000 ),
 .UNSPECIFIED. ) ;
#1233 = DIRECTION ( 'NONE',  ( 1.000000000000000000, -0.0000000000000000000, -0.0000000000000000000 ) ) ;
#1234 = CARTESIAN_POINT ( 'NONE',  ( 10.60839925008270000, -8.513508640916521500, 2.908928557191594200 ) ) ;
#1235 = CARTESIAN_POINT ( 'NONE',  ( 10.53272244899199500, -0.6666666666666669600, -2.656250000000006700 ) ) ;
#1236 = ORIENTED_EDGE ( 'NONE', *, *, #718, .F. ) ;
#1237 = ORIENTED_EDGE ( 'NONE', *, *, #2985, .T. ) ;
#1238 = ORIENTED_EDGE ( 'NONE', *, *, #4574, .F. ) ;
#1239 = CARTESIAN_POINT ( 'NONE',  ( 8.994773041237705200, -0.9213168231242908600, 0.3333335525886232400 ) ) ;
#1240 = ORIENTED_EDGE ( 'NONE', *, *, #2475, .F. ) ;
#1241 = AXIS2_PLACEMENT_3D ( 'NONE', #4477, #2626, #2080 ) ;
#1242 = CARTESIAN_POINT ( 'NONE',  ( -13.00000000000000000, -8.416666666666671400, -3.000000000000004400 ) ) ;
#1243 = CARTESIAN_POINT ( 'NONE',  ( -10.49903856070130600, -8.328530283329099500, 3.000000000000000900 ) ) ;
#1244 = DIRECTION ( 'NONE',  ( -0.0000000000000000000, 1.000000000000000000, 0.0000000000000000000 ) ) ;
#1245 = VERTEX_POINT ( 'NONE', #4869 ) ;
#1246 = ORIENTED_EDGE ( 'NONE', *, *, #229, .T. ) ;
#1247 = ORIENTED_EDGE ( 'NONE', *, *, #2959, .T. ) ;
#1248 = CARTESIAN_POINT ( 'NONE',  ( 9.116424755882437800, -0.6666666666666667400, 0.5863515699624412000 ) ) ;
#1249 = CARTESIAN_POINT ( 'NONE',  ( 10.58352587923468800, -1.010416666666635400, 3.000000000000120800 ) ) ;
#1250 = CARTESIAN_POINT ( 'NONE',  ( -10.85272318776254600, -8.485227356401082900, -0.3262062889250497700 ) ) ;
#1251 = EDGE_CURVE ( 'NONE', #6109, #3913, #2220, .T. ) ;
#1252 = EDGE_LOOP ( 'NONE', ( #6802, #5085, #7278, #7584 ) ) ;
#1253 = AXIS2_PLACEMENT_3D ( 'NONE', #7892, #4277, #2455 ) ;
#1254 = VERTEX_POINT ( 'NONE', #1856 ) ;
#1255 = EDGE_CURVE ( 'NONE', #2116, #6177, #6529, .T. ) ;
#1256 = CARTESIAN_POINT ( 'NONE',  ( 0.0000000000000000000, -10.00000000000000200, 0.0000000000000000000 ) ) ;
#1257 = CARTESIAN_POINT ( 'NONE',  ( 0.0000000000000000000, 0.0000000000000000000, 0.0000000000000000000 ) ) ;
#1258 = LINE ( 'NONE', #3981, #7219 ) ;
#1259 = ORIENTED_EDGE ( 'NONE', *, *, #7930, .F. ) ;
#1260 = VECTOR ( 'NONE', #4906, 1000.000000000000000 ) ;
#1261 = ADVANCED_FACE ( 'NONE', ( #548 ), #6389, .T. ) ;
#1262 = ORIENTED_EDGE ( 'NONE', *, *, #2097, .T. ) ;
#1263 = DIRECTION ( 'NONE',  ( -1.000000000000000000, 0.0000000000000000000, 0.0000000000000000000 ) ) ;
#1264 = EDGE_CURVE ( 'NONE', #384, #6750, #6029, .T. ) ;
#1265 = AXIS2_PLACEMENT_3D ( 'NONE', #5493, #4296, #167 ) ;
#1266 = DIRECTION ( 'NONE',  ( 0.0000000000000000000, 1.000000000000000000, 1.219727444046190300E-016 ) ) ;
#1267 = FACE_OUTER_BOUND ( 'NONE', #7499, .T. ) ;
#1268 = CARTESIAN_POINT ( 'NONE',  ( 0.0000000000000000000, 0.4189344802651160400, 13.00000000000000000 ) ) ;
#1269 = CARTESIAN_POINT ( 'NONE',  ( -8.208381960941682800, -8.669966824256958300, -3.692057265874471900 ) ) ;
#1270 = VERTEX_POINT ( 'NONE', #3615 ) ;
#1271 =( BOUNDED_SURFACE ( )  B_SPLINE_SURFACE ( 3, 2, ( 
 ( #4572, #2105, #2164 ),
 ( #397, #6443, #4683 ),
 ( #5159, #2841, #2752 ),
 ( #7037, #1486, #311 ),
 ( #2780, #7089, #341 ),
 ( #5764, #369, #925 ) ),
 .UNSPECIFIED., .F., .F., .F. ) 
 B_SPLINE_SURFACE_WITH_KNOTS ( ( 4, 2, 4 ),
 ( 3, 3 ),
 ( 0.0000000000000000000, 0.0001612180773976561800, 0.0003224361547953123700 ),
 ( 0.0000000000000000000, 1.000000000000000000 ),
 .UNSPECIFIED. ) 
 GEOMETRIC_REPRESENTATION_ITEM ( )  RATIONAL_B_SPLINE_SURFACE ( (
 ( 1.000000000000000000, 0.7071067811865430200, 1.000000000000000000),
 ( 1.000000000000000000, 0.7012655210926631600, 1.000000000000000000),
 ( 1.000000000000000000, 0.6971379659430073600, 1.000000000000000000),
 ( 1.000000000000000000, 0.6924216609631767000, 1.000000000000000000),
 ( 1.000000000000000000, 0.6916433838126483400, 1.000000000000000000),
 ( 1.000000000000000000, 0.6916123043970855400, 1.000000000000000000) ) ) 
 REPRESENTATION_ITEM ( '' )  SURFACE ( )  );
#1272 = EDGE_LOOP ( 'NONE', ( #6927, #5135, #5321, #1336 ) ) ;
#1273 = CARTESIAN_POINT ( 'NONE',  ( -10.61618999397229000, -8.432806995708144600, -2.898464790936383700 ) ) ;
#1274 = CIRCLE ( 'NONE', #4071, 0.1374999999999996200 ) ;
#1275 = CARTESIAN_POINT ( 'NONE',  ( 10.62844402495322000, -1.730570326727686200, 2.894518436393729300 ) ) ;
#1276 = DIRECTION ( 'NONE',  ( -0.0000000000000000000, 1.000000000000000000, -0.0000000000000000000 ) ) ;
#1277 = EDGE_CURVE ( 'NONE', #4925, #6036, #3707, .T. ) ;
#1278 = AXIS2_PLACEMENT_3D ( 'NONE', #4090, #5313, #412 ) ;
#1279 = DIRECTION ( 'NONE',  ( 1.000000000000000000, 0.0000000000000000000, 0.0000000000000000000 ) ) ;
#1280 = DIRECTION ( 'NONE',  ( 0.0000000000000000000, 0.0000000000000000000, -1.000000000000000000 ) ) ;
#1281 = ORIENTED_EDGE ( 'NONE', *, *, #417, .T. ) ;
#1282 = CIRCLE ( 'NONE', #4410, 0.1375000000000000400 ) ;
#1283 = EDGE_LOOP ( 'NONE', ( #7724, #6144, #5297, #5304 ) ) ;
#1284 = VECTOR ( 'NONE', #5666, 1000.000000000000000 ) ;
#1285 = B_SPLINE_CURVE_WITH_KNOTS ( 'NONE', 3,
 ( #5236, #4654, #7271, #4810, #2391, #2964 ),
 .UNSPECIFIED., .F., .F.,
 ( 4, 2, 4 ),
 ( 0.0000000000000000000, 0.0001648485542401919500, 0.0003296971084803839100 ),
 .UNSPECIFIED. ) ;
#1286 = CARTESIAN_POINT ( 'NONE',  ( -9.125361477473253700, -0.9195432071779702200, -0.3333333333324862100 ) ) ;
#1287 = DIRECTION ( 'NONE',  ( 0.0000000000000000000, -1.000000000000000000, 0.0000000000000000000 ) ) ;
#1288 = CARTESIAN_POINT ( 'NONE',  ( 0.0000000000000000000, -1.795138888888889300, 0.0000000000000000000 ) ) ;
#1289 = CIRCLE ( 'NONE', #3786, 9.000000000000000000 ) ;
#1290 = AXIS2_PLACEMENT_3D ( 'NONE', #1368, #6293, #6911 ) ;
#1291 = EDGE_LOOP ( 'NONE', ( #7856, #5330, #470, #7020 ) ) ;
#1292 = CARTESIAN_POINT ( 'NONE',  ( 11.20237400183030400, -2.409317479454465600, 2.880106126779848900 ) ) ;
#1293 = PLANE ( 'NONE',  #5220 ) ;
#1294 = CARTESIAN_POINT ( 'NONE',  ( -10.61118938525952900, -2.914583333333333700, -2.898734177215196900 ) ) ;
#1295 = CARTESIAN_POINT ( 'NONE',  ( 8.994773050389463600, -1.010416666666313000, 0.3333333333323902900 ) ) ;
#1296 = CARTESIAN_POINT ( 'NONE',  ( -11.09644972654975700, -1.792479263787914100, 0.4721499692040211900 ) ) ;
#1297 = FACE_OUTER_BOUND ( 'NONE', #7815, .T. ) ;
#1298 = VERTEX_POINT ( 'NONE', #2397 ) ;
#1299 = EDGE_CURVE ( 'NONE', #5151, #1065, #7639, .T. ) ;
#1300 = CARTESIAN_POINT ( 'NONE',  ( 10.58207497550744800, -8.734299663825456900, 3.004902338997890600 ) ) ;
#1301 = ADVANCED_FACE ( 'NONE', ( #2178 ), #1304, .T. ) ;
#1302 = AXIS2_PLACEMENT_3D ( 'NONE', #5076, #5129, #6298 ) ;
#1303 = CARTESIAN_POINT ( 'NONE',  ( 0.0000000000000000000, 0.0000000000000000000, 0.0000000000000000000 ) ) ;
#1304 = CONICAL_SURFACE ( 'NONE', #1817, 12.00000000000000000, 0.2798806853557597700 ) ;
#1305 = CARTESIAN_POINT ( 'NONE',  ( -10.41628591300797000, -8.873372328059447900, -3.537663771294631100 ) ) ;
#1306 = CARTESIAN_POINT ( 'NONE',  ( -10.17458707870851100, -8.416666666666671400, -3.666666666666675800 ) ) ;
#1307 = CARTESIAN_POINT ( 'NONE',  ( 11.12908718079473600, 0.0000000000000000000, 2.897139713971403500 ) ) ;
#1308 = ORIENTED_EDGE ( 'NONE', *, *, #3441, .F. ) ;
#1309 = FACE_OUTER_BOUND ( 'NONE', #2387, .T. ) ;
#1310 = CARTESIAN_POINT ( 'NONE',  ( -8.975257740366252800, -0.6666666666666666300, -0.6668946648426825600 ) ) ;
#1311 = FACE_OUTER_BOUND ( 'NONE', #5687, .T. ) ;
#1312 = CARTESIAN_POINT ( 'NONE',  ( 8.594407213648574700, -8.721003097329949900, -3.171492436854129100 ) ) ;
#1313 = CARTESIAN_POINT ( 'NONE',  ( -11.65694847563809100, -6.097228145099030000, 0.4762236886384398300 ) ) ;
#1314 = DIRECTION ( 'NONE',  ( -0.0000000000000000000, -1.000000000000000000, 0.0000000000000000000 ) ) ;
#1315 = EDGE_CURVE ( 'NONE', #5207, #3087, #7837, .T. ) ;
#1316 = AXIS2_PLACEMENT_3D ( 'NONE', #1915, #5056, #5651 ) ;
#1317 = EDGE_LOOP ( 'NONE', ( #1629, #4895, #7006, #5581 ) ) ;
#1318 = DIRECTION ( 'NONE',  ( -0.0000000000000000000, 1.000000000000000000, -0.0000000000000000000 ) ) ;
#1319 = LINE ( 'NONE', #7629, #2184 ) ;
#1320 = CARTESIAN_POINT ( 'NONE',  ( 10.48446196509712900, -8.416666666666671400, 2.862499999999999800 ) ) ;
#1321 = CARTESIAN_POINT ( 'NONE',  ( 10.84763140033822600, -0.7038008140556544200, -0.4976635215733687900 ) ) ;
#1322 = CARTESIAN_POINT ( 'NONE',  ( 10.66604804961214700, -0.6666666666666645200, -2.689873417721526200 ) ) ;
#1323 = CARTESIAN_POINT ( 'NONE',  ( 11.49012263724674900, -1.932638888888889200, 0.4765309864319775500 ) ) ;
#1324 = CARTESIAN_POINT ( 'NONE',  ( -10.61362418823683700, -8.315935181604889000, -3.000000000000010700 ) ) ;
#1325 = CARTESIAN_POINT ( 'NONE',  ( -11.11210247099231200, -1.795138888888889500, 0.4714843455949873600 ) ) ;
#1326 = ORIENTED_EDGE ( 'NONE', *, *, #3269, .F. ) ;
#1327 = EDGE_CURVE ( 'NONE', #7343, #1164, #4095, .T. ) ;
#1328 = EDGE_CURVE ( 'NONE', #6733, #5185, #259, .T. ) ;
#1329 = AXIS2_PLACEMENT_3D ( 'NONE', #4114, #5342, #1670 ) ;
#1330 = ORIENTED_EDGE ( 'NONE', *, *, #2452, .T. ) ;
#1331 =( BOUNDED_SURFACE ( )  B_SPLINE_SURFACE ( 3, 2, ( 
 ( #758, #5041, #731 ),
 ( #5010, #1334, #2576 ),
 ( #3201, #7474, #3802 ),
 ( #128, #4423, #1361 ) ),
 .UNSPECIFIED., .F., .F., .F. ) 
 B_SPLINE_SURFACE_WITH_KNOTS ( ( 4, 4 ),
 ( 3, 3 ),
 ( -3.747409283924585400E-016, 5.757178801709313500E-005 ),
 ( 0.0000000000000000000, 1.000000000000000000 ),
 .UNSPECIFIED. ) 
 GEOMETRIC_REPRESENTATION_ITEM ( )  RATIONAL_B_SPLINE_SURFACE ( (
 ( 1.000000000000000000, 0.7848802522875154600, 1.000000000000000000),
 ( 1.000000000000000000, 0.7868350848356420200, 1.000000000000000000),
 ( 1.000000000000000000, 0.7878108801246631600, 1.000000000000000000),
 ( 1.000000000000000000, 0.7878155363303328600, 1.000000000000000000) ) ) 
 REPRESENTATION_ITEM ( '' )  SURFACE ( )  );
#1332 = DIRECTION ( 'NONE',  ( 0.0000000000000000000, 0.0000000000000000000, 1.000000000000000000 ) ) ;
#1333 = CARTESIAN_POINT ( 'NONE',  ( 10.17458707870850700, -8.416666666666671400, -3.666666666666670500 ) ) ;
#1334 = CARTESIAN_POINT ( 'NONE',  ( 11.61553676467786800, -4.948162245175741900, -3.000000000000008400 ) ) ;
#1335 = CARTESIAN_POINT ( 'NONE',  ( -10.19259026582330400, -8.583592202398421000, -3.632967803555345200 ) ) ;
#1336 = ORIENTED_EDGE ( 'NONE', *, *, #3343, .F. ) ;
#1337 = CARTESIAN_POINT ( 'NONE',  ( -10.46890258785920800, -8.569885759123023300, -3.024920197635213800 ) ) ;
#1338 = CARTESIAN_POINT ( 'NONE',  ( -11.49606153488800000, -2.320795288720952000, 0.3333333333333341500 ) ) ;
#1339 = EDGE_LOOP ( 'NONE', ( #2270, #3500, #1824, #4902 ) ) ;
#1340 = B_SPLINE_CURVE_WITH_KNOTS ( 'NONE', 3,
 ( #2601, #5664, #214, #7067, #7692, #7727, #993, #5247, #7661, #4637 ),
 .UNSPECIFIED., .F., .F.,
 ( 4, 2, 2, 2, 4 ),
 ( 0.0000000000000000000, 0.0003653064935391725000, 0.0007306129870783450100, 0.001095919480617517500, 0.001461225974156690000 ),
 .UNSPECIFIED. ) ;
#1341 = CARTESIAN_POINT ( 'NONE',  ( -8.283025159320276400, -8.838583421055739500, -3.521401143147517400 ) ) ;
#1342 = CARTESIAN_POINT ( 'NONE',  ( -10.88442328056748700, -8.285609833563633200, 0.3333333333333337000 ) ) ;
#1343 = CARTESIAN_POINT ( 'NONE',  ( 10.62078244528448100, -8.395877059978344500, 2.898217514512089600 ) ) ;
#1344 = ORIENTED_EDGE ( 'NONE', *, *, #2380, .T. ) ;
#1345 = CARTESIAN_POINT ( 'NONE',  ( 10.99442124812328100, -8.432806995708311600, 0.4767489394116604700 ) ) ;
#1346 = ORIENTED_EDGE ( 'NONE', *, *, #6541, .F. ) ;
#1347 = ADVANCED_FACE ( 'NONE', ( #1496 ), #6488, .T. ) ;
#1348 = DIRECTION ( 'NONE',  ( 1.261617073437677500E-014, 1.000000000000000000, 0.0000000000000000000 ) ) ;
#1349 = CARTESIAN_POINT ( 'NONE',  ( -8.742896670297549000, -0.6666666666666669600, -2.656250000000006700 ) ) ;
#1350 = ORIENTED_EDGE ( 'NONE', *, *, #1035, .F. ) ;
#1351 = CARTESIAN_POINT ( 'NONE',  ( 10.98891396599528400, -0.7004437009513339000, 0.5027406311343860500 ) ) ;
#1352 = CC_DESIGN_PERSON_AND_ORGANIZATION_ASSIGNMENT ( #7022, #5712, ( #2071 ) ) ;
#1353 = CARTESIAN_POINT ( 'NONE',  ( -11.85315241706704000, -2.561111111111112200, 0.4708333333333341600 ) ) ;
#1354 = DIRECTION ( 'NONE',  ( 0.9925769624232575500, 0.1216181469461652700, 0.0000000000000000000 ) ) ;
#1355 = ORIENTED_EDGE ( 'NONE', *, *, #3179, .T. ) ;
#1356 = ORIENTED_EDGE ( 'NONE', *, *, #5277, .T. ) ;
#1357 = DIRECTION ( 'NONE',  ( -1.000000000000000000, -1.261617073437673500E-014, 0.0000000000000000000 ) ) ;
#1358 = APPROVAL_DATE_TIME ( #7881, #5098 ) ;
#1359 = DIRECTION ( 'NONE',  ( 0.0000000000000000000, 1.219727444046190300E-016, -1.000000000000000000 ) ) ;
#1360 = CARTESIAN_POINT ( 'NONE',  ( 10.47579425945666300, -8.485227356401079400, -3.007127044408287800 ) ) ;
#1361 = CARTESIAN_POINT ( 'NONE',  ( 11.64538703909961700, -4.889079012875068700, -2.895679662802958600 ) ) ;
#1362 = ORIENTED_EDGE ( 'NONE', *, *, #2301, .T. ) ;
#1363 = CARTESIAN_POINT ( 'NONE',  ( 10.61766660701001900, -0.9011237372456061300, 2.875199858457014600 ) ) ;
#1364 = CIRCLE ( 'NONE', #6424, 0.1375000000000000400 ) ;
#1365 = AXIS2_PLACEMENT_3D ( 'NONE', #4304, #610, #4227 ) ;
#1366 = EDGE_CURVE ( 'NONE', #4138, #5642, #6195, .T. ) ;
#1367 = ORIENTED_EDGE ( 'NONE', *, *, #1745, .F. ) ;
#1368 = CARTESIAN_POINT ( 'NONE',  ( -8.742896670297549000, -0.8041666666666670300, -2.656250000000006700 ) ) ;
#1369 = CARTESIAN_POINT ( 'NONE',  ( 10.85243732413864700, -8.462547746401794400, 0.3309729956295176000 ) ) ;
#1370 = ORIENTED_EDGE ( 'NONE', *, *, #7085, .F. ) ;
#1371 = FACE_OUTER_BOUND ( 'NONE', #4719, .T. ) ;
#1372 = ORIENTED_EDGE ( 'NONE', *, *, #7739, .T. ) ;
#1373 = EDGE_CURVE ( 'NONE', #5211, #2992, #4957, .T. ) ;
#1374 = AXIS2_PLACEMENT_3D ( 'NONE', #6969, #247, #4001 ) ;
#1375 = DIRECTION ( 'NONE',  ( -0.0000000000000000000, 1.000000000000000000, -0.0000000000000000000 ) ) ;
#1376 =( BOUNDED_SURFACE ( )  B_SPLINE_SURFACE ( 3, 2, ( 
 ( #3862, #5049, #3154 ),
 ( #6832, #5645, #1986 ),
 ( #193, #7432, #7482 ),
 ( #5093, #3782, #763 ) ),
 .UNSPECIFIED., .F., .F., .F. ) 
 B_SPLINE_SURFACE_WITH_KNOTS ( ( 4, 4 ),
 ( 3, 3 ),
 ( 0.0000000000000000000, 0.003474992711863933800 ),
 ( 0.0000000000000000000, 1.000000000000000000 ),
 .UNSPECIFIED. ) 
 GEOMETRIC_REPRESENTATION_ITEM ( )  RATIONAL_B_SPLINE_SURFACE ( (
 ( 1.000000000000000000, 0.6934795268639775100, 1.000000000000000000),
 ( 1.000000000000000000, 0.6931080534477706000, 1.000000000000000000),
 ( 1.000000000000000000, 0.6927064981664218200, 1.000000000000000000),
 ( 1.000000000000000000, 0.6922660349650390200, 1.000000000000000000) ) ) 
 REPRESENTATION_ITEM ( '' )  SURFACE ( )  );
#1377 = CARTESIAN_POINT ( 'NONE',  ( 10.85229110474936600, -1.010416666666666500, 0.3333333333333342600 ) ) ;
#1378 = FACE_OUTER_BOUND ( 'NONE', #1291, .T. ) ;
#1379 = DIRECTION ( 'NONE',  ( -0.0000000000000000000, 1.000000000000000000, -0.0000000000000000000 ) ) ;
#1380 = CARTESIAN_POINT ( 'NONE',  ( -10.99714006944197200, -8.466937863389224700, 0.3299609425089871100 ) ) ;
#1381 = ORIENTED_EDGE ( 'NONE', *, *, #3586, .F. ) ;
#1382 = CIRCLE ( 'NONE', #6719, 0.1375000000000000400 ) ;
#1383 = CARTESIAN_POINT ( 'NONE',  ( 11.64538703909961700, -4.889079012875070500, -2.895679662802956400 ) ) ;
#1384 = CIRCLE ( 'NONE', #3392, 11.50000000000000000 ) ;
#1385 = ADVANCED_FACE ( 'NONE', ( #7260 ), #7447, .F. ) ;
#1386 = DIRECTION ( 'NONE',  ( 0.0000000000000000000, 0.0000000000000000000, -1.000000000000000000 ) ) ;
#1387 = EDGE_LOOP ( 'NONE', ( #2383, #2402, #7133, #5950 ) ) ;
#1388 = CARTESIAN_POINT ( 'NONE',  ( -11.51195031260993500, -3.052083333333333900, -2.862500000000007400 ) ) ;
#1389 = CARTESIAN_POINT ( 'NONE',  ( 11.00923584854909800, -2.983325606732733600, -0.3333333333333927700 ) ) ;
#1390 = LINE ( 'NONE', #185, #5234 ) ;
#1391 = B_SPLINE_CURVE_WITH_KNOTS ( 'NONE', 3,
 ( #2916, #3462, #7738, #7711, #1678, #4099 ),
 .UNSPECIFIED., .F., .F.,
 ( 4, 2, 4 ),
 ( 0.0000000000000000000, 0.0002182940002928776300, 0.0004365880005857552600 ),
 .UNSPECIFIED. ) ;
#1392 = CARTESIAN_POINT ( 'NONE',  ( -8.332126372040875100, -8.886635620190494600, -3.404672101939704400 ) ) ;
#1393 = DIRECTION ( 'NONE',  ( 0.0000000000000000000, 0.0000000000000000000, -1.000000000000000000 ) ) ;
#1394 = CARTESIAN_POINT ( 'NONE',  ( -8.307961375826336000, 0.0000000000000000000, -3.666666666666666100 ) ) ;
#1395 = CARTESIAN_POINT ( 'NONE',  ( 9.125361484468559300, -8.416666666666671400, 0.4708333333333338300 ) ) ;
#1396 = FACE_OUTER_BOUND ( 'NONE', #2394, .T. ) ;
#1397 = CARTESIAN_POINT ( 'NONE',  ( 11.35760956975053300, -1.932638888888889200, 0.3333333333333341500 ) ) ;
#1398 = CARTESIAN_POINT ( 'NONE',  ( 10.48047654633086100, -8.439694462149004700, 2.999999999999338300 ) ) ;
#1399 = DIRECTION ( 'NONE',  ( -1.000000000000000000, -0.0000000000000000000, -0.0000000000000000000 ) ) ;
#1400 = ADVANCED_FACE ( 'NONE', ( #5809 ), #2949, .F. ) ;
#1401 = CARTESIAN_POINT ( 'NONE',  ( -11.24241155978621800, -2.419265647094107900, 2.870985525771064600 ) ) ;
#1402 = CARTESIAN_POINT ( 'NONE',  ( 8.182944173180517900, -8.416666666666671400, 3.746922024623809700 ) ) ;
#1403 = CARTESIAN_POINT ( 'NONE',  ( 6.253606744053678700, 1.999999999999999600, 12.50721348810735700 ) ) ;
#1404 = LINE ( 'NONE', #2145, #4387 ) ;
#1405 = EDGE_CURVE ( 'NONE', #5735, #4650, #5199, .T. ) ;
#1406 = AXIS2_PLACEMENT_3D ( 'NONE', #7457, #3289, #6294 ) ;
#1407 = CARTESIAN_POINT ( 'NONE',  ( -10.61362418823683700, -8.315935181604890800, 3.000000000000000900 ) ) ;
#1408 = VERTEX_POINT ( 'NONE', #6196 ) ;
#1409 = CARTESIAN_POINT ( 'NONE',  ( 10.39516949449453300, -8.735147441886226700, -3.205929652020453000 ) ) ;
#1410 = CIRCLE ( 'NONE', #2931, 0.1374999999999996200 ) ;
#1411 = CARTESIAN_POINT ( 'NONE',  ( 10.98491290526229300, -0.8261087960654780500, -0.5772245123205509400 ) ) ;
#1412 = CARTESIAN_POINT ( 'NONE',  ( -10.51182419603454200, -8.285609833563631500, -2.862500000000009600 ) ) ;
#1413 = CARTESIAN_POINT ( 'NONE',  ( -11.48425259907991200, -2.531362499610551700, 0.3333333333333341500 ) ) ;
#1414 = ORIENTED_EDGE ( 'NONE', *, *, #6002, .F. ) ;
#1415 = ORIENTED_EDGE ( 'NONE', *, *, #7878, .F. ) ;
#1416 = CARTESIAN_POINT ( 'NONE',  ( 8.677557259966649300, -8.511348849738430600, -3.000000000000004900 ) ) ;
#1417 = CARTESIAN_POINT ( 'NONE',  ( 0.0000000000000000000, -3.189583333333333700, 0.0000000000000000000 ) ) ;
#1418 = EDGE_CURVE ( 'NONE', #6063, #103, #7171, .T. ) ;
#1419 = AXIS2_PLACEMENT_3D ( 'NONE', #4737, #7088, #3485 ) ;
#1420 = ORIENTED_EDGE ( 'NONE', *, *, #6594, .T. ) ;
#1421 = ADVANCED_FACE ( 'NONE', ( #1122 ), #5, .T. ) ;
#1422 = ORIENTED_EDGE ( 'NONE', *, *, #7930, .T. ) ;
#1423 = CARTESIAN_POINT ( 'NONE',  ( -8.307961375826336000, -8.416666666666671400, 3.804166666666673800 ) ) ;
#1424 = CARTESIAN_POINT ( 'NONE',  ( 10.82259344804161700, -7.708653435293540700, -2.896664423125546100 ) ) ;
#1425 = ORIENTED_EDGE ( 'NONE', *, *, #4767, .T. ) ;
#1426 = CARTESIAN_POINT ( 'NONE',  ( -10.47854951794378500, -1.010416666666667000, 3.000000000000006200 ) ) ;
#1427 = CARTESIAN_POINT ( 'NONE',  ( 10.85272318776254400, -8.513508640916521500, -0.4607663831066342000 ) ) ;
#1428 =( BOUNDED_SURFACE ( )  B_SPLINE_SURFACE ( 3, 3, ( 
 ( #3903, #5133, #4498, #1457 ),
 ( #6362, #5739, #1403, #2076 ),
 ( #3325, #5630, #823, #176 ),
 ( #258, #6258, #2594, #3821 ) ),
 .UNSPECIFIED., .F., .F., .F. ) 
 B_SPLINE_SURFACE_WITH_KNOTS ( ( 4, 4 ),
 ( 4, 4 ),
 ( 0.0000000000000000000, 1.000000000000000000 ),
 ( 0.0000000000000000000, 1.000000000000000000 ),
 .UNSPECIFIED. ) 
 GEOMETRIC_REPRESENTATION_ITEM ( )  RATIONAL_B_SPLINE_SURFACE ( (
 ( 1.000000000000000000, 0.3333333333333334300, 0.3333333333333334300, 1.000000000000000000),
 ( 0.8646195192830434800, 0.2882065064276812500, 0.2882065064276812500, 0.8646195192830434800),
 ( 0.8646195192830434800, 0.2882065064276812500, 0.2882065064276812500, 0.8646195192830434800),
 ( 1.000000000000000000, 0.3333333333333334300, 0.3333333333333334300, 1.000000000000000000) ) ) 
 REPRESENTATION_ITEM ( '' )  SURFACE ( )  );
#1429 = CARTESIAN_POINT ( 'NONE',  ( -8.553219139695276100, -8.750597190616806700, -3.251373980333168900 ) ) ;
#1430 = EDGE_CURVE ( 'NONE', #262, #2474, #3991, .T. ) ;
#1431 = AXIS2_PLACEMENT_3D ( 'NONE', #6307, #5208, #6499 ) ;
#1432 = ORIENTED_EDGE ( 'NONE', *, *, #2661, .F. ) ;
#1433 = ORIENTED_EDGE ( 'NONE', *, *, #5241, .T. ) ;
#1434 = CARTESIAN_POINT ( 'NONE',  ( 11.52490872554274000, -6.059245009825810200, -0.3333333333333340400 ) ) ;
#1435 = CARTESIAN_POINT ( 'NONE',  ( -10.51182419603454400, -8.285609833563633200, 3.000000000000000900 ) ) ;
#1436 = CARTESIAN_POINT ( 'NONE',  ( 8.994773050389000000, -8.416666666666671400, 0.3333333333333354800 ) ) ;
#1437 = CARTESIAN_POINT ( 'NONE',  ( -10.60209150170313900, -8.352977534925486200, 3.000000000000088800 ) ) ;
#1438 = CARTESIAN_POINT ( 'NONE',  ( 10.85420169784822200, -8.439395408491092700, -0.3333333333333338700 ) ) ;
#1439 = CARTESIAN_POINT ( 'NONE',  ( -11.38267740009417600, -2.429987894381082200, 0.3333333333333341500 ) ) ;
#1440 = EDGE_LOOP ( 'NONE', ( #3475, #7347, #906, #3415 ) ) ;
#1441 = ADVANCED_FACE ( 'NONE', ( #3043 ), #4407, .F. ) ;
#1442 = ORIENTED_EDGE ( 'NONE', *, *, #666, .T. ) ;
#1443 = ORIENTED_EDGE ( 'NONE', *, *, #7394, .T. ) ;
#1444 = CARTESIAN_POINT ( 'NONE',  ( 10.48446196509711800, -8.416666666666671400, -3.000000000000004400 ) ) ;
#1445 = CARTESIAN_POINT ( 'NONE',  ( -8.677557336357292400, -0.9179406142420421000, -3.000000000000006700 ) ) ;
#1446 = CARTESIAN_POINT ( 'NONE',  ( 10.47763328963212500, -8.462636413839396400, 3.002378973459426600 ) ) ;
#1447 = CARTESIAN_POINT ( 'NONE',  ( 11.14131507885936900, -2.342363292315930300, 2.894275332131514200 ) ) ;
#1448 = ORIENTED_EDGE ( 'NONE', *, *, #449, .T. ) ;
#1449 = ORIENTED_EDGE ( 'NONE', *, *, #624, .F. ) ;
#1450 = DIRECTION ( 'NONE',  ( 0.0000000000000000000, 0.0000000000000000000, -1.000000000000000000 ) ) ;
#1451 = CARTESIAN_POINT ( 'NONE',  ( 10.66552116761208800, -8.235747438187447100, -2.897141164492650100 ) ) ;
#1452 = EDGE_CURVE ( 'NONE', #6318, #1725, #3332, .T. ) ;
#1453 = CYLINDRICAL_SURFACE ( 'NONE', #4940, 0.1375000000000000400 ) ;
#1454 = CARTESIAN_POINT ( 'NONE',  ( -11.85042255390516200, -4.927621774756280700, -0.3333333333333340900 ) ) ;
#1455 = DIRECTION ( 'NONE',  ( 0.0000000000000000000, 0.2056820692032164100, 0.9786188667751523100 ) ) ;
#1456 = VERTEX_POINT ( 'NONE', #715 ) ;
#1457 = CARTESIAN_POINT ( 'NONE',  ( -2.221449702374167500E-015, 2.000000000000000000, -2.720491267479364700E-031 ) ) ;
#1458 = CALENDAR_DATE ( 2023, 28, 6 ) ;
#1459 = ORIENTED_EDGE ( 'NONE', *, *, #4397, .T. ) ;
#1460 = CARTESIAN_POINT ( 'NONE',  ( 10.85229110474936600, -1.010416666666666500, 0.4708333333333342700 ) ) ;
#1461 = ADVANCED_FACE ( 'NONE', ( #1026 ), #6336, .T. ) ;
#1462 = CIRCLE ( 'NONE', #5242, 0.1375000000000000400 ) ;
#1463 =( LENGTH_UNIT ( ) NAMED_UNIT ( * ) SI_UNIT ( .MILLI., .METRE. ) );
#1464 = CARTESIAN_POINT ( 'NONE',  ( 9.125361489357983300, -8.503958251210997700, 0.3333333333333338100 ) ) ;
#1465 = CARTESIAN_POINT ( 'NONE',  ( -10.61618999397221500, -8.432806995708210400, 2.898464790936375700 ) ) ;
#1466 = DIRECTION ( 'NONE',  ( 0.0000000000000000000, -1.000000000000000000, 1.219727444046190300E-016 ) ) ;
#1467 = ORIENTED_EDGE ( 'NONE', *, *, #6150, .T. ) ;
#1468 = CARTESIAN_POINT ( 'NONE',  ( -11.09248247032443200, -8.059312849325643000, -0.4765049168151909700 ) ) ;
#1469 = EDGE_CURVE ( 'NONE', #5454, #7601, #3895, .T. ) ;
#1470 = AXIS2_PLACEMENT_3D ( 'NONE', #2807, #7039, #927 ) ;
#1471 = EDGE_LOOP ( 'NONE', ( #5490, #6148, #1422, #7161 ) ) ;
#1472 = B_SPLINE_CURVE_WITH_KNOTS ( 'NONE', 3,
 ( #4357, #114, #2590, #686, #2506, #4441, #6783, #3736, #5627, #6864 ),
 .UNSPECIFIED., .F., .F.,
 ( 4, 2, 2, 2, 4 ),
 ( 0.0000000000000000000, 0.0002639520869487484600, 0.0005279041738974969300, 0.0007918562608462453900, 0.001055808347794993900 ),
 .UNSPECIFIED. ) ;
#1473 = LINE ( 'NONE', #2817, #7611 ) ;
#1474 = CARTESIAN_POINT ( 'NONE',  ( -11.51195031260993300, -4.889079012875070500, 2.862500000000003400 ) ) ;
#1475 = CARTESIAN_POINT ( 'NONE',  ( -8.487411582955431300, -1.010416666666666500, -3.000000000000006700 ) ) ;
#1476 = CARTESIAN_POINT ( 'NONE',  ( 10.47579425945666300, -8.485227356401077600, 3.007127044408282900 ) ) ;
#1477 = ORIENTED_EDGE ( 'NONE', *, *, #4070, .T. ) ;
#1478 = FACE_OUTER_BOUND ( 'NONE', #385, .T. ) ;
#1479 = ORIENTED_EDGE ( 'NONE', *, *, #2496, .F. ) ;
#1480 = VECTOR ( 'NONE', #1929, 1000.000000000000000 ) ;
#1481 = EDGE_CURVE ( 'NONE', #4049, #1540, #7540, .T. ) ;
#1482 = EDGE_CURVE ( 'NONE', #4293, #5621, #4669, .T. ) ;
#1483 = AXIS2_PLACEMENT_3D ( 'NONE', #6913, #4093, #943 ) ;
#1484 = ADVANCED_FACE ( 'NONE', ( #5702 ), #7630, .T. ) ;
#1485 = CARTESIAN_POINT ( 'NONE',  ( -8.685136945010567500, -0.8294550278695196300, 2.962007236727337100 ) ) ;
#1486 = CARTESIAN_POINT ( 'NONE',  ( -10.99461247418601000, -0.8274691824910268600, 0.3719732616458769100 ) ) ;
#1487 = FACE_OUTER_BOUND ( 'NONE', #7686, .T. ) ;
#1488 = ORIENTED_EDGE ( 'NONE', *, *, #505, .F. ) ;
#1489 = CARTESIAN_POINT ( 'NONE',  ( -10.84335205014228600, -7.172694891347833700, -3.000000000000009300 ) ) ;
#1490 = CARTESIAN_POINT ( 'NONE',  ( 8.999998261041160000, -8.749942933629029100, 0.08533526361308230200 ) ) ;
#1491 = CARTESIAN_POINT ( 'NONE',  ( 0.0000000000000000000, 0.4189344802651160400, 0.0000000000000000000 ) ) ;
#1492 = CARTESIAN_POINT ( 'NONE',  ( 10.85800004235542600, -8.416666666666671400, -0.3333333333333339300 ) ) ;
#1493 = CARTESIAN_POINT ( 'NONE',  ( 8.306036549353647700, -8.739961111534420000, 3.466901611669643800 ) ) ;
#1494 = DIRECTION ( 'NONE',  ( 0.0000000000000000000, 1.000000000000000000, 0.0000000000000000000 ) ) ;
#1495 = CARTESIAN_POINT ( 'NONE',  ( -8.487411582955433100, -8.416666666666671400, 2.999999999999999600 ) ) ;
#1496 = FACE_OUTER_BOUND ( 'NONE', #3123, .T. ) ;
#1497 = CARTESIAN_POINT ( 'NONE',  ( -8.555100170381567900, -0.6802515918912046500, -2.796563727854093400 ) ) ;
#1498 = DIRECTION ( 'NONE',  ( -0.0000000000000000000, 1.000000000000000000, 0.0000000000000000000 ) ) ;
#1499 = CARTESIAN_POINT ( 'NONE',  ( 10.51905364278988300, -0.6666666666666669600, 2.746583955724485500 ) ) ;
#1500 = ORIENTED_EDGE ( 'NONE', *, *, #2494, .T. ) ;
#1501 = CIRCLE ( 'NONE', #4676, 0.1375000000000000400 ) ;
#1502 = CARTESIAN_POINT ( 'NONE',  ( -10.46890207949892300, -8.569892003902531000, 3.024921510137157800 ) ) ;
#1503 = LINE ( 'NONE', #4785, #2763 ) ;
#1504 = CARTESIAN_POINT ( 'NONE',  ( -10.61660319364896500, -1.903920062274645700, 3.000000000000005800 ) ) ;
#1505 = CARTESIAN_POINT ( 'NONE',  ( -8.677557259966654600, -8.416666666666671400, 3.000000000000000000 ) ) ;
#1506 = CARTESIAN_POINT ( 'NONE',  ( -10.51182419603454200, -8.285609833563631500, -3.000000000000009800 ) ) ;
#1507 = DIRECTION ( 'NONE',  ( 0.0000000000000000000, 0.0000000000000000000, 1.000000000000000000 ) ) ;
#1508 = ORIENTED_EDGE ( 'NONE', *, *, #4339, .F. ) ;
#1509 = TOROIDAL_SURFACE ( 'NONE', #3297, 10.78999999999999900, 0.2099999999999999900 ) ;
#1510 = EDGE_CURVE ( 'NONE', #1550, #7204, #5320, .T. ) ;
#1511 = DIRECTION ( 'NONE',  ( -0.0000000000000000000, 1.000000000000000000, -0.0000000000000000000 ) ) ;
#1512 = AXIS2_PLACEMENT_3D ( 'NONE', #646, #1870, #670 ) ;
#1513 = CARTESIAN_POINT ( 'NONE',  ( -11.35274073614923100, -1.932638888888889200, 0.4708333333333341000 ) ) ;
#1514 = DIRECTION ( 'NONE',  ( 1.000000000000000000, 0.0000000000000000000, 0.0000000000000000000 ) ) ;
#1515 = EDGE_CURVE ( 'NONE', #6177, #3274, #2461, .T. ) ;
#1516 = CARTESIAN_POINT ( 'NONE',  ( -10.99588597502071100, -1.010416666666666100, -0.3333333333333328700 ) ) ;
#1517 = ORIENTED_EDGE ( 'NONE', *, *, #3203, .F. ) ;
#1518 = CARTESIAN_POINT ( 'NONE',  ( 8.479486614611465400, -8.562682981683796200, 3.020722382556029700 ) ) ;
#1519 = ORIENTED_EDGE ( 'NONE', *, *, #3923, .F. ) ;
#1520 = CARTESIAN_POINT ( 'NONE',  ( -11.40351940243320100, -6.978166200837006400, 0.4763471244715940500 ) ) ;
#1521 = ADVANCED_FACE ( 'NONE', ( #6381 ), #5140, .F. ) ;
#1522 = B_SPLINE_CURVE_WITH_KNOTS ( 'NONE', 3,
 ( #2738, #2229, #5248, #382 ),
 .UNSPECIFIED., .F., .F.,
 ( 4, 4 ),
 ( 3.785753300438255500E-016, 9.591652981441893500E-005 ),
 .UNSPECIFIED. ) ;
#1523 = DIRECTION ( 'NONE',  ( 0.0000000000000000000, -1.000000000000000000, 0.0000000000000000000 ) ) ;
#1524 = ADVANCED_FACE ( 'NONE', ( #1396 ), #2275, .T. ) ;
#1525 = CARTESIAN_POINT ( 'NONE',  ( 11.79977779995628100, -5.600696844379744900, -0.4761612970275083700 ) ) ;
#1526 = ORIENTED_EDGE ( 'NONE', *, *, #1580, .T. ) ;
#1527 = DIRECTION ( 'NONE',  ( -0.0000000000000000000, -1.000000000000000000, -1.219727444046190300E-016 ) ) ;
#1528 = EDGE_CURVE ( 'NONE', #974, #1797, #1202, .T. ) ;
#1529 = AXIS2_PLACEMENT_3D ( 'NONE', #3863, #196, #3508 ) ;
#1530 = VERTEX_POINT ( 'NONE', #3294 ) ;
#1531 = CARTESIAN_POINT ( 'NONE',  ( -11.51195024427861000, -4.908460220011166400, 3.000000000000003600 ) ) ;
#1532 = CARTESIAN_POINT ( 'NONE',  ( -10.61118938525953000, -1.657638888888889300, 2.898734177215195600 ) ) ;
#1533 = ORIENTED_EDGE ( 'NONE', *, *, #3422, .T. ) ;
#1534 = CARTESIAN_POINT ( 'NONE',  ( -8.998869120309951300, -8.716951421780455800, 0.1697280880458796300 ) ) ;
#1535 = CARTESIAN_POINT ( 'NONE',  ( -11.05554852454123000, -1.932638730274746800, 0.3333333333333341500 ) ) ;
#1536 = CARTESIAN_POINT ( 'NONE',  ( 11.65694847563809100, -6.097228145099034400, 0.4762236886384352800 ) ) ;
#1537 = CARTESIAN_POINT ( 'NONE',  ( -13.00000000000000000, -0.6666666666666669600, -2.656250000000006700 ) ) ;
#1538 = ORIENTED_EDGE ( 'NONE', *, *, #6952, .F. ) ;
#1539 = CARTESIAN_POINT ( 'NONE',  ( 0.0000000000000000000, -1.795138888888889300, 0.0000000000000000000 ) ) ;
#1540 = VERTEX_POINT ( 'NONE', #2665 ) ;
#1541 = CARTESIAN_POINT ( 'NONE',  ( -10.37862393557948700, -8.821082240448761900, -3.645707441478935000 ) ) ;
#1542 = ADVANCED_FACE ( 'NONE', ( #1297 ), #5605, .T. ) ;
#1543 = DIRECTION ( 'NONE',  ( 0.0000000000000000000, -1.000000000000000000, 0.0000000000000000000 ) ) ;
#1544 = ORIENTED_EDGE ( 'NONE', *, *, #5682, .T. ) ;
#1545 = CARTESIAN_POINT ( 'NONE',  ( -11.01644946929637400, -8.323592968122438800, 0.4765444609626241500 ) ) ;
#1546 = CARTESIAN_POINT ( 'NONE',  ( -10.60839925008270000, -8.513508640916526800, 2.908928557191595500 ) ) ;
#1547 = CARTESIAN_POINT ( 'NONE',  ( 8.307961375826330700, -8.416666666666671400, 3.666666666666673200 ) ) ;
#1548 = CARTESIAN_POINT ( 'NONE',  ( -11.01644946929642500, -8.323592968122447600, 0.4765444609626241500 ) ) ;
#1549 = CIRCLE ( 'NONE', #2119, 0.1375000000000008400 ) ;
#1550 = VERTEX_POINT ( 'NONE', #1649 ) ;
#1551 = LINE ( 'NONE', #5509, #1260 ) ;
#1552 = CARTESIAN_POINT ( 'NONE',  ( -8.529486313838136300, -8.669454353537700400, 2.873408030067415600 ) ) ;
#1553 = ORIENTED_EDGE ( 'NONE', *, *, #3894, .T. ) ;
#1554 = CARTESIAN_POINT ( 'NONE',  ( -10.62079630692755900, -8.395765596131502300, -2.898216766454174000 ) ) ;
#1555 = DIRECTION ( 'NONE',  ( 0.0000000000000000000, -1.000000000000000000, 0.0000000000000000000 ) ) ;
#1556 = B_SPLINE_CURVE_WITH_KNOTS ( 'NONE', 3,
 ( #6517, #4136, #1002, #5876, #5904, #7139 ),
 .UNSPECIFIED., .F., .F.,
 ( 4, 2, 4 ),
 ( 0.0000000000000000000, 0.0001622146941376945200, 0.0003244293882753890500 ),
 .UNSPECIFIED. ) ;
#1557 = VECTOR ( 'NONE', #6688, 1000.000000000000000 ) ;
#1558 = FACE_OUTER_BOUND ( 'NONE', #3907, .T. ) ;
#1559 = CARTESIAN_POINT ( 'NONE',  ( 8.554702176468739000, -0.9005190203163228000, -2.796186779010691600 ) ) ;
#1560 = ORIENTED_EDGE ( 'NONE', *, *, #7085, .T. ) ;
#1561 = CARTESIAN_POINT ( 'NONE',  ( 10.60839925008270200, -8.513508640916521500, -2.908928557191598600 ) ) ;
#1562 = EDGE_CURVE ( 'NONE', #4138, #4925, #4766, .T. ) ;
#1563 = ADVANCED_FACE ( 'NONE', ( #7744 ), #6194, .T. ) ;
#1564 = CARTESIAN_POINT ( 'NONE',  ( 11.66216428481731500, -6.099374533723322500, 0.3333333333333339300 ) ) ;
#1565 = ORIENTED_EDGE ( 'NONE', *, *, #5706, .F. ) ;
#1566 = CARTESIAN_POINT ( 'NONE',  ( 10.47854951794378700, -1.010416666666667000, 3.000000000000006200 ) ) ;
#1567 = FACE_OUTER_BOUND ( 'NONE', #402, .T. ) ;
#1568 = DIRECTION ( 'NONE',  ( 0.0000000000000000000, 0.0000000000000000000, 1.000000000000000000 ) ) ;
#1569 = AXIS2_PLACEMENT_3D ( 'NONE', #6781, #3242, #1348 ) ;
#1570 = ADVANCED_FACE ( 'NONE', ( #1875 ), #7354, .T. ) ;
#1571 = ORIENTED_EDGE ( 'NONE', *, *, #1255, .F. ) ;
#1572 = FACE_OUTER_BOUND ( 'NONE', #7093, .T. ) ;
#1573 = CARTESIAN_POINT ( 'NONE',  ( 11.05491434676695300, -1.932638784797995800, 0.3333333333333341500 ) ) ;
#1574 = VERTEX_POINT ( 'NONE', #1394 ) ;
#1575 = CARTESIAN_POINT ( 'NONE',  ( 11.30191758467456300, -6.097469125122769300, 2.895271638608979600 ) ) ;
#1576 = FACE_OUTER_BOUND ( 'NONE', #3593, .T. ) ;
#1577 = CARTESIAN_POINT ( 'NONE',  ( -11.14614768049066200, -2.358935405901461600, 2.893123778929464600 ) ) ;
#1578 = CARTESIAN_POINT ( 'NONE',  ( -9.125361484468557500, -1.010416666666666500, 0.3333333333333342600 ) ) ;
#1579 = CARTESIAN_POINT ( 'NONE',  ( 8.529433897183185600, -8.670337133545682900, 2.873603267791844400 ) ) ;
#1580 = EDGE_CURVE ( 'NONE', #2118, #3637, #4592, .T. ) ;
#1581 =( BOUNDED_SURFACE ( )  B_SPLINE_SURFACE ( 3, 2, ( 
 ( #4594, #2157, #5880 ),
 ( #5933, #4622, #4066 ),
 ( #1531, #7054, #1622 ),
 ( #5910, #2241, #5201 ) ),
 .UNSPECIFIED., .F., .F., .F. ) 
 B_SPLINE_SURFACE_WITH_KNOTS ( ( 4, 4 ),
 ( 3, 3 ),
 ( 0.0000000000000000000, 5.757178801709253200E-005 ),
 ( 0.0000000000000000000, 1.000000000000000000 ),
 .UNSPECIFIED. ) 
 GEOMETRIC_REPRESENTATION_ITEM ( )  RATIONAL_B_SPLINE_SURFACE ( (
 ( 1.000000000000000000, 0.7848802522875164600, 1.000000000000000000),
 ( 1.000000000000000000, 0.7868350848357010800, 1.000000000000000000),
 ( 1.000000000000000000, 0.7878108801246388500, 1.000000000000000000),
 ( 1.000000000000000000, 0.7878155363303367400, 1.000000000000000000) ) ) 
 REPRESENTATION_ITEM ( '' )  SURFACE ( )  );
#1582 = B_SPLINE_CURVE_WITH_KNOTS ( 'NONE', 3,
 ( #802, #822, #6980, #5794, #2104, #256 ),
 .UNSPECIFIED., .F., .F.,
 ( 4, 2, 4 ),
 ( 0.0000000000000000000, 0.0001649036855521484300, 0.0003298073711042968600 ),
 .UNSPECIFIED. ) ;
#1583 = CIRCLE ( 'NONE', #6743, 0.1375000000000000400 ) ;
#1584 = DIRECTION ( 'NONE',  ( 0.0000000000000000000, 0.0000000000000000000, 1.000000000000000000 ) ) ;
#1585 = EDGE_LOOP ( 'NONE', ( #2790, #2785, #5075, #1837, #220 ) ) ;
#1586 = CARTESIAN_POINT ( 'NONE',  ( -8.307961375826334200, 2.000000000000004400, -3.804166666666663100 ) ) ;
#1587 = CARTESIAN_POINT ( 'NONE',  ( 11.60587097609033700, -5.071924589751409600, 2.894478176470543800 ) ) ;
#1588 = DIRECTION ( 'NONE',  ( 0.0000000000000000000, -1.000000000000000000, 0.0000000000000000000 ) ) ;
#1589 = CARTESIAN_POINT ( 'NONE',  ( 8.677557259966651100, -1.010416666666666100, -3.000000000000006700 ) ) ;
#1590 = VECTOR ( 'NONE', #4502, 1000.000000000000000 ) ;
#1591 = CARTESIAN_POINT ( 'NONE',  ( 8.611334613699243700, -0.6666666666666198900, -2.616279069767831100 ) ) ;
#1592 = EDGE_CURVE ( 'NONE', #4489, #4055, #2690, .T. ) ;
#1593 = DIRECTION ( 'NONE',  ( 0.0000000000000000000, 0.0000000000000000000, -1.000000000000000000 ) ) ;
#1594 = EDGE_CURVE ( 'NONE', #1530, #323, #6962, .T. ) ;
#1595 = CARTESIAN_POINT ( 'NONE',  ( -11.09121135812484500, -1.793606976334982700, 0.3333333333333340900 ) ) ;
#1596 = CARTESIAN_POINT ( 'NONE',  ( 8.487411582955433100, -8.416666666666671400, -3.000000000000001800 ) ) ;
#1597 = DIRECTION ( 'NONE',  ( -0.0000000000000000000, 1.000000000000000000, -0.0000000000000000000 ) ) ;
#1598 = PERSON ( 'UNSPECIFIED', 'UNSPECIFIED', 'UNSPECIFIED', ('UNSPECIFIED'), ('UNSPECIFIED'), ('UNSPECIFIED') ) ;
#1599 = CARTESIAN_POINT ( 'NONE',  ( -10.76336378647492800, -1.932638888888889200, 3.000000000000005800 ) ) ;
#1600 = B_SPLINE_CURVE_WITH_KNOTS ( 'NONE', 3,
 ( #5989, #1066, #4126, #5356, #1686, #6601, #5966, #3570, #4180, #503 ),
 .UNSPECIFIED., .F., .F.,
 ( 4, 2, 2, 2, 4 ),
 ( 0.0000000000000000000, 0.0002588572549148517900, 0.0005177145098297035800, 0.0007765717647445554300, 0.001035429019659407200 ),
 .UNSPECIFIED. ) ;
#1601 = TOROIDAL_SURFACE ( 'NONE', #1978, 11.86249999999999900, 0.1375000000000000100 ) ;
#1602 = CARTESIAN_POINT ( 'NONE',  ( -10.85243732413864800, -8.462547746401785500, -0.3309729956295197600 ) ) ;
#1603 = CARTESIAN_POINT ( 'NONE',  ( -8.677557259966651100, -8.416666666666671400, -2.862500000000009600 ) ) ;
#1604 = AXIS2_PLACEMENT_3D ( 'NONE', #1801, #3083, #11 ) ;
#1605 = CARTESIAN_POINT ( 'NONE',  ( -11.02804724063488500, -2.431759681332601000, 3.000000000000005300 ) ) ;
#1606 = DIRECTION ( 'NONE',  ( -0.0000000000000000000, 1.000000000000000000, -0.0000000000000000000 ) ) ;
#1607 = DIRECTION ( 'NONE',  ( 0.0000000000000000000, -1.219727444046190300E-016, -1.000000000000000000 ) ) ;
#1608 = CIRCLE ( 'NONE', #454, 0.1374999999999995900 ) ;
#1609 = EDGE_CURVE ( 'NONE', #1005, #1871, #6758, .T. ) ;
#1610 = ADVANCED_FACE ( 'NONE', ( #830 ), #1601, .T. ) ;
#1611 = CARTESIAN_POINT ( 'NONE',  ( -10.99999795172123400, -8.887453373066057000, -0.1093881021662771700 ) ) ;
#1612 = ORIENTED_EDGE ( 'NONE', *, *, #74, .T. ) ;
#1613 = ADVANCED_FACE ( 'NONE', ( #4105 ), #2359, .T. ) ;
#1614 = DIRECTION ( 'NONE',  ( -0.0000000000000000000, 1.000000000000000000, -0.0000000000000000000 ) ) ;
#1615 = CARTESIAN_POINT ( 'NONE',  ( 11.84512056720710400, -4.946053714713285900, -0.3333333333333340400 ) ) ;
#1616 = CARTESIAN_POINT ( 'NONE',  ( 11.62797154374823400, -2.423611111112459000, 0.3333333333333341500 ) ) ;
#1617 = DIRECTION ( 'NONE',  ( 0.0000000000000000000, 0.0000000000000000000, 1.000000000000000000 ) ) ;
#1618 = CARTESIAN_POINT ( 'NONE',  ( 0.0000000000000000000, -0.8041666666666664700, 0.0000000000000000000 ) ) ;
#1619 = VECTOR ( 'NONE', #1757, 1000.000000000000000 ) ;
#1620 = AXIS2_PLACEMENT_3D ( 'NONE', #7417, #725, #3693 ) ;
#1621 = VERTEX_POINT ( 'NONE', #5700 ) ;
#1622 = CARTESIAN_POINT ( 'NONE',  ( -11.64538703507233700, -4.921381413545061500, 2.895679678999238900 ) ) ;
#1623 = CARTESIAN_POINT ( 'NONE',  ( -10.60767341788816900, -1.745840494698092800, 3.000000000000005300 ) ) ;
#1624 = ORIENTED_EDGE ( 'NONE', *, *, #7648, .F. ) ;
#1625 = CARTESIAN_POINT ( 'NONE',  ( -10.85229120871282000, -1.730287381016554900, 0.3333333333333342000 ) ) ;
#1626 = CARTESIAN_POINT ( 'NONE',  ( 11.50368023849098400, -4.946053714713651800, -3.000000000000008400 ) ) ;
#1627 = CARTESIAN_POINT ( 'NONE',  ( -8.979235009445291700, -0.8041668014548732900, 0.6133674483738444900 ) ) ;
#1628 = DIRECTION ( 'NONE',  ( -0.0000000000000000000, 1.000000000000000000, -0.0000000000000000000 ) ) ;
#1629 = ORIENTED_EDGE ( 'NONE', *, *, #3599, .T. ) ;
#1630 = DIRECTION ( 'NONE',  ( 0.9930737109695735300, 0.1174929980089014200, 0.0000000000000000000 ) ) ;
#1631 = ORIENTED_EDGE ( 'NONE', *, *, #6698, .T. ) ;
#1632 = AXIS2_PLACEMENT_3D ( 'NONE', #1353, #2541, #6257 ) ;
#1633 = CARTESIAN_POINT ( 'NONE',  ( 10.60163704257908400, -8.629375094579105000, 2.933589251189361300 ) ) ;
#1634 = CARTESIAN_POINT ( 'NONE',  ( 10.70891755497653500, -3.043825398823869500, -2.875275305037405800 ) ) ;
#1635 = EDGE_CURVE ( 'NONE', #4650, #1718, #5341, .T. ) ;
#1636 = CARTESIAN_POINT ( 'NONE',  ( -10.98966186894744200, -0.9564006813443456400, -0.4767934628354801300 ) ) ;
#1637 = CARTESIAN_POINT ( 'NONE',  ( -10.44985776312976400, -8.641261209316333200, 3.074067073267514600 ) ) ;
#1638 = ORIENTED_EDGE ( 'NONE', *, *, #703, .T. ) ;
#1639 = VERTEX_POINT ( 'NONE', #5017 ) ;
#1640 = DIRECTION ( 'NONE',  ( 0.03969090270460140500, 0.0000000000000000000, 0.9992120056537020500 ) ) ;
#1641 = CARTESIAN_POINT ( 'NONE',  ( -8.459562726683207900, -8.749319183702191100, 3.420399852161481100 ) ) ;
#1642 = CARTESIAN_POINT ( 'NONE',  ( -10.72830941602364000, -3.049313831496512700, -2.870698870915648500 ) ) ;
#1643 = CARTESIAN_POINT ( 'NONE',  ( 10.62335257891632300, -1.713530953622861300, 2.895777315291867100 ) ) ;
#1644 = EDGE_CURVE ( 'NONE', #1797, #7220, #55, .T. ) ;
#1645 = AXIS2_PLACEMENT_3D ( 'NONE', #4578, #1514, #4608 ) ;
#1646 = ORIENTED_EDGE ( 'NONE', *, *, #3240, .T. ) ;
#1647 = VERTEX_POINT ( 'NONE', #166 ) ;
#1648 = ORIENTED_EDGE ( 'NONE', *, *, #4985, .T. ) ;
#1649 = CARTESIAN_POINT ( 'NONE',  ( -10.47579425945666500, -8.485227356401082900, 3.007127044408283800 ) ) ;
#1650 = CARTESIAN_POINT ( 'NONE',  ( 8.982625775421524800, -0.8268390084202066300, 0.5602095781352628400 ) ) ;
#1651 = ADVANCED_FACE ( 'NONE', ( #250 ), #3692, .T. ) ;
#1652 = CARTESIAN_POINT ( 'NONE',  ( -8.412280679226778800, -8.717795807070951100, 3.500069455688413500 ) ) ;
#1653 = ORIENTED_EDGE ( 'NONE', *, *, #6198, .F. ) ;
#1654 = CARTESIAN_POINT ( 'NONE',  ( -9.125361473666314900, -0.9203607979215473500, 0.3333333333333342600 ) ) ;
#1655 = CARTESIAN_POINT ( 'NONE',  ( 10.51931185064272300, -0.6666666666666668500, 2.744877493646890700 ) ) ;
#1656 = ORIENTED_EDGE ( 'NONE', *, *, #643, .F. ) ;
#1657 = AXIS2_PLACEMENT_3D ( 'NONE', #7585, #3316, #5723 ) ;
#1658 = CARTESIAN_POINT ( 'NONE',  ( -8.988044143389007700, -0.9563093291541625600, 0.4637482900136809500 ) ) ;
#1659 = FACE_OUTER_BOUND ( 'NONE', #7120, .T. ) ;
#1660 = CARTESIAN_POINT ( 'NONE',  ( 10.51262349102809100, -8.750628737745616400, 3.239278345459956700 ) ) ;
#1661 = ORIENTED_EDGE ( 'NONE', *, *, #5721, .T. ) ;
#1662 = CARTESIAN_POINT ( 'NONE',  ( 11.60776418017886500, -4.976882328835232600, 3.000000000000005300 ) ) ;
#1663 = APPROVAL_PERSON_ORGANIZATION ( #6544, #7567, #6267 ) ;
#1664 = CARTESIAN_POINT ( 'NONE',  ( -10.99461707163491800, -0.8276852542833099700, -0.3718471929082454200 ) ) ;
#1665 = CARTESIAN_POINT ( 'NONE',  ( 11.55481511429462000, -2.402648830934484000, 0.4738232348364122000 ) ) ;
#1666 = CARTESIAN_POINT ( 'NONE',  ( -9.125361484468561100, -8.416666666666671400, 0.3333333333333338100 ) ) ;
#1667 = ORIENTED_EDGE ( 'NONE', *, *, #3026, .F. ) ;
#1668 = CARTESIAN_POINT ( 'NONE',  ( -10.99821574614052500, -8.850286818656746500, 0.2155399902680168700 ) ) ;
#1669 = CIRCLE ( 'NONE', #2061, 0.1375000000000000400 ) ;
#1670 = DIRECTION ( 'NONE',  ( 0.0000000000000000000, 0.0000000000000000000, -1.000000000000000000 ) ) ;
#1671 = DIRECTION ( 'NONE',  ( -0.1174929980089022300, -0.9930737109695736400, -0.0000000000000000000 ) ) ;
#1672 = CARTESIAN_POINT ( 'NONE',  ( 11.99622254714843800, -4.921877606189971400, -0.3333333333333842200 ) ) ;
#1673 = ORIENTED_EDGE ( 'NONE', *, *, #4708, .T. ) ;
#1674 = ORIENTED_EDGE ( 'NONE', *, *, #1695, .T. ) ;
#1675 = FACE_OUTER_BOUND ( 'NONE', #2317, .T. ) ;
#1676 = DIRECTION ( 'NONE',  ( -0.0000000000000000000, 1.000000000000000000, -0.0000000000000000000 ) ) ;
#1677 = CARTESIAN_POINT ( 'NONE',  ( 10.53272244899199500, -0.6666666666666669600, -2.656250000000006700 ) ) ;
#1678 = CARTESIAN_POINT ( 'NONE',  ( 10.99602200798068800, -2.359982096572581500, 3.000000000000005800 ) ) ;
#1679 = ORIENTED_EDGE ( 'NONE', *, *, #2754, .F. ) ;
#1680 = EDGE_CURVE ( 'NONE', #4419, #7048, #7165, .T. ) ;
#1681 = CARTESIAN_POINT ( 'NONE',  ( 10.99106170668149900, -8.619999386117315900, 0.4439337704924478100 ) ) ;
#1682 = FACE_OUTER_BOUND ( 'NONE', #2868, .T. ) ;
#1683 = AXIS2_PLACEMENT_3D ( 'NONE', #4998, #1375, #3790 ) ;
#1684 = ORIENTED_EDGE ( 'NONE', *, *, #6452, .T. ) ;
#1685 = EDGE_CURVE ( 'NONE', #5663, #269, #6435, .T. ) ;
#1686 = CARTESIAN_POINT ( 'NONE',  ( 10.28681265725892400, -8.740170664811376600, 3.445108495286170100 ) ) ;
#1687 = CARTESIAN_POINT ( 'NONE',  ( 10.19259026582340300, -8.583592202398422800, 3.632967803555347900 ) ) ;
#1688 =( BOUNDED_SURFACE ( )  B_SPLINE_SURFACE ( 3, 2, ( 
 ( #7058, #1596, #7174 ),
 ( #5238, #7201, #2967 ),
 ( #4790, #5962, #7225 ),
 ( #7252, #529, #3565 ),
 ( #5371, #1114, #2297 ),
 ( #6647, #6573, #1773 ),
 ( #2368, #1729, #4764 ),
 ( #6057, #1089, #1703 ),
 ( #6011, #4175, #3632 ),
 ( #7910, #7275, #4244 ) ),
 .UNSPECIFIED., .F., .F., .F. ) 
 B_SPLINE_SURFACE_WITH_KNOTS ( ( 4, 2, 2, 2, 4 ),
 ( 3, 3 ),
 ( -2.710505431213761100E-020, 0.0003820451908392927400, 0.0007640903816785854800, 0.001146135572517878100, 0.001528180763357171000 ),
 ( 0.0000000000000000000, 1.000000000000000000 ),
 .UNSPECIFIED. ) 
 GEOMETRIC_REPRESENTATION_ITEM ( )  RATIONAL_B_SPLINE_SURFACE ( (
 ( 1.000000000000000000, 0.5859737648376270900, 1.000000000000000000),
 ( 1.000000000000000000, 0.5856860068331160000, 1.000000000000000000),
 ( 1.000000000000000000, 0.5990123918664253000, 1.000000000000000000),
 ( 1.000000000000000000, 0.6437735632476245800, 1.000000000000000000),
 ( 1.000000000000000000, 0.6754411152030259700, 1.000000000000000000),
 ( 1.000000000000000000, 0.7408213688047666800, 1.000000000000000000),
 ( 1.000000000000000000, 0.7741430163878599800, 1.000000000000000000),
 ( 1.000000000000000000, 0.8252374783006650700, 1.000000000000000000),
 ( 1.000000000000000000, 0.8416594657088946100, 1.000000000000000000),
 ( 1.000000000000000000, 0.8415238170731291800, 1.000000000000000000) ) ) 
 REPRESENTATION_ITEM ( '' )  SURFACE ( )  );
#1689 = CARTESIAN_POINT ( 'NONE',  ( 10.65293728971599000, -3.010313655169654100, -2.888632929785153200 ) ) ;
#1690 = FACE_OUTER_BOUND ( 'NONE', #4327, .T. ) ;
#1691 = CARTESIAN_POINT ( 'NONE',  ( -10.97861004775706900, -0.8041666666656589500, -0.6856540084385908100 ) ) ;
#1692 = CARTESIAN_POINT ( 'NONE',  ( -10.61766660701001500, -0.9011237372456084600, -2.875199858457026600 ) ) ;
#1693 = ORIENTED_EDGE ( 'NONE', *, *, #718, .T. ) ;
#1694 = ADVANCED_FACE ( 'NONE', ( #3140 ), #6575, .F. ) ;
#1695 = EDGE_CURVE ( 'NONE', #2724, #6216, #4951, .T. ) ;
#1696 = AXIS2_PLACEMENT_3D ( 'NONE', #4995, #4403, #6886 ) ;
#1697 = CARTESIAN_POINT ( 'NONE',  ( -8.182944185754731600, -8.547046265379989900, 3.746921997162849100 ) ) ;
#1698 = CARTESIAN_POINT ( 'NONE',  ( 11.12754340464337100, -3.052083333333333900, -0.4708333333333341600 ) ) ;
#1699 = CYLINDRICAL_SURFACE ( 'NONE', #4604, 0.1375000000000000400 ) ;
#1700 = EDGE_CURVE ( 'NONE', #3406, #7610, #4480, .T. ) ;
#1701 = DIRECTION ( 'NONE',  ( -1.000000000000000000, 0.0000000000000000000, 0.0000000000000000000 ) ) ;
#1702 = DIRECTION ( 'NONE',  ( 0.0000000000000000000, 0.0000000000000000000, 1.000000000000000000 ) ) ;
#1703 = CARTESIAN_POINT ( 'NONE',  ( 8.208007669046161000, -8.669076893412134100, -3.692910386164518900 ) ) ;
#1704 = EDGE_LOOP ( 'NONE', ( #3743, #7671, #1816 ) ) ;
#1705 = CYLINDRICAL_SURFACE ( 'NONE', #7143, 0.1375000000000000400 ) ;
#1706 = LINE ( 'NONE', #1007, #6397 ) ;
#1707 = CARTESIAN_POINT ( 'NONE',  ( 8.424749306440992000, -8.888438444023337900, -3.168556043567968500 ) ) ;
#1708 = CARTESIAN_POINT ( 'NONE',  ( 10.84477787161347500, -0.6666666666666668500, 0.5863373495073529500 ) ) ;
#1709 = CARTESIAN_POINT ( 'NONE',  ( -9.125361484468559300, -1.010416666666666500, -0.3333333333333342600 ) ) ;
#1710 = AXIS2_PLACEMENT_3D ( 'NONE', #83, #709, #6220 ) ;
#1711 = CARTESIAN_POINT ( 'NONE',  ( 10.98966187822720600, -2.914583333333333700, -0.4767932489451486300 ) ) ;
#1712 = EDGE_LOOP ( 'NONE', ( #1196, #1179, #7666, #7574 ) ) ;
#1713 = CARTESIAN_POINT ( 'NONE',  ( -10.60765027046288900, -3.002810608919884100, -3.000000000000054200 ) ) ;
#1714 = LINE ( 'NONE', #2444, #1902 ) ;
#1715 = DIRECTION ( 'NONE',  ( 0.0000000000000000000, 1.000000000000000000, 0.0000000000000000000 ) ) ;
#1716 = DIRECTION ( 'NONE',  ( 0.0000000000000000000, 1.219727444046190300E-016, -1.000000000000000000 ) ) ;
#1717 = CARTESIAN_POINT ( 'NONE',  ( -11.04130064992973500, -3.022958592866548300, -0.4745249471708065100 ) ) ;
#1718 = VERTEX_POINT ( 'NONE', #299 ) ;
#1719 = DIRECTION ( 'NONE',  ( -1.000000000000000000, 0.0000000000000000000, 0.0000000000000000000 ) ) ;
#1720 = CARTESIAN_POINT ( 'NONE',  ( -8.307961375826332400, -8.511408426890914900, -3.666666666666671000 ) ) ;
#1721 = ORIENTED_EDGE ( 'NONE', *, *, #2973, .F. ) ;
#1722 = EDGE_CURVE ( 'NONE', #2298, #7793, #3702, .T. ) ;
#1723 = AXIS2_PLACEMENT_3D ( 'NONE', #5023, #3216, #5649 ) ;
#1724 = DIRECTION ( 'NONE',  ( 0.0000000000000000000, 1.219727444046190300E-016, -1.000000000000000000 ) ) ;
#1725 = VERTEX_POINT ( 'NONE', #5754 ) ;
#1726 = CARTESIAN_POINT ( 'NONE',  ( 11.64538703507233900, -4.921381413545065100, 2.895679678999242900 ) ) ;
#1727 = ADVANCED_FACE ( 'NONE', ( #7921 ), #2945, .T. ) ;
#1728 = CARTESIAN_POINT ( 'NONE',  ( 0.0000000000000000000, -3.052083333333333900, 0.0000000000000000000 ) ) ;
#1729 = CARTESIAN_POINT ( 'NONE',  ( 8.306298190871693500, -8.740502711888202800, -3.466290624073201400 ) ) ;
#1730 = VERTEX_POINT ( 'NONE', #5845 ) ;
#1731 = ORIENTED_EDGE ( 'NONE', *, *, #3690, .F. ) ;
#1732 = CARTESIAN_POINT ( 'NONE',  ( 0.0000000000000000000, 0.0000000000000000000, 0.0000000000000000000 ) ) ;
#1733 = EDGE_CURVE ( 'NONE', #5568, #2925, #3919, .T. ) ;
#1734 = AXIS2_PLACEMENT_3D ( 'NONE', #4603, #5860, #7091 ) ;
#1735 = DIRECTION ( 'NONE',  ( -1.000000000000000000, 0.0000000000000000000, 0.0000000000000000000 ) ) ;
#1736 = CARTESIAN_POINT ( 'NONE',  ( -9.112379733621850200, -0.6666666666666666300, -0.6770833333333347000 ) ) ;
#1737 = EDGE_LOOP ( 'NONE', ( #6632, #1096, #87, #2522 ) ) ;
#1738 = CARTESIAN_POINT ( 'NONE',  ( 11.98607981079796400, -4.953029269049372900, 0.4762212497120195700 ) ) ;
#1739 = ORIENTED_EDGE ( 'NONE', *, *, #1733, .F. ) ;
#1740 = CARTESIAN_POINT ( 'NONE',  ( -10.62309640185124100, -0.7166781969283685400, 2.855993183144998500 ) ) ;
#1741 = VERTEX_POINT ( 'NONE', #7641 ) ;
#1742 = CARTESIAN_POINT ( 'NONE',  ( -11.01021001640362200, -2.988413789330274000, -0.4758853275375254400 ) ) ;
#1743 = CARTESIAN_POINT ( 'NONE',  ( 11.85047215534192600, -4.927449114151060300, -0.3333333333333340900 ) ) ;
#1744 = EDGE_CURVE ( 'NONE', #2116, #4712, #4281, .T. ) ;
#1745 = EDGE_CURVE ( 'NONE', #3637, #4158, #7052, .T. ) ;
#1746 = CARTESIAN_POINT ( 'NONE',  ( 11.17389283082868100, -6.059485968716867200, -3.000000000000008900 ) ) ;
#1747 = CIRCLE ( 'NONE', #1710, 0.1375000000000000400 ) ;
#1748 = ORIENTED_EDGE ( 'NONE', *, *, #7383, .F. ) ;
#1749 = ORIENTED_EDGE ( 'NONE', *, *, #2412, .F. ) ;
#1750 = CARTESIAN_POINT ( 'NONE',  ( -10.47579425945666600, -8.485227356401082900, -3.007127044408288300 ) ) ;
#1751 = CARTESIAN_POINT ( 'NONE',  ( -10.85229110474936400, -2.914583333333333700, -0.4708333333333341600 ) ) ;
#1752 = CARTESIAN_POINT ( 'NONE',  ( -10.99588604717137300, -2.948879752128753300, -0.3333333333335309300 ) ) ;
#1753 = CIRCLE ( 'NONE', #6015, 9.000000000000000000 ) ;
#1754 = CYLINDRICAL_SURFACE ( 'NONE', #7730, 11.50000000000000000 ) ;
#1755 = ORIENTED_EDGE ( 'NONE', *, *, #351, .F. ) ;
#1756 = DIRECTION ( 'NONE',  ( -0.0000000000000000000, 1.000000000000000000, -0.0000000000000000000 ) ) ;
#1757 = DIRECTION ( 'NONE',  ( 0.0000000000000000000, -1.000000000000000000, 0.0000000000000000000 ) ) ;
#1758 = CARTESIAN_POINT ( 'NONE',  ( -10.85272318776254400, -8.485227356401081200, 0.3262062889250501600 ) ) ;
#1759 = ORIENTED_EDGE ( 'NONE', *, *, #2648, .T. ) ;
#1760 = CIRCLE ( 'NONE', #2471, 0.1375000000000000400 ) ;
#1761 = DIRECTION ( 'NONE',  ( 1.000000000000000000, -0.0000000000000000000, -0.0000000000000000000 ) ) ;
#1762 = CARTESIAN_POINT ( 'NONE',  ( -11.06730756241819700, -1.782276828231169200, 0.4733989182795636500 ) ) ;
#1763 = EDGE_LOOP ( 'NONE', ( #5243, #858, #4692, #2315 ) ) ;
#1764 = ORIENTED_EDGE ( 'NONE', *, *, #3949, .F. ) ;
#1765 = LINE ( 'NONE', #5044, #1284 ) ;
#1766 = CARTESIAN_POINT ( 'NONE',  ( -13.00000000000000000, -8.416666666666671400, -3.333333333333337500 ) ) ;
#1767 = CARTESIAN_POINT ( 'NONE',  ( 10.84137742216007500, -0.6666666666666666300, 0.6770833333333342600 ) ) ;
#1768 = CARTESIAN_POINT ( 'NONE',  ( -10.57532235353571400, -8.580298540553657800, -3.028643665211124200 ) ) ;
#1769 = FACE_OUTER_BOUND ( 'NONE', #6401, .T. ) ;
#1770 = VERTEX_POINT ( 'NONE', #7025 ) ;
#1771 = EDGE_CURVE ( 'NONE', #7410, #5550, #7834, .T. ) ;
#1772 = CARTESIAN_POINT ( 'NONE',  ( -10.84763420327589100, -0.7038564472812312000, 0.4975731625550716700 ) ) ;
#1773 = CARTESIAN_POINT ( 'NONE',  ( 8.332264246354544200, -8.886538328276216700, -3.404304582604488400 ) ) ;
#1774 = AXIS2_PLACEMENT_3D ( 'NONE', #468, #7107, #3456 ) ;
#1775 = FACE_OUTER_BOUND ( 'NONE', #587, .T. ) ;
#1776 = EDGE_CURVE ( 'NONE', #7212, #4524, #5516, .T. ) ;
#1777 = CARTESIAN_POINT ( 'NONE',  ( 8.505385363120447900, -0.8000514523514493700, 2.947612183181149700 ) ) ;
#1778 = CARTESIAN_POINT ( 'NONE',  ( 1.592040838891559100E-015, -1.734723475976807100E-015, -13.00000000000000000 ) ) ;
#1779 = CARTESIAN_POINT ( 'NONE',  ( -9.125361484468557500, -0.9195927176922755700, -0.3333333333333346500 ) ) ;
#1780 = CARTESIAN_POINT ( 'NONE',  ( 11.08187506133675400, -3.044321236023173500, -0.4727745973051444800 ) ) ;
#1781 = CARTESIAN_POINT ( 'NONE',  ( -10.62844402495319900, -2.987514771172114600, -2.894518436393727500 ) ) ;
#1782 = FACE_OUTER_BOUND ( 'NONE', #6677, .T. ) ;
#1783 = EDGE_LOOP ( 'NONE', ( #7364, #687, #967, #4962 ) ) ;
#1784 = EDGE_CURVE ( 'NONE', #7805, #4925, #2748, .T. ) ;
#1785 = CARTESIAN_POINT ( 'NONE',  ( -10.98381824882018000, -1.902893157709078200, 0.3333333333333342000 ) ) ;
#1786 = DIRECTION ( 'NONE',  ( -0.1216181469461487500, -0.9925769624232597700, -0.0000000000000000000 ) ) ;
#1787 = DIRECTION ( 'NONE',  ( 1.000000000000000000, -0.0000000000000000000, -0.0000000000000000000 ) ) ;
#1788 = DIRECTION ( 'NONE',  ( 0.0000000000000000000, 0.2056820692032159900, -0.9786188667751524200 ) ) ;
#1789 = FACE_OUTER_BOUND ( 'NONE', #3747, .T. ) ;
#1790 = CARTESIAN_POINT ( 'NONE',  ( -10.58230577790738800, -8.733450932107528400, -3.004090798404591000 ) ) ;
#1791 = ORIENTED_EDGE ( 'NONE', *, *, #4517, .F. ) ;
#1792 = CIRCLE ( 'NONE', #869, 0.1375000000000007300 ) ;
#1793 = ORIENTED_EDGE ( 'NONE', *, *, #6812, .T. ) ;
#1794 = CARTESIAN_POINT ( 'NONE',  ( -8.988044143389004100, -1.010416666666666500, -0.4637482900136811700 ) ) ;
#1795 = B_SPLINE_CURVE_WITH_KNOTS ( 'NONE', 3,
 ( #6118, #4250, #7305, #6800 ),
 .UNSPECIFIED., .F., .F.,
 ( 4, 4 ),
 ( 0.0000000000000000000, 0.0001114135905579611500 ),
 .UNSPECIFIED. ) ;
#1796 = EDGE_LOOP ( 'NONE', ( #5073, #7040, #3858, #3861 ) ) ;
#1797 = VERTEX_POINT ( 'NONE', #6539 ) ;
#1798 = CARTESIAN_POINT ( 'NONE',  ( 11.64538703909961900, -4.921373980271975600, 2.895679662802954200 ) ) ;
#1799 = ORIENTED_EDGE ( 'NONE', *, *, #3203, .T. ) ;
#1800 = CARTESIAN_POINT ( 'NONE',  ( 8.975257740366254600, -0.6666666666666666300, 0.6668946648426824500 ) ) ;
#1801 = CARTESIAN_POINT ( 'NONE',  ( 11.51195031260993500, -3.189583333333333700, -2.862500000000007400 ) ) ;
#1802 = CARTESIAN_POINT ( 'NONE',  ( 10.53272244899199500, -0.8041666666666670300, -2.656250000000006700 ) ) ;
#1803 = DIRECTION ( 'NONE',  ( 0.0000000000000000000, 0.0000000000000000000, 1.000000000000000000 ) ) ;
#1804 = ORIENTED_EDGE ( 'NONE', *, *, #7027, .F. ) ;
#1805 = ORIENTED_EDGE ( 'NONE', *, *, #1880, .T. ) ;
#1806 = CARTESIAN_POINT ( 'NONE',  ( -11.35274073614922900, -1.932638888888889200, 0.3333333333333341500 ) ) ;
#1807 = CARTESIAN_POINT ( 'NONE',  ( -8.578924664822261900, -0.8256323080711699400, 2.720961216716842200 ) ) ;
#1808 = DIRECTION ( 'NONE',  ( -0.0000000000000000000, 1.000000000000000000, -1.133581677370982300E-015 ) ) ;
#1809 = CARTESIAN_POINT ( 'NONE',  ( 11.00484948401841800, -8.396866232893332300, -0.3333333333333339300 ) ) ;
#1810 = DIRECTION ( 'NONE',  ( -0.05631057858326724700, -0.9770660927694747600, -0.2053557135796564800 ) ) ;
#1811 = CARTESIAN_POINT ( 'NONE',  ( 10.30337932021115000, -8.416666666666671400, 3.852320675105491700 ) ) ;
#1812 = ORIENTED_EDGE ( 'NONE', *, *, #3391, .F. ) ;
#1813 = CARTESIAN_POINT ( 'NONE',  ( 10.61118938525953000, -2.914583333333333700, -2.898734177215197300 ) ) ;
#1814 = EDGE_CURVE ( 'NONE', #2047, #1126, #6289, .T. ) ;
#1815 =( BOUNDED_SURFACE ( )  B_SPLINE_SURFACE ( 3, 2, ( 
 ( #7612, #5752, #5228 ),
 ( #1554, #917, #5843 ),
 ( #4536, #6379, #863 ),
 ( #2094, #5195, #3943 ) ),
 .UNSPECIFIED., .F., .F., .F. ) 
 B_SPLINE_SURFACE_WITH_KNOTS ( ( 4, 4 ),
 ( 3, 3 ),
 ( 0.0000000000000000000, 0.0001338827292255083900 ),
 ( 0.0000000000000000000, 1.000000000000000000 ),
 .UNSPECIFIED. ) 
 GEOMETRIC_REPRESENTATION_ITEM ( )  RATIONAL_B_SPLINE_SURFACE ( (
 ( 1.000000000000000000, 0.7942172611763452800, 1.000000000000000000),
 ( 1.000000000000000000, 0.7936489068735808100, 1.000000000000000000),
 ( 1.000000000000000000, 0.7926971983875073000, 1.000000000000000000),
 ( 1.000000000000000000, 0.7913662164498399500, 1.000000000000000000) ) ) 
 REPRESENTATION_ITEM ( '' )  SURFACE ( )  );
#1816 = ORIENTED_EDGE ( 'NONE', *, *, #4199, .F. ) ;
#1817 = AXIS2_PLACEMENT_3D ( 'NONE', #607, #4198, #1211 ) ;
#1818 = AXIS2_PLACEMENT_3D ( 'NONE', #2962, #472, #3561 ) ;
#1819 = CARTESIAN_POINT ( 'NONE',  ( -8.981789061072012400, -0.6693019849751621300, -0.5789941111892074100 ) ) ;
#1820 = CARTESIAN_POINT ( 'NONE',  ( 10.61618999397220800, -8.432806995708295600, -2.898464790936385000 ) ) ;
#1821 = CARTESIAN_POINT ( 'NONE',  ( -11.98607981079796400, -4.953029269049374700, -0.4762212497120196200 ) ) ;
#1822 = VERTEX_POINT ( 'NONE', #2206 ) ;
#1823 = DIRECTION ( 'NONE',  ( 0.0000000000000000000, 0.0000000000000000000, -1.000000000000000000 ) ) ;
#1824 = ORIENTED_EDGE ( 'NONE', *, *, #5673, .F. ) ;
#1825 = CARTESIAN_POINT ( 'NONE',  ( 10.47854951794378700, -1.010416666666666500, -3.000000000000006700 ) ) ;
#1826 = DIRECTION ( 'NONE',  ( -0.9972508600406949600, 0.0000000000000000000, -0.07409940720474220100 ) ) ;
#1827 = VECTOR ( 'NONE', #7937, 1000.000000000000000 ) ;
#1828 = EDGE_CURVE ( 'NONE', #6667, #5185, #1116, .T. ) ;
#1829 = AXIS2_PLACEMENT_3D ( 'NONE', #2320, #6595, #6034 ) ;
#1830 = CARTESIAN_POINT ( 'NONE',  ( -10.47854951794378500, -1.010416666666667000, 2.862500000000005600 ) ) ;
#1831 = ORIENTED_EDGE ( 'NONE', *, *, #2388, .T. ) ;
#1832 = CARTESIAN_POINT ( 'NONE',  ( 10.47854951794378700, -1.657638888888889300, 2.862500000000005600 ) ) ;
#1833 = CARTESIAN_POINT ( 'NONE',  ( 11.63191935903348700, -4.984036849272101200, -2.894410177868525400 ) ) ;
#1834 = CARTESIAN_POINT ( 'NONE',  ( -8.742896670297549000, -0.8041666666666669200, 2.656250000000005800 ) ) ;
#1835 = ORIENTED_EDGE ( 'NONE', *, *, #7071, .F. ) ;
#1836 = FACE_OUTER_BOUND ( 'NONE', #3769, .T. ) ;
#1837 = ORIENTED_EDGE ( 'NONE', *, *, #5180, .T. ) ;
#1838 = PERSON_AND_ORGANIZATION ( #1598, #4343 ) ;
#1839 = CARTESIAN_POINT ( 'NONE',  ( -11.03172259320238300, -7.005771880647925400, 2.896055019907530300 ) ) ;
#1840 = CARTESIAN_POINT ( 'NONE',  ( 9.119822033925624200, -0.7038419398822016700, 0.4975960418504571400 ) ) ;
#1841 = ORIENTED_EDGE ( 'NONE', *, *, #2523, .T. ) ;
#1842 = EDGE_CURVE ( 'NONE', #7893, #3303, #1556, .T. ) ;
#1843 = CARTESIAN_POINT ( 'NONE',  ( -10.47579425945666600, -8.485227356401082900, 3.007127044408283400 ) ) ;
#1844 = CIRCLE ( 'NONE', #157, 0.1375000000000000400 ) ;
#1845 = B_SPLINE_CURVE_WITH_KNOTS ( 'NONE', 3,
 ( #5808, #2713, #6403, #862, #5254, #4561, #2177, #2743, #916, #327 ),
 .UNSPECIFIED., .F., .F.,
 ( 4, 2, 2, 2, 4 ),
 ( 0.0000000000000000000, 0.0002257230317486958400, 0.0004514460634973916800, 0.0006771690952460873100, 0.0009028921269947831500 ),
 .UNSPECIFIED. ) ;
#1846 = CARTESIAN_POINT ( 'NONE',  ( -10.47854951794378500, -1.010416666666667000, 3.000000000000006200 ) ) ;
#1847 = ORIENTED_EDGE ( 'NONE', *, *, #7244, .T. ) ;
#1848 = CARTESIAN_POINT ( 'NONE',  ( 10.85800004235576400, -8.416666666666817100, -0.3333333333343258500 ) ) ;
#1849 = CARTESIAN_POINT ( 'NONE',  ( -11.98240646594245500, -4.985544295228610400, -0.3333333333333340400 ) ) ;
#1850 = CARTESIAN_POINT ( 'NONE',  ( -10.85229110474936600, -2.914583333333333700, -0.3333333333333341500 ) ) ;
#1851 = ORIENTED_EDGE ( 'NONE', *, *, #1515, .T. ) ;
#1852 = CIRCLE ( 'NONE', #7449, 0.1374999999999994600 ) ;
#1853 = AXIS2_PLACEMENT_3D ( 'NONE', #620, #6762, #645 ) ;
#1854 = CARTESIAN_POINT ( 'NONE',  ( 8.611334613699364500, -0.8041666666666669200, 2.616279069767447400 ) ) ;
#1855 = EDGE_CURVE ( 'NONE', #4214, #2153, #2796, .T. ) ;
#1856 = CARTESIAN_POINT ( 'NONE',  ( -10.66604804961214900, -0.8041666666666668100, 2.689873417721524900 ) ) ;
#1857 = CARTESIAN_POINT ( 'NONE',  ( -8.677557259966652800, -1.010416666666666500, -3.000000000000006700 ) ) ;
#1858 = CARTESIAN_POINT ( 'NONE',  ( 8.677557259966652800, -1.010416666666667000, 2.862500000000005600 ) ) ;
#1859 = CARTESIAN_POINT ( 'NONE',  ( -8.182944173180525000, 2.000000000000000000, 3.746922024623798600 ) ) ;
#1860 = CIRCLE ( 'NONE', #4303, 0.1374999999999997600 ) ;
#1861 = CARTESIAN_POINT ( 'NONE',  ( 11.12754340464337100, -3.052083333333333900, -0.4708333333333341600 ) ) ;
#1862 = ORIENTED_EDGE ( 'NONE', *, *, #3724, .T. ) ;
#1863 = CARTESIAN_POINT ( 'NONE',  ( -8.242938202538258700, -8.618872190291714500, -3.614767170578782300 ) ) ;
#1864 = CIRCLE ( 'NONE', #3558, 11.00000000000000000 ) ;
#1865 = EDGE_CURVE ( 'NONE', #2285, #2126, #4567, .T. ) ;
#1866 = DIRECTION ( 'NONE',  ( 0.0000000000000000000, 0.0000000000000000000, 1.000000000000000000 ) ) ;
#1867 = FACE_OUTER_BOUND ( 'NONE', #975, .T. ) ;
#1868 = ADVANCED_FACE ( 'NONE', ( #4188 ), #920, .T. ) ;
#1869 = CARTESIAN_POINT ( 'NONE',  ( 10.76336378647493100, -1.795138888888889300, 2.862500000000005200 ) ) ;
#1870 = DIRECTION ( 'NONE',  ( 1.000000000000000000, 0.0000000000000000000, 0.0000000000000000000 ) ) ;
#1871 = VERTEX_POINT ( 'NONE', #6492 ) ;
#1872 = CARTESIAN_POINT ( 'NONE',  ( -10.58340749839169900, -8.470568455455215000, 3.003623484779326200 ) ) ;
#1873 = CARTESIAN_POINT ( 'NONE',  ( 10.99999795172123400, -8.887453373066057000, 0.1093881021662792800 ) ) ;
#1874 = DIRECTION ( 'NONE',  ( -0.0000000000000000000, 1.000000000000000000, -0.0000000000000000000 ) ) ;
#1875 = FACE_OUTER_BOUND ( 'NONE', #1963, .T. ) ;
#1876 = ORIENTED_EDGE ( 'NONE', *, *, #4985, .F. ) ;
#1877 = CARTESIAN_POINT ( 'NONE',  ( 10.99714006944197000, -8.466937863389144800, -0.3299609425088674800 ) ) ;
#1878 = CARTESIAN_POINT ( 'NONE',  ( -11.99054406784442300, -4.889079012875067900, -0.4762908324552166900 ) ) ;
#1879 = CARTESIAN_POINT ( 'NONE',  ( 10.99714006944156700, -8.466937863398296600, 0.3299609425071112800 ) ) ;
#1880 = EDGE_CURVE ( 'NONE', #7048, #4620, #5918, .T. ) ;
#1881 = AXIS2_PLACEMENT_3D ( 'NONE', #2728, #3107, #3136 ) ;
#1882 = CIRCLE ( 'NONE', #3067, 0.1375000000000000400 ) ;
#1883 = DIRECTION ( 'NONE',  ( 0.0000000000000000000, -4.196911635427758100E-017, -1.000000000000000000 ) ) ;
#1884 = DIRECTION ( 'NONE',  ( -0.0000000000000000000, 1.000000000000000000, -0.0000000000000000000 ) ) ;
#1885 = CARTESIAN_POINT ( 'NONE',  ( 11.50368023849109300, -4.946053714713292100, 3.000000000000003600 ) ) ;
#1886 = CARTESIAN_POINT ( 'NONE',  ( 10.86325305599407400, -8.372267217127346200, 0.3333333333333337000 ) ) ;
#1887 = ORIENTED_EDGE ( 'NONE', *, *, #1229, .T. ) ;
#1888 = CARTESIAN_POINT ( 'NONE',  ( -11.61253497995577200, -2.423611111111112000, 0.4714563391512297000 ) ) ;
#1889 = CARTESIAN_POINT ( 'NONE',  ( -8.410200246930736900, -8.715947916215471400, -3.503524139595156000 ) ) ;
#1890 = VECTOR ( 'NONE', #7253, 1000.000000000000000 ) ;
#1891 = EDGE_CURVE ( 'NONE', #32, #6063, #2553, .T. ) ;
#1892 = VECTOR ( 'NONE', #5470, 1000.000000000000000 ) ;
#1893 = EDGE_CURVE ( 'NONE', #6689, #3652, #3037, .T. ) ;
#1894 = AXIS2_PLACEMENT_3D ( 'NONE', #6727, #9, #611 ) ;
#1895 = DIRECTION ( 'NONE',  ( 1.000000000000000000, -0.0000000000000000000, -0.0000000000000000000 ) ) ;
#1896 = CARTESIAN_POINT ( 'NONE',  ( -13.00000000000000000, -1.010416666666666500, -0.6770833333333347000 ) ) ;
#1897 = VERTEX_POINT ( 'NONE', #2443 ) ;
#1898 = CARTESIAN_POINT ( 'NONE',  ( 10.61118938525953000, -1.657638888888889300, 2.898734177215195600 ) ) ;
#1899 = ORIENTED_EDGE ( 'NONE', *, *, #6301, .T. ) ;
#1900 = CARTESIAN_POINT ( 'NONE',  ( -10.32161039037114700, -8.652448979805575000, -3.804118495213836500 ) ) ;
#1901 = CARTESIAN_POINT ( 'NONE',  ( -10.85366700961598600, -8.560109223371464200, 0.3104679275801242000 ) ) ;
#1902 = VECTOR ( 'NONE', #7348, 1000.000000000000000 ) ;
#1903 = AXIS2_PLACEMENT_3D ( 'NONE', #1100, #5337, #7802 ) ;
#1904 = ORIENTED_EDGE ( 'NONE', *, *, #5488, .F. ) ;
#1905 = B_SPLINE_CURVE_WITH_KNOTS ( 'NONE', 3,
 ( #1709, #1779, #6096, #7828, #7848, #1736 ),
 .UNSPECIFIED., .F., .F.,
 ( 4, 2, 4 ),
 ( 0.0000000000000000000, 0.0002708266700418756600, 0.0005416533400837513200 ),
 .UNSPECIFIED. ) ;
#1906 = CARTESIAN_POINT ( 'NONE',  ( -9.125361484469035400, -1.010416666666305500, -0.3333333333323907900 ) ) ;
#1907 = DIRECTION ( 'NONE',  ( 0.9610197948750344200, -0.2764795722261356700, 0.0000000000000000000 ) ) ;
#1908 = CARTESIAN_POINT ( 'NONE',  ( -11.35274073614923100, -1.795138888888889300, 0.4708333333333341000 ) ) ;
#1909 = CARTESIAN_POINT ( 'NONE',  ( -13.00000000000000000, -8.416666666666671400, -0.3333333333333339300 ) ) ;
#1910 = ORIENTED_EDGE ( 'NONE', *, *, #7350, .F. ) ;
#1911 = ADVANCED_FACE ( 'NONE', ( #3614 ), #5694, .T. ) ;
#1912 = ORIENTED_EDGE ( 'NONE', *, *, #3725, .T. ) ;
#1913 = CARTESIAN_POINT ( 'NONE',  ( 0.0000000000000000000, -2.168404344971008900E-015, 0.0000000000000000000 ) ) ;
#1914 = CARTESIAN_POINT ( 'NONE',  ( -13.00000000000000000, 0.0000000000000000000, -3.666666666666666100 ) ) ;
#1915 = CARTESIAN_POINT ( 'NONE',  ( -13.00000000000000000, -0.6666666666666669600, -3.000000000000006700 ) ) ;
#1916 = CARTESIAN_POINT ( 'NONE',  ( 10.63835110992126200, -0.8257941720224243300, -2.797694266743098600 ) ) ;
#1917 = ORIENTED_EDGE ( 'NONE', *, *, #7448, .F. ) ;
#1918 = CARTESIAN_POINT ( 'NONE',  ( 11.00614438190805800, -8.359398239012113800, 0.4766398870015660600 ) ) ;
#1919 = CARTESIAN_POINT ( 'NONE',  ( -11.30191758467455900, -6.097469125122775500, -2.895271638608984500 ) ) ;
#1920 = DIRECTION ( 'NONE',  ( -0.0000000000000000000, 1.000000000000000000, -1.133581677370982300E-015 ) ) ;
#1921 = ORIENTED_EDGE ( 'NONE', *, *, #3483, .F. ) ;
#1922 =( BOUNDED_SURFACE ( )  B_SPLINE_SURFACE ( 3, 2, ( 
 ( #428, #6551, #4713 ),
 ( #1655, #2274, #2893 ),
 ( #7794, #4123, #53 ),
 ( #4934, #733, #1363 ),
 ( #6768, #674, #4394 ),
 ( #3120, #1249, #701 ) ),
 .UNSPECIFIED., .F., .F., .F. ) 
 B_SPLINE_SURFACE_WITH_KNOTS ( ( 4, 2, 4 ),
 ( 3, 3 ),
 ( 0.0000000000000000000, 0.0001638144396240968400, 0.0003276288792481936800 ),
 ( 0.0000000000000000000, 1.000000000000000000 ),
 .UNSPECIFIED. ) 
 GEOMETRIC_REPRESENTATION_ITEM ( )  RATIONAL_B_SPLINE_SURFACE ( (
 ( 1.000000000000000000, 0.7071067811865475700, 1.000000000000000000),
 ( 1.000000000000000000, 0.7293875469440072000, 1.000000000000000000),
 ( 1.000000000000000000, 0.7519588245703626700, 1.000000000000000000),
 ( 1.000000000000000000, 0.7847964687071776700, 1.000000000000000000),
 ( 1.000000000000000000, 0.7949790482125955700, 1.000000000000000000),
 ( 1.000000000000000000, 0.7948337212391544100, 1.000000000000000000) ) ) 
 REPRESENTATION_ITEM ( '' )  SURFACE ( )  );
#1923 = DIRECTION ( 'NONE',  ( 0.0000000000000000000, -1.000000000000000000, 0.0000000000000000000 ) ) ;
#1924 = ORIENTED_EDGE ( 'NONE', *, *, #1562, .F. ) ;
#1925 = CARTESIAN_POINT ( 'NONE',  ( 11.51195031260993300, -2.561111111111112200, 3.000000000000005300 ) ) ;
#1926 = CARTESIAN_POINT ( 'NONE',  ( 11.50368023849109300, -4.946053714713292100, 2.862500000000003400 ) ) ;
#1927 = CARTESIAN_POINT ( 'NONE',  ( -10.17458710207387900, -8.501423432972472900, -3.666666666666670500 ) ) ;
#1928 = CARTESIAN_POINT ( 'NONE',  ( 10.99009943064561400, -8.513508640916521500, -0.4665988689687436400 ) ) ;
#1929 = DIRECTION ( 'NONE',  ( 0.0000000000000000000, -1.000000000000000000, 0.0000000000000000000 ) ) ;
#1930 = EDGE_CURVE ( 'NONE', #7939, #7248, #635, .T. ) ;
#1931 = VERTEX_POINT ( 'NONE', #6001 ) ;
#1932 = AXIS2_PLACEMENT_3D ( 'NONE', #6960, #7528, #1386 ) ;
#1933 = ORIENTED_EDGE ( 'NONE', *, *, #2800, .F. ) ;
#1934 = EDGE_CURVE ( 'NONE', #5301, #2512, #5803, .T. ) ;
#1935 = CARTESIAN_POINT ( 'NONE',  ( -8.994773050389463600, -1.010416666666312600, -0.3333333333323907900 ) ) ;
#1936 = DIRECTION ( 'NONE',  ( 0.2764795722261366200, -0.9610197948750340800, 0.0000000000000000000 ) ) ;
#1937 = VECTOR ( 'NONE', #3539, 1000.000000000000000 ) ;
#1938 = VERTEX_POINT ( 'NONE', #1767 ) ;
#1939 = CALENDAR_DATE ( 2023, 28, 6 ) ;
#1940 = ORIENTED_EDGE ( 'NONE', *, *, #6617, .F. ) ;
#1941 = CARTESIAN_POINT ( 'NONE',  ( 11.19605689255943800, -2.424868796153897500, 3.000000000000004900 ) ) ;
#1942 = CARTESIAN_POINT ( 'NONE',  ( 8.677557259966652800, -1.010416666666666500, -3.000000000000006700 ) ) ;
#1943 = EDGE_CURVE ( 'NONE', #4032, #850, #3237, .T. ) ;
#1944 = AXIS2_PLACEMENT_3D ( 'NONE', #2660, #4463, #816 ) ;
#1945 = CARTESIAN_POINT ( 'NONE',  ( 10.97861004775703500, -0.8041666666666667000, -0.6856540084388199600 ) ) ;
#1946 = CARTESIAN_POINT ( 'NONE',  ( 10.97861004775706900, -0.8041666666656589500, 0.6856540084385903700 ) ) ;
#1947 = LINE ( 'NONE', #6560, #6826 ) ;
#1948 = CARTESIAN_POINT ( 'NONE',  ( 11.00484948402203000, -8.396866232893941600, 0.3333333333334518900 ) ) ;
#1949 = CARTESIAN_POINT ( 'NONE',  ( -11.51195031260993500, -2.561111111111112200, 2.862500000000005200 ) ) ;
#1950 = DIRECTION ( 'NONE',  ( 0.0000000000000000000, -1.000000000000000000, 0.0000000000000000000 ) ) ;
#1951 = VERTEX_POINT ( 'NONE', #2982 ) ;
#1952 = VERTEX_POINT ( 'NONE', #7855 ) ;
#1953 = CARTESIAN_POINT ( 'NONE',  ( -8.546978422949370800, -1.010416666666666500, -2.819425444596449300 ) ) ;
#1954 = ADVANCED_FACE ( 'NONE', ( #1867 ), #4682, .T. ) ;
#1955 = CIRCLE ( 'NONE', #4015, 0.1375000000000000400 ) ;
#1956 = CARTESIAN_POINT ( 'NONE',  ( 10.68523303535590300, -1.780902297371142600, 2.880879780195152200 ) ) ;
#1957 = DIRECTION ( 'NONE',  ( 0.0000000000000000000, -1.000000000000000000, 0.0000000000000000000 ) ) ;
#1958 = CARTESIAN_POINT ( 'NONE',  ( -10.61026777283991500, -8.486828410917411200, 2.902114352226884600 ) ) ;
#1959 = CARTESIAN_POINT ( 'NONE',  ( 10.99357891516988800, -8.714303189543706200, -0.3852657809748871700 ) ) ;
#1960 = CARTESIAN_POINT ( 'NONE',  ( 10.68981691805468000, -3.189583229203204300, -3.000000000000007500 ) ) ;
#1961 = ORIENTED_EDGE ( 'NONE', *, *, #2348, .F. ) ;
#1962 = LINE ( 'NONE', #4571, #5410 ) ;
#1963 = EDGE_LOOP ( 'NONE', ( #1420, #6641, #7907, #782 ) ) ;
#1964 = VECTOR ( 'NONE', #1874, 1000.000000000000000 ) ;
#1965 = B_SPLINE_CURVE_WITH_KNOTS ( 'NONE', 3,
 ( #1071, #4691, #2281, #403 ),
 .UNSPECIFIED., .F., .F.,
 ( 4, 4 ),
 ( 0.0000000000000000000, 8.145217968611331100E-005 ),
 .UNSPECIFIED. ) ;
#1966 = CARTESIAN_POINT ( 'NONE',  ( 11.50368023849098400, -4.946053714713651800, -3.000000000000008400 ) ) ;
#1967 = CARTESIAN_POINT ( 'NONE',  ( -11.01644946929642500, -8.323592968122447600, 0.4765444609626240900 ) ) ;
#1968 = CARTESIAN_POINT ( 'NONE',  ( 10.99121484052110100, -8.459897246076900900, 0.4767787650120891600 ) ) ;
#1969 = VECTOR ( 'NONE', #7339, 1000.000000000000000 ) ;
#1970 = ORIENTED_EDGE ( 'NONE', *, *, #6513, .T. ) ;
#1971 = DIRECTION ( 'NONE',  ( 0.0000000000000000000, 0.0000000000000000000, 1.000000000000000000 ) ) ;
#1972 = CARTESIAN_POINT ( 'NONE',  ( -11.12754340464337100, -1.795138888888889300, 0.4708333333333340500 ) ) ;
#1973 = CARTESIAN_POINT ( 'NONE',  ( 1.587568858493589900E-015, 0.5403851024289089100, 12.92696701773796700 ) ) ;
#1974 = CARTESIAN_POINT ( 'NONE',  ( 8.677557259966649300, 1.999999999999997800, 2.862500000000007400 ) ) ;
#1975 = CARTESIAN_POINT ( 'NONE',  ( -11.12908718079473600, 0.0000000000000000000, 2.897139713971403500 ) ) ;
#1976 = CIRCLE ( 'NONE', #3442, 11.98662413913137000 ) ;
#1977 = EDGE_CURVE ( 'NONE', #399, #4696, #4035, .T. ) ;
#1978 = AXIS2_PLACEMENT_3D ( 'NONE', #1417, #5593, #5094 ) ;
#1979 = CARTESIAN_POINT ( 'NONE',  ( 10.99588604717137300, -1.691935307684387900, 0.3333333333335349300 ) ) ;
#1980 = DIRECTION ( 'NONE',  ( 8.881784197001250700E-015, 0.0000000000000000000, 1.000000000000000000 ) ) ;
#1981 = CYLINDRICAL_SURFACE ( 'NONE', #3926, 0.1375000000000000400 ) ;
#1982 = CARTESIAN_POINT ( 'NONE',  ( -10.63933082173411800, -8.323592968122447600, 2.897221634347988000 ) ) ;
#1983 = CARTESIAN_POINT ( 'NONE',  ( -10.47579425945666600, -8.485227356401082900, -3.007127044408288300 ) ) ;
#1984 = CARTESIAN_POINT ( 'NONE',  ( 10.85229120871282000, -2.987231825460975500, -0.3333333333333341500 ) ) ;
#1985 = FACE_OUTER_BOUND ( 'NONE', #6134, .T. ) ;
#1986 = CARTESIAN_POINT ( 'NONE',  ( -11.52490872548921700, -6.059245010011731700, -0.3333333333333340400 ) ) ;
#1987 = DIRECTION ( 'NONE',  ( 0.0000000000000000000, 0.0000000000000000000, 1.000000000000000000 ) ) ;
#1988 = CARTESIAN_POINT ( 'NONE',  ( 8.685136945010564000, -0.8294550278695281800, -2.962007236727346000 ) ) ;
#1989 = EDGE_CURVE ( 'NONE', #1938, #3480, #4757, .T. ) ;
#1990 = AXIS2_PLACEMENT_3D ( 'NONE', #5504, #6098, #2435 ) ;
#1991 = ADVANCED_FACE ( 'NONE', ( #4857 ), #5595, .T. ) ;
#1992 = ORIENTED_EDGE ( 'NONE', *, *, #3533, .T. ) ;
#1993 = CIRCLE ( 'NONE', #4054, 11.13749999999999900 ) ;
#1994 = CARTESIAN_POINT ( 'NONE',  ( 11.24242653691274400, -2.432049157223494800, 3.000000000000006200 ) ) ;
#1995 = CIRCLE ( 'NONE', #7691, 0.1374999999999996200 ) ;
#1996 = CARTESIAN_POINT ( 'NONE',  ( 10.61281942989177200, -8.459911178804073700, 2.898646283134858900 ) ) ;
#1997 = CARTESIAN_POINT ( 'NONE',  ( 10.65239807814187900, -0.8041668095754221900, -2.743999106543358700 ) ) ;
#1998 = CARTESIAN_POINT ( 'NONE',  ( 10.88442328056748900, -8.285609833563626100, 0.3333333333333337000 ) ) ;
#1999 = CARTESIAN_POINT ( 'NONE',  ( -11.49012263724674700, -2.286111111111111900, 0.4765309864319772200 ) ) ;
#2000 = ORIENTED_EDGE ( 'NONE', *, *, #4142, .T. ) ;
#2001 = EDGE_CURVE ( 'NONE', #1647, #7035, #1976, .T. ) ;
#2002 = EDGE_CURVE ( 'NONE', #6718, #1647, #7600, .T. ) ;
#2003 = AXIS2_PLACEMENT_3D ( 'NONE', #5309, #5922, #6658 ) ;
#2004 = ORIENTED_EDGE ( 'NONE', *, *, #1722, .T. ) ;
#2005 = ORIENTED_EDGE ( 'NONE', *, *, #4118, .F. ) ;
#2006 = CARTESIAN_POINT ( 'NONE',  ( 0.0000000000000000000, -4.889079012875070500, 0.0000000000000000000 ) ) ;
#2007 = CARTESIAN_POINT ( 'NONE',  ( 11.35274073614923100, -2.286111111111111900, 0.3333333333333341500 ) ) ;
#2008 = CARTESIAN_POINT ( 'NONE',  ( 10.63933082173411800, -8.323592968122440500, -2.897221634347996400 ) ) ;
#2009 = CARTESIAN_POINT ( 'NONE',  ( 10.43004096460986800, -8.723965032582238900, -3.496187863529038000 ) ) ;
#2010 = ORIENTED_EDGE ( 'NONE', *, *, #2504, .T. ) ;
#2011 = CARTESIAN_POINT ( 'NONE',  ( 10.99640278347121500, -8.556929181530478000, 0.3114268721303673500 ) ) ;
#2012 = CARTESIAN_POINT ( 'NONE',  ( 10.88223284250978100, -3.058464678261041800, -0.3333333333333341500 ) ) ;
#2013 = ORIENTED_EDGE ( 'NONE', *, *, #4517, .T. ) ;
#2014 = ADVANCED_FACE ( 'NONE', ( #6090 ), #2647, .T. ) ;
#2015 = AXIS2_PLACEMENT_3D ( 'NONE', #6283, #39, #4383 ) ;
#2016 = DIRECTION ( 'NONE',  ( 0.0000000000000000000, 1.000000000000000000, 0.0000000000000000000 ) ) ;
#2017 = CARTESIAN_POINT ( 'NONE',  ( 8.658008261200475200, -8.601850317571067000, -3.042609831978914300 ) ) ;
#2018 = CARTESIAN_POINT ( 'NONE',  ( -11.20467811345148900, -7.172430905626417700, 0.3333333333333337600 ) ) ;
#2019 = ORIENTED_EDGE ( 'NONE', *, *, #50, .T. ) ;
#2020 = DIRECTION ( 'NONE',  ( -0.9588258908323488100, -0.2839945616901012900, 0.0000000000000000000 ) ) ;
#2021 = ORIENTED_EDGE ( 'NONE', *, *, #1744, .F. ) ;
#2022 = CARTESIAN_POINT ( 'NONE',  ( 10.49903941559906100, -8.328527428759850100, 3.000000000000000900 ) ) ;
#2023 = CARTESIAN_POINT ( 'NONE',  ( 10.48446196509746800, -8.416666666666783300, 2.999999999999330300 ) ) ;
#2024 = ORIENTED_EDGE ( 'NONE', *, *, #7621, .F. ) ;
#2025 = CARTESIAN_POINT ( 'NONE',  ( -8.988044148159993100, -8.539966037442985300, -0.4637481975457094500 ) ) ;
#2026 = CARTESIAN_POINT ( 'NONE',  ( -11.21066325142100300, -2.409177472940020600, 2.878223217823784500 ) ) ;
#2027 = ORIENTED_EDGE ( 'NONE', *, *, #6399, .T. ) ;
#2028 = FACE_OUTER_BOUND ( 'NONE', #5528, .T. ) ;
#2029 = EDGE_LOOP ( 'NONE', ( #3977, #7042, #7571, #7183, #1055, #1459, #1355, #4416, #5091, #2549, #392, #1281, #3374, #3739, #2591, #5253, #7766, #5865, #5674, #7119 ) ) ;
#2030 = DIRECTION ( 'NONE',  ( -0.0000000000000000000, 1.000000000000000000, 6.994852725712929000E-017 ) ) ;
#2031 = ADVANCED_FACE ( 'NONE', ( #3887 ), #3131, .T. ) ;
#2032 = APPLICATION_CONTEXT ( 'configuration controlled 3d designs of mechanical parts and assemblies' ) ;
#2033 = DIRECTION ( 'NONE',  ( 0.0000000000000000000, -1.000000000000000000, 0.0000000000000000000 ) ) ;
#2034 = CARTESIAN_POINT ( 'NONE',  ( 10.30337932021115000, -8.416666666666671400, -3.852320675105489000 ) ) ;
#2035 = ORIENTED_EDGE ( 'NONE', *, *, #494, .T. ) ;
#2036 = CARTESIAN_POINT ( 'NONE',  ( -10.99106168844349100, -8.619997367798806200, 0.4439342000639330300 ) ) ;
#2037 = CARTESIAN_POINT ( 'NONE',  ( -13.00000000000000000, -0.6666666666666669600, -3.000000000000006700 ) ) ;
#2038 = CARTESIAN_POINT ( 'NONE',  ( -11.50511749160621900, -2.358049492953467200, 0.4758932108288108600 ) ) ;
#2039 = FACE_OUTER_BOUND ( 'NONE', #7665, .T. ) ;
#2040 = VERTEX_POINT ( 'NONE', #4955 ) ;
#2041 = FACE_OUTER_BOUND ( 'NONE', #598, .T. ) ;
#2042 = AXIS2_PLACEMENT_3D ( 'NONE', #386, #5251, #1584 ) ;
#2043 = DIRECTION ( 'NONE',  ( -1.000000000000000000, -0.0000000000000000000, -0.0000000000000000000 ) ) ;
#2044 = ORIENTED_EDGE ( 'NONE', *, *, #1481, .F. ) ;
#2045 = VECTOR ( 'NONE', #6347, 1000.000000000000000 ) ;
#2046 = DIRECTION ( 'NONE',  ( 0.0000000000000000000, -1.000000000000000000, 0.0000000000000000000 ) ) ;
#2047 = VERTEX_POINT ( 'NONE', #2574 ) ;
#2048 = DIRECTION ( 'NONE',  ( 1.000000000000000000, -0.0000000000000000000, -0.0000000000000000000 ) ) ;
#2049 = EDGE_CURVE ( 'NONE', #780, #1718, #4275, .T. ) ;
#2050 = AXIS2_PLACEMENT_3D ( 'NONE', #3746, #5688, #698 ) ;
#2051 = CARTESIAN_POINT ( 'NONE',  ( 10.99232418161044800, -1.688612048433807200, 0.4766751161821503000 ) ) ;
#2052 = ADVANCED_FACE ( 'NONE', ( #1487 ), #7472, .F. ) ;
#2053 = CARTESIAN_POINT ( 'NONE',  ( -11.84512056720710400, -4.946053714713291200, -0.3333333333333340900 ) ) ;
#2054 = CARTESIAN_POINT ( 'NONE',  ( -11.63191935903348900, -4.984036849272109200, -2.894410177868509400 ) ) ;
#2055 = ORIENTED_EDGE ( 'NONE', *, *, #3459, .T. ) ;
#2056 = CARTESIAN_POINT ( 'NONE',  ( -8.283644572446672100, -8.839401441831046900, -3.519950833262317500 ) ) ;
#2057 = FACE_OUTER_BOUND ( 'NONE', #2250, .T. ) ;
#2058 = CARTESIAN_POINT ( 'NONE',  ( 0.0000000000000000000, -2.561111111111112200, 0.0000000000000000000 ) ) ;
#2059 = ORIENTED_EDGE ( 'NONE', *, *, #6150, .F. ) ;
#2060 = CARTESIAN_POINT ( 'NONE',  ( 8.988044143389004100, -8.416666666666671400, -0.4637482900136804500 ) ) ;
#2061 = AXIS2_PLACEMENT_3D ( 'NONE', #3860, #2016, #6320 ) ;
#2062 = CARTESIAN_POINT ( 'NONE',  ( 10.98966187822765600, -0.9555474945902670000, -0.4767932489441001300 ) ) ;
#2063 = DIRECTION ( 'NONE',  ( 0.9568149570777065800, 0.0000000000000000000, 0.2906976744186066700 ) ) ;
#2064 = CARTESIAN_POINT ( 'NONE',  ( 8.546978422949376200, -8.416666666666671400, 2.819425444596443100 ) ) ;
#2065 = FACE_OUTER_BOUND ( 'NONE', #5264, .T. ) ;
#2066 = VERTEX_POINT ( 'NONE', #2008 ) ;
#2067 = CARTESIAN_POINT ( 'NONE',  ( -8.611334613699364500, -0.6666666666666665200, -2.616279069767447400 ) ) ;
#2068 = CARTESIAN_POINT ( 'NONE',  ( -10.98966187822720600, -1.010416666666666500, -0.4767932489451490700 ) ) ;
#2069 = DIRECTION ( 'NONE',  ( 0.0000000000000000000, 0.0000000000000000000, 1.000000000000000000 ) ) ;
#2070 = DIRECTION ( 'NONE',  ( 0.0000000000000000000, 1.000000000000000000, 7.274646834741446500E-016 ) ) ;
#2071 = SECURITY_CLASSIFICATION ( '', '', #4420 ) ;
#2072 = VECTOR ( 'NONE', #6462, 1000.000000000000000 ) ;
#2073 = DIRECTION ( 'NONE',  ( -0.0000000000000000000, 1.000000000000000000, -0.0000000000000000000 ) ) ;
#2074 = CARTESIAN_POINT ( 'NONE',  ( -8.990876536626130300, -8.662011358464504000, 0.4143106393682985400 ) ) ;
#2075 = CARTESIAN_POINT ( 'NONE',  ( 11.51195031260993300, -2.082367656444743500E-015, 2.862500000000006000 ) ) ;
#2076 = CARTESIAN_POINT ( 'NONE',  ( 6.253606744053678700, 1.999999999999999600, 7.658459482231640300E-016 ) ) ;
#2077 = LINE ( 'NONE', #6367, #461 ) ;
#2078 = EDGE_CURVE ( 'NONE', #1530, #5301, #735, .T. ) ;
#2079 = DIRECTION ( 'NONE',  ( 1.261617073437677500E-014, -1.000000000000000000, 0.0000000000000000000 ) ) ;
#2080 = DIRECTION ( 'NONE',  ( 0.0000000000000000000, 0.0000000000000000000, -1.000000000000000000 ) ) ;
#2081 = ORIENTED_EDGE ( 'NONE', *, *, #4811, .F. ) ;
#2082 = CARTESIAN_POINT ( 'NONE',  ( 9.128237156398020200, -8.590362046880413200, -0.2977985261407336500 ) ) ;
#2083 = FACE_OUTER_BOUND ( 'NONE', #5318, .T. ) ;
#2084 = EDGE_CURVE ( 'NONE', #478, #2788, #1019, .T. ) ;
#2085 = CARTESIAN_POINT ( 'NONE',  ( -8.742896670297549000, -0.6666666666666669600, -2.656250000000006700 ) ) ;
#2086 = CARTESIAN_POINT ( 'NONE',  ( 10.85615495942595700, -8.627259888822663900, 0.2693907690873291200 ) ) ;
#2087 = CARTESIAN_POINT ( 'NONE',  ( 10.48051277158411100, -8.439485097071587600, -3.000000000000004400 ) ) ;
#2088 = FACE_OUTER_BOUND ( 'NONE', #772, .T. ) ;
#2089 = DIRECTION ( 'NONE',  ( 1.000000000000000000, -0.0000000000000000000, -0.0000000000000000000 ) ) ;
#2090 = ADVANCED_FACE ( 'NONE', ( #1690 ), #5909, .T. ) ;
#2091 = B_SPLINE_CURVE_WITH_KNOTS ( 'NONE', 3,
 ( #7717, #4043, #983, #5269, #3382, #1599 ),
 .UNSPECIFIED., .F., .F.,
 ( 4, 2, 4 ),
 ( 6.505213034913026600E-019, 0.0002186345944619498500, 0.0004372691889238990400 ),
 .UNSPECIFIED. ) ;
#2092 = ORIENTED_EDGE ( 'NONE', *, *, #4973, .T. ) ;
#2093 = DIRECTION ( 'NONE',  ( -0.0000000000000000000, 1.000000000000000000, -0.0000000000000000000 ) ) ;
#2094 = CARTESIAN_POINT ( 'NONE',  ( -10.63933082173410200, -8.323592968122444100, -2.897221634347996400 ) ) ;
#2095 = CARTESIAN_POINT ( 'NONE',  ( 8.412010996713055600, -8.717388948767814200, 3.500507069402894800 ) ) ;
#2096 = CARTESIAN_POINT ( 'NONE',  ( 11.92648388618794500, -5.160225495776965800, -0.4761045171119842600 ) ) ;
#2097 = EDGE_CURVE ( 'NONE', #6216, #2118, #7534, .T. ) ;
#2098 = AXIS2_PLACEMENT_3D ( 'NONE', #3811, #4377, #2532 ) ;
#2099 = ORIENTED_EDGE ( 'NONE', *, *, #6896, .T. ) ;
#2100 = CARTESIAN_POINT ( 'NONE',  ( 10.62851905541193700, -8.359357545201046200, 2.897801131781035700 ) ) ;
#2101 = CARTESIAN_POINT ( 'NONE',  ( -11.97716594857773000, -4.984036849272108300, -0.4760820234339755400 ) ) ;
#2102 = DIRECTION ( 'NONE',  ( -1.261617073437677500E-014, -1.000000000000000000, 0.0000000000000000000 ) ) ;
#2103 = ORIENTED_EDGE ( 'NONE', *, *, #2343, .T. ) ;
#2104 = CARTESIAN_POINT ( 'NONE',  ( -10.61118938525956100, -0.9546083377827155900, -2.898734177215328300 ) ) ;
#2105 = CARTESIAN_POINT ( 'NONE',  ( -10.97861004775703700, -0.6666666666666649600, 0.6856540084388196300 ) ) ;
#2106 = ORIENTED_EDGE ( 'NONE', *, *, #1977, .F. ) ;
#2107 = B_SPLINE_CURVE_WITH_KNOTS ( 'NONE', 3,
 ( #2068, #5783, #6405, #2685, #2715, #298 ),
 .UNSPECIFIED., .F., .F.,
 ( 4, 2, 4 ),
 ( 0.0000000000000000000, 0.0001622146941376942800, 0.0003244293882753885600 ),
 .UNSPECIFIED. ) ;
#2108 = EDGE_CURVE ( 'NONE', #7212, #6685, #824, .T. ) ;
#2109 = AXIS2_PLACEMENT_3D ( 'NONE', #4267, #6740, #3701 ) ;
#2110 = ORIENTED_EDGE ( 'NONE', *, *, #2673, .T. ) ;
#2111 = VERTEX_POINT ( 'NONE', #126 ) ;
#2112 = CARTESIAN_POINT ( 'NONE',  ( 11.05546043515681600, -1.780212788632721300, 0.4739069565518360700 ) ) ;
#2113 = CARTESIAN_POINT ( 'NONE',  ( 8.997188778974807700, -8.837659620192386700, -0.2410565872111432000 ) ) ;
#2114 = CARTESIAN_POINT ( 'NONE',  ( 8.182944173180523300, -2.168404344971008900E-015, 3.746922024623798200 ) ) ;
#2115 = CARTESIAN_POINT ( 'NONE',  ( 8.487411582955438400, -8.416666666666671400, 2.999999999999997300 ) ) ;
#2116 = VERTEX_POINT ( 'NONE', #7504 ) ;
#2117 = DIRECTION ( 'NONE',  ( 1.000000000000000000, 0.0000000000000000000, 0.0000000000000000000 ) ) ;
#2118 = VERTEX_POINT ( 'NONE', #828 ) ;
#2119 = AXIS2_PLACEMENT_3D ( 'NONE', #272, #3370, #4589 ) ;
#2120 = CARTESIAN_POINT ( 'NONE',  ( -8.546978422949372600, -8.544837930044368000, 2.819425444596444000 ) ) ;
#2121 = CARTESIAN_POINT ( 'NONE',  ( -8.579055430358906200, -0.8254535018504561800, -2.720548348241757600 ) ) ;
#2122 = DIRECTION ( 'NONE',  ( 0.0000000000000000000, 0.0000000000000000000, 1.000000000000000000 ) ) ;
#2123 = CARTESIAN_POINT ( 'NONE',  ( 11.97716594857773000, -4.984036849272101200, -0.4760820234339754900 ) ) ;
#2124 = CARTESIAN_POINT ( 'NONE',  ( 11.22886672861962900, -2.415454360976192500, 2.874068275594909800 ) ) ;
#2125 = ORIENTED_EDGE ( 'NONE', *, *, #6812, .F. ) ;
#2126 = VERTEX_POINT ( 'NONE', #755 ) ;
#2127 = CARTESIAN_POINT ( 'NONE',  ( -10.35835532552412100, -8.756238106324028400, 3.290515053835241200 ) ) ;
#2128 = CARTESIAN_POINT ( 'NONE',  ( 10.71788277190680500, -8.060050686800211700, -2.896981886502325600 ) ) ;
#2129 = EDGE_CURVE ( 'NONE', #7074, #4548, #5336, .T. ) ;
#2130 = FACE_OUTER_BOUND ( 'NONE', #1317, .T. ) ;
#2131 = ADVANCED_FACE ( 'NONE', ( #6749 ), #5021, .T. ) ;
#2132 = CARTESIAN_POINT ( 'NONE',  ( 8.182944173180517900, -8.544865598685371200, 3.746922024623809700 ) ) ;
#2133 = ORIENTED_EDGE ( 'NONE', *, *, #1080, .T. ) ;
#2134 = DIRECTION ( 'NONE',  ( -1.000000000000000000, -0.0000000000000000000, -0.0000000000000000000 ) ) ;
#2135 = CALENDAR_DATE ( 2023, 28, 6 ) ;
#2136 = CARTESIAN_POINT ( 'NONE',  ( -11.85047215534189900, -4.927449114151147400, 0.3333333333333339300 ) ) ;
#2137 = AXIS2_PLACEMENT_3D ( 'NONE', #3105, #6120, #6064 ) ;
#2138 = ORIENTED_EDGE ( 'NONE', *, *, #3501, .F. ) ;
#2139 = ADVANCED_FACE ( 'NONE', ( #5134 ), #4663, .T. ) ;
#2140 = CARTESIAN_POINT ( 'NONE',  ( -10.58207497550744800, -8.734299663825456900, -3.004902338997898600 ) ) ;
#2141 = CYLINDRICAL_SURFACE ( 'NONE', #4986, 11.00000000000000000 ) ;
#2142 = DIRECTION ( 'NONE',  ( -1.776356839400250100E-015, 1.204669080539449300E-016, -1.000000000000000000 ) ) ;
#2143 = CARTESIAN_POINT ( 'NONE',  ( 11.62797154374838500, -2.561111111111112200, 0.3333333333333341500 ) ) ;
#2144 = ORIENTED_EDGE ( 'NONE', *, *, #252, .F. ) ;
#2145 = CARTESIAN_POINT ( 'NONE',  ( -11.00000000000000000, -3.052083333333333900, -0.4708333333333341000 ) ) ;
#2146 = AXIS2_PLACEMENT_3D ( 'NONE', #2704, #4482, #2063 ) ;
#2147 = ORIENTED_EDGE ( 'NONE', *, *, #5003, .F. ) ;
#2148 = B_SPLINE_CURVE_WITH_KNOTS ( 'NONE', 3,
 ( #2372, #4872, #4850, #3028 ),
 .UNSPECIFIED., .F., .F.,
 ( 4, 4 ),
 ( 0.0000000000000000000, 6.913181708338441800E-005 ),
 .UNSPECIFIED. ) ;
#2149 = CIRCLE ( 'NONE', #2365, 11.02675172173726100 ) ;
#2150 = DIRECTION ( 'NONE',  ( 0.0000000000000000000, 0.0000000000000000000, -1.000000000000000000 ) ) ;
#2151 = DIRECTION ( 'NONE',  ( 1.000000000000000000, -0.0000000000000000000, -0.0000000000000000000 ) ) ;
#2152 = CARTESIAN_POINT ( 'NONE',  ( -11.20619757592438900, -2.561111111111112700, 3.000000000000005800 ) ) ;
#2153 = VERTEX_POINT ( 'NONE', #3277 ) ;
#2154 = CIRCLE ( 'NONE', #2974, 0.1375000000000000400 ) ;
#2155 = ORIENTED_EDGE ( 'NONE', *, *, #3556, .T. ) ;
#2156 = VECTOR ( 'NONE', #3013, 1000.000000000000000 ) ;
#2157 = CARTESIAN_POINT ( 'NONE',  ( -11.60776418017885800, -4.976882328835225500, 3.000000000000004000 ) ) ;
#2158 = EDGE_CURVE ( 'NONE', #7789, #2876, #1390, .T. ) ;
#2159 = EDGE_CURVE ( 'NONE', #4978, #5568, #558, .T. ) ;
#2160 = AXIS2_PLACEMENT_3D ( 'NONE', #5896, #7804, #4086 ) ;
#2161 = DIRECTION ( 'NONE',  ( 0.0000000000000000000, 0.0000000000000000000, 1.000000000000000000 ) ) ;
#2162 = DIRECTION ( 'NONE',  ( -0.0000000000000000000, 1.000000000000000000, -0.0000000000000000000 ) ) ;
#2163 = DIRECTION ( 'NONE',  ( 0.0000000000000000000, -1.219727444046190300E-016, -1.000000000000000000 ) ) ;
#2164 = CARTESIAN_POINT ( 'NONE',  ( -10.97861004775703500, -0.8041666666666667000, 0.6856540084388195200 ) ) ;
#2165 = CIRCLE ( 'NONE', #5991, 11.13749999999999900 ) ;
#2166 = B_SPLINE_CURVE_WITH_KNOTS ( 'NONE', 3,
 ( #1476, #1446, #7586, #3917 ),
 .UNSPECIFIED., .F., .F.,
 ( 4, 4 ),
 ( 0.0000000000000000000, 6.947295919942563200E-005 ),
 .UNSPECIFIED. ) ;
#2167 = ORIENTED_EDGE ( 'NONE', *, *, #7245, .T. ) ;
#2168 = DIRECTION ( 'NONE',  ( 0.0000000000000000000, 0.0000000000000000000, 1.000000000000000000 ) ) ;
#2169 = FACE_OUTER_BOUND ( 'NONE', #5729, .T. ) ;
#2170 = CARTESIAN_POINT ( 'NONE',  ( -11.38267742082482000, -2.429987875934311000, 0.3333333333333340900 ) ) ;
#2171 = CARTESIAN_POINT ( 'NONE',  ( -10.47579425945666600, -8.485227356401081200, 3.007127044408283800 ) ) ;
#2172 = CARTESIAN_POINT ( 'NONE',  ( 8.182944173180519700, -8.416666666666671400, 3.746922024623809300 ) ) ;
#2173 = ORIENTED_EDGE ( 'NONE', *, *, #3785, .T. ) ;
#2174 = DIRECTION ( 'NONE',  ( -0.04143747708104150700, -0.0000000000000000000, 0.9991410988910216500 ) ) ;
#2175 = ADVANCED_FACE ( 'NONE', ( #6285 ), #4783, .T. ) ;
#2176 =( BOUNDED_SURFACE ( )  B_SPLINE_SURFACE ( 3, 2, ( 
 ( #7255, #4820, #1945 ),
 ( #6255, #6837, #3160 ),
 ( #1321, #744, #5601 ),
 ( #3817, #6228, #7438 ),
 ( #5025, #89, #7412 ),
 ( #4381, #3190, #67 ) ),
 .UNSPECIFIED., .F., .F., .F. ) 
 B_SPLINE_SURFACE_WITH_KNOTS ( ( 4, 2, 4 ),
 ( 3, 3 ),
 ( 0.0000000000000000000, 0.0001612180773976560700, 0.0003224361547953121500 ),
 ( 0.0000000000000000000, 1.000000000000000000 ),
 .UNSPECIFIED. ) 
 GEOMETRIC_REPRESENTATION_ITEM ( )  RATIONAL_B_SPLINE_SURFACE ( (
 ( 1.000000000000000000, 0.7071067811865430200, 1.000000000000000000),
 ( 1.000000000000000000, 0.7012655210926590500, 1.000000000000000000),
 ( 1.000000000000000000, 0.6971379659430131400, 1.000000000000000000),
 ( 1.000000000000000000, 0.6924216609631704800, 1.000000000000000000),
 ( 1.000000000000000000, 0.6916433838126532200, 1.000000000000000000),
 ( 1.000000000000000000, 0.6916123043970854300, 1.000000000000000000) ) ) 
 REPRESENTATION_ITEM ( '' )  SURFACE ( )  );
#2177 = CARTESIAN_POINT ( 'NONE',  ( 10.86073765257573100, -8.723646855711251600, -0.1506991224213306300 ) ) ;
#2178 = FACE_OUTER_BOUND ( 'NONE', #1471, .T. ) ;
#2179 = ADVANCED_FACE ( 'NONE', ( #4096 ), #7053, .T. ) ;
#2180 = CARTESIAN_POINT ( 'NONE',  ( -11.64538703909961500, -4.889079012875070500, 2.895679662802956900 ) ) ;
#2181 = CARTESIAN_POINT ( 'NONE',  ( 11.49606156008915600, -2.320484760354490900, 0.3333333333333341500 ) ) ;
#2182 = CARTESIAN_POINT ( 'NONE',  ( -10.17458707870851100, -8.416666666666671400, -3.804166666666675600 ) ) ;
#2183 = CARTESIAN_POINT ( 'NONE',  ( -8.677557259966652800, -1.010416666666666500, -3.000000000000006700 ) ) ;
#2184 = VECTOR ( 'NONE', #7012, 1000.000000000000000 ) ;
#2185 = DIRECTION ( 'NONE',  ( 0.0000000000000000000, -1.000000000000000000, -7.274646834741446500E-016 ) ) ;
#2186 = FACE_OUTER_BOUND ( 'NONE', #91, .T. ) ;
#2187 = CARTESIAN_POINT ( 'NONE',  ( 8.986974071505697400, -0.9031276655060712600, 0.4854870037250489400 ) ) ;
#2188 = DIRECTION ( 'NONE',  ( -0.0000000000000000000, 1.000000000000000000, -0.0000000000000000000 ) ) ;
#2189 = CARTESIAN_POINT ( 'NONE',  ( -8.307961375826332400, -8.511520069191712800, 3.666666666666673200 ) ) ;
#2190 = CARTESIAN_POINT ( 'NONE',  ( -11.97716594857773000, -4.984036849272102100, 0.4760820234339753200 ) ) ;
#2191 = ORIENTED_EDGE ( 'NONE', *, *, #4397, .F. ) ;
#2192 = LINE ( 'NONE', #3566, #5716 ) ;
#2193 = CIRCLE ( 'NONE', #7128, 9.000000000000000000 ) ;
#2194 = CARTESIAN_POINT ( 'NONE',  ( -8.487411582955445500, -1.010416666666656100, 3.000000000000042200 ) ) ;
#2195 = AXIS2_PLACEMENT_3D ( 'NONE', #6130, #4983, #7372 ) ;
#2196 = CARTESIAN_POINT ( 'NONE',  ( 8.554589080423404800, -0.9011907793354542200, 2.796528353972132400 ) ) ;
#2197 = EDGE_CURVE ( 'NONE', #2474, #7298, #2202, .T. ) ;
#2198 = CARTESIAN_POINT ( 'NONE',  ( -11.19584514798059900, -2.424757908294165700, 2.999999999999910300 ) ) ;
#2199 = ORIENTED_EDGE ( 'NONE', *, *, #1930, .F. ) ;
#2200 = CARTESIAN_POINT ( 'NONE',  ( -10.58113715611288800, -8.491041670269716200, 3.008349072869107600 ) ) ;
#2201 = EDGE_LOOP ( 'NONE', ( #4134, #7820, #6982, #1014, #6271, #1851, #5942, #5535, #4729, #195, #2321, #6119, #1544 ) ) ;
#2202 = B_SPLINE_CURVE_WITH_KNOTS ( 'NONE', 3,
 ( #7096, #958, #319, #3359, #2732, #4661 ),
 .UNSPECIFIED., .F., .F.,
 ( 4, 2, 4 ),
 ( 0.0000000000000000000, 0.0002707644810447424000, 0.0005415289620894847900 ),
 .UNSPECIFIED. ) ;
#2203 = CARTESIAN_POINT ( 'NONE',  ( -10.99604904946702700, -8.484002524078437800, 0.3264637191209126000 ) ) ;
#2204 = DIRECTION ( 'NONE',  ( -0.0000000000000000000, 1.000000000000000000, -0.0000000000000000000 ) ) ;
#2205 = DIRECTION ( 'NONE',  ( 0.0000000000000000000, 0.0000000000000000000, -1.000000000000000000 ) ) ;
#2206 = CARTESIAN_POINT ( 'NONE',  ( -11.64538703909961700, -4.889079012875070500, -2.895679662802956400 ) ) ;
#2207 = EDGE_LOOP ( 'NONE', ( #4740, #6334, #6811, #2044 ) ) ;
#2208 = DIRECTION ( 'NONE',  ( 1.000000000000000000, 0.0000000000000000000, 0.0000000000000000000 ) ) ;
#2209 = EDGE_CURVE ( 'NONE', #2126, #2285, #6375, .T. ) ;
#2210 = AXIS2_PLACEMENT_3D ( 'NONE', #1109, #5345, #5977 ) ;
#2211 = ORIENTED_EDGE ( 'NONE', *, *, #7903, .T. ) ;
#2212 = CARTESIAN_POINT ( 'NONE',  ( 10.99442124812328100, -8.432806995708313400, -0.4767489394116605800 ) ) ;
#2213 = VERTEX_POINT ( 'NONE', #7064 ) ;
#2214 = CARTESIAN_POINT ( 'NONE',  ( -11.35274073614923300, -1.932638888888889200, 0.4708333333333341000 ) ) ;
#2215 = ADVANCED_FACE ( 'NONE', ( #2451 ), #7158, .T. ) ;
#2216 = CARTESIAN_POINT ( 'NONE',  ( -10.53272244899199500, -0.6666666666666669600, -2.656250000000006700 ) ) ;
#2217 = DIRECTION ( 'NONE',  ( 0.0000000000000000000, -0.2056820692032415600, -0.9786188667751468700 ) ) ;
#2218 = ORIENTED_EDGE ( 'NONE', *, *, #2049, .F. ) ;
#2219 = CARTESIAN_POINT ( 'NONE',  ( -10.85229110474936400, -2.914583333333333700, -0.3333333333333341500 ) ) ;
#2220 = B_SPLINE_CURVE_WITH_KNOTS ( 'NONE', 3,
 ( #7180, #456, #2427, #6700 ),
 .UNSPECIFIED., .F., .F.,
 ( 4, 4 ),
 ( 0.0000000000000000000, 5.753805055549687900E-005 ),
 .UNSPECIFIED. ) ;
#2221 = ADVANCED_FACE ( 'NONE', ( #2269 ), #6957, .T. ) ;
#2222 = AXIS2_PLACEMENT_3D ( 'NONE', #1256, #5544, #2497 ) ;
#2223 = ORIENTED_EDGE ( 'NONE', *, *, #5136, .F. ) ;
#2224 = DIRECTION ( 'NONE',  ( 0.0000000000000000000, 1.000000000000000000, 0.0000000000000000000 ) ) ;
#2225 = CARTESIAN_POINT ( 'NONE',  ( -10.99604904946702500, -8.484002524078436000, -0.3264637191209127100 ) ) ;
#2226 = CARTESIAN_POINT ( 'NONE',  ( -11.85315241706703800, -3.293409825023176300E-017, 0.4708333333333341600 ) ) ;
#2227 = ORIENTED_EDGE ( 'NONE', *, *, #5292, .T. ) ;
#2228 = CARTESIAN_POINT ( 'NONE',  ( -10.85800004235543300, -8.416666666666671400, 0.3333333333333337000 ) ) ;
#2229 = CARTESIAN_POINT ( 'NONE',  ( 11.64089380912395400, -4.953026027270630600, -2.895256698938525100 ) ) ;
#2230 = CARTESIAN_POINT ( 'NONE',  ( 0.0000000000000000000, -0.8041666666666667000, 0.0000000000000000000 ) ) ;
#2231 = FACE_OUTER_BOUND ( 'NONE', #3815, .T. ) ;
#2232 = ORIENTED_EDGE ( 'NONE', *, *, #3874, .F. ) ;
#2233 = CARTESIAN_POINT ( 'NONE',  ( -10.85272318776254300, -8.485227356401081200, -0.3262062889250499900 ) ) ;
#2234 = VERTEX_POINT ( 'NONE', #2845 ) ;
#2235 = DIRECTION ( 'NONE',  ( 0.0000000000000000000, -1.000000000000000000, 0.0000000000000000000 ) ) ;
#2236 = CARTESIAN_POINT ( 'NONE',  ( 11.59159872387030200, -2.423611111112424800, 0.4723013076789682700 ) ) ;
#2237 = DIRECTION ( 'NONE',  ( -1.065814103640150400E-014, 0.0000000000000000000, 1.000000000000000000 ) ) ;
#2238 = DIRECTION ( 'NONE',  ( 0.0000000000000000000, -1.000000000000000000, -6.994852725712929000E-017 ) ) ;
#2239 = ORIENTED_EDGE ( 'NONE', *, *, #1880, .F. ) ;
#2240 = FACE_OUTER_BOUND ( 'NONE', #4, .T. ) ;
#2241 = CARTESIAN_POINT ( 'NONE',  ( -11.61944730194670300, -4.889079012875070500, 3.000000000000003600 ) ) ;
#2242 = ORIENTED_EDGE ( 'NONE', *, *, #2800, .T. ) ;
#2243 = CARTESIAN_POINT ( 'NONE',  ( -10.51079817684174600, -1.803477208148469100, 3.000000000000005800 ) ) ;
#2244 = EDGE_CURVE ( 'NONE', #323, #2040, #7736, .T. ) ;
#2245 = CARTESIAN_POINT ( 'NONE',  ( -11.15063788569203300, -2.358342682551600500, 2.892099010580772700 ) ) ;
#2246 = CARTESIAN_POINT ( 'NONE',  ( -8.975257740366307900, -0.6666666666656564400, 0.6668946648423046400 ) ) ;
#2247 = LINE ( 'NONE', #2366, #5312 ) ;
#2248 = CARTESIAN_POINT ( 'NONE',  ( 0.0000000000000000000, -2.286111111111111900, 0.0000000000000000000 ) ) ;
#2249 = AXIS2_PLACEMENT_3D ( 'NONE', #4366, #3797, #1866 ) ;
#2250 = EDGE_LOOP ( 'NONE', ( #3039, #729, #1921, #6570 ) ) ;
#2251 = CARTESIAN_POINT ( 'NONE',  ( -11.51195031260993300, -4.889079012875070500, -3.000000000000008400 ) ) ;
#2252 = CARTESIAN_POINT ( 'NONE',  ( 10.40651811907712200, -8.670991330201262700, 3.565522744183280900 ) ) ;
#2253 = ORIENTED_EDGE ( 'NONE', *, *, #2984, .T. ) ;
#2254 = CARTESIAN_POINT ( 'NONE',  ( 10.85420169784822200, -8.439395408491092700, 0.3333333333333338700 ) ) ;
#2255 = CYLINDRICAL_SURFACE ( 'NONE', #7196, 0.1375000000000000400 ) ;
#2256 = CARTESIAN_POINT ( 'NONE',  ( -11.61944730194670300, -4.889079012875070500, -3.000000000000008400 ) ) ;
#2257 = ADVANCED_FACE ( 'NONE', ( #3694 ), #2279, .T. ) ;
#2258 = EDGE_CURVE ( 'NONE', #323, #6109, #3523, .T. ) ;
#2259 = AXIS2_PLACEMENT_3D ( 'NONE', #1751, #1062, #7822 ) ;
#2260 = FACE_OUTER_BOUND ( 'NONE', #135, .T. ) ;
#2261 = CARTESIAN_POINT ( 'NONE',  ( -10.99736352824968400, -8.624543491884566000, 0.2717599178120439500 ) ) ;
#2262 = ORIENTED_EDGE ( 'NONE', *, *, #6862, .F. ) ;
#2263 = DIRECTION ( 'NONE',  ( 0.9992120056537020500, 0.0000000000000000000, -0.03969090270460155800 ) ) ;
#2264 = FACE_OUTER_BOUND ( 'NONE', #7773, .T. ) ;
#2265 = DIRECTION ( 'NONE',  ( 0.0000000000000000000, 0.0000000000000000000, 1.000000000000000000 ) ) ;
#2266 = CARTESIAN_POINT ( 'NONE',  ( 11.49012263724674700, -2.286111111111111900, 0.4765309864319772800 ) ) ;
#2267 = CARTESIAN_POINT ( 'NONE',  ( 10.63182555755375000, -1.726683797284343000, 2.893727821781117500 ) ) ;
#2268 = CARTESIAN_POINT ( 'NONE',  ( 10.61618999397227000, -8.432806995708311600, 2.898464790936376100 ) ) ;
#2269 = FACE_OUTER_BOUND ( 'NONE', #6917, .T. ) ;
#2270 = ORIENTED_EDGE ( 'NONE', *, *, #3949, .T. ) ;
#2271 = CARTESIAN_POINT ( 'NONE',  ( 8.487411681247824200, -0.8980437589945250400, -2.999999712077535900 ) ) ;
#2272 = EDGE_CURVE ( 'NONE', #3406, #4685, #3793, .T. ) ;
#2273 = CARTESIAN_POINT ( 'NONE',  ( -8.994773036184213300, -0.9221203293400583900, 0.3333336718299500000 ) ) ;
#2274 = CARTESIAN_POINT ( 'NONE',  ( 10.64469211961518100, -0.6750876398252585500, 2.774555172667061900 ) ) ;
#2275 = CYLINDRICAL_SURFACE ( 'NONE', #1302, 0.1375000000000000400 ) ;
#2276 = VERTEX_POINT ( 'NONE', #989 ) ;
#2277 = CARTESIAN_POINT ( 'NONE',  ( 8.331931553156456600, -8.886531897097429000, -3.405152694245143300 ) ) ;
#2278 = CARTESIAN_POINT ( 'NONE',  ( -10.85272318776254400, -8.513508640916526800, 0.4607663831066331500 ) ) ;
#2279 =( BOUNDED_SURFACE ( )  B_SPLINE_SURFACE ( 3, 2, ( 
 ( #7688, #5244, #7124 ),
 ( #4576, #4047, #261 ),
 ( #377, #5274, #1602 ),
 ( #5890, #2225, #4552 ) ),
 .UNSPECIFIED., .F., .F., .F. ) 
 B_SPLINE_SURFACE_WITH_KNOTS ( ( 4, 4 ),
 ( 3, 3 ),
 ( 0.0000000000000000000, 9.750670057935295100E-005 ),
 ( 0.0000000000000000000, 1.000000000000000000 ),
 .UNSPECIFIED. ) 
 GEOMETRIC_REPRESENTATION_ITEM ( )  RATIONAL_B_SPLINE_SURFACE ( (
 ( 1.000000000000000000, 0.6917287800646396700, 1.000000000000000000),
 ( 1.000000000000000000, 0.6887153610865829300, 1.000000000000000000),
 ( 1.000000000000000000, 0.6889467345799352700, 1.000000000000000000),
 ( 1.000000000000000000, 0.6922748253407102800, 1.000000000000000000) ) ) 
 REPRESENTATION_ITEM ( '' )  SURFACE ( )  );
#2280 = CARTESIAN_POINT ( 'NONE',  ( 10.67884843499084500, -3.028852077963982500, -2.882429698067438700 ) ) ;
#2281 = CARTESIAN_POINT ( 'NONE',  ( -10.99119778115646500, -8.460041373204184400, -0.4767789340285721900 ) ) ;
#2282 = CARTESIAN_POINT ( 'NONE',  ( 10.61618999397226800, -8.432806995708311600, -2.898464790936385000 ) ) ;
#2283 = DIRECTION ( 'NONE',  ( -5.329070518200752200E-015, 0.0000000000000000000, -1.000000000000000000 ) ) ;
#2284 = CYLINDRICAL_SURFACE ( 'NONE', #4044, 0.1375000000000000400 ) ;
#2285 = VERTEX_POINT ( 'NONE', #5770 ) ;
#2286 = VECTOR ( 'NONE', #2944, 1000.000000000000000 ) ;
#2287 = CARTESIAN_POINT ( 'NONE',  ( -8.219692629721288700, -8.416666666666671400, 3.666666666666673200 ) ) ;
#2288 = CARTESIAN_POINT ( 'NONE',  ( 11.38257801580395800, -2.429816069902497800, 0.3333333333333341500 ) ) ;
#2289 = CARTESIAN_POINT ( 'NONE',  ( 10.99602200798088300, -2.286111111111111900, 3.000000000000005300 ) ) ;
#2290 = LINE ( 'NONE', #1160, #1892 ) ;
#2291 = EDGE_CURVE ( 'NONE', #172, #4139, #7345, .T. ) ;
#2292 = AXIS2_PLACEMENT_3D ( 'NONE', #2486, #618, #1332 ) ;
#2293 = ORIENTED_EDGE ( 'NONE', *, *, #6706, .T. ) ;
#2294 = CARTESIAN_POINT ( 'NONE',  ( -10.99602200798088300, -2.286111111111111900, 3.000000000000005300 ) ) ;
#2295 = ADVANCED_FACE ( 'NONE', ( #2065 ), #257, .T. ) ;
#2296 = DIRECTION ( 'NONE',  ( -0.0000000000000000000, 1.000000000000000000, 0.0000000000000000000 ) ) ;
#2297 = CARTESIAN_POINT ( 'NONE',  ( 8.424415440434195500, -8.888431988749280400, -3.169407144750276700 ) ) ;
#2298 = VERTEX_POINT ( 'NONE', #5379 ) ;
#2299 = DIRECTION ( 'NONE',  ( 0.0000000000000000000, 0.0000000000000000000, 1.000000000000000000 ) ) ;
#2300 = ORIENTED_EDGE ( 'NONE', *, *, #3938, .T. ) ;
#2301 = EDGE_CURVE ( 'NONE', #1938, #7241, #3997, .T. ) ;
#2302 = CARTESIAN_POINT ( 'NONE',  ( 10.72507132149507000, -3.047636668511936700, -2.871470463828909000 ) ) ;
#2303 = ORIENTED_EDGE ( 'NONE', *, *, #5178, .F. ) ;
#2304 = CARTESIAN_POINT ( 'NONE',  ( -11.61944720587401200, -4.918870000247644600, -3.000000000000008000 ) ) ;
#2305 = DIRECTION ( 'NONE',  ( 0.0000000000000000000, -0.2056820692032413900, -0.9786188667751469800 ) ) ;
#2306 = CARTESIAN_POINT ( 'NONE',  ( 0.0000000000000000000, -0.6666666666666666300, 1.677125235563511000E-017 ) ) ;
#2307 = ORIENTED_EDGE ( 'NONE', *, *, #3377, .F. ) ;
#2308 = EDGE_LOOP ( 'NONE', ( #4880, #70, #6717, #3381 ) ) ;
#2309 = DIRECTION ( 'NONE',  ( -0.0000000000000000000, 1.000000000000000000, -0.0000000000000000000 ) ) ;
#2310 = CARTESIAN_POINT ( 'NONE',  ( -13.00000000000000000, -8.416666666666671400, 3.333333333333336600 ) ) ;
#2311 = CARTESIAN_POINT ( 'NONE',  ( 10.64086190123102300, -1.740711168383047600, 2.891542058247421800 ) ) ;
#2312 = DIRECTION ( 'NONE',  ( -0.0000000000000000000, 1.000000000000000000, -0.0000000000000000000 ) ) ;
#2313 = EDGE_CURVE ( 'NONE', #3825, #6073, #6660, .T. ) ;
#2314 = EDGE_CURVE ( 'NONE', #2951, #4988, #45, .T. ) ;
#2315 = ORIENTED_EDGE ( 'NONE', *, *, #4448, .F. ) ;
#2316 = ORIENTED_EDGE ( 'NONE', *, *, #1510, .F. ) ;
#2317 = EDGE_LOOP ( 'NONE', ( #4775, #431, #6019, #4220 ) ) ;
#2318 = CARTESIAN_POINT ( 'NONE',  ( -13.00000000000000000, -0.6666666666666666300, 0.3333333333333342600 ) ) ;
#2319 = CARTESIAN_POINT ( 'NONE',  ( 9.134599062794105600, -8.713850270094736700, 0.1742187993013667700 ) ) ;
#2320 = CARTESIAN_POINT ( 'NONE',  ( -10.88442328056748700, -8.285609833563633200, 0.4708333333333337100 ) ) ;
#2321 = ORIENTED_EDGE ( 'NONE', *, *, #1251, .T. ) ;
#2322 = CARTESIAN_POINT ( 'NONE',  ( -8.986957296641842100, -0.9025712108086756400, 0.4858064272516546300 ) ) ;
#2323 = ORIENTED_EDGE ( 'NONE', *, *, #1315, .F. ) ;
#2324 = AXIS2_PLACEMENT_3D ( 'NONE', #528, #2889, #1155 ) ;
#2325 = CARTESIAN_POINT ( 'NONE',  ( 10.85229110474936400, -1.657638888888889300, 0.3333333333333342000 ) ) ;
#2326 = CYLINDRICAL_SURFACE ( 'NONE', #5046, 0.1374999999999995900 ) ;
#2327 = ORIENTED_EDGE ( 'NONE', *, *, #5417, .T. ) ;
#2328 = CARTESIAN_POINT ( 'NONE',  ( -11.23728905727017500, 1.437280458815214200, -22.47457811454035700 ) ) ;
#2329 = PERSON_AND_ORGANIZATION ( #1598, #4343 ) ;
#2330 = DIRECTION ( 'NONE',  ( -0.05631057858324890100, 0.9770660927694703200, 0.2053557135796828200 ) ) ;
#2331 = CARTESIAN_POINT ( 'NONE',  ( -13.00000000000000000, -8.416666666666671400, 0.3333333333333338100 ) ) ;
#2332 = CARTESIAN_POINT ( 'NONE',  ( -11.01874961386210700, -1.743502748230938200, 0.4755105104120773100 ) ) ;
#2333 = EDGE_LOOP ( 'NONE', ( #3958, #2010, #2323, #1344, #7800, #1070 ) ) ;
#2334 = ADVANCED_FACE ( 'NONE', ( #2169 ), #2847, .T. ) ;
#2335 = VECTOR ( 'NONE', #5921, 1000.000000000000000 ) ;
#2336 = DIRECTION ( 'NONE',  ( -5.329070518200751400E-015, 0.0000000000000000000, 1.000000000000000000 ) ) ;
#2337 = EDGE_LOOP ( 'NONE', ( #7095, #5587, #1425, #8, #4203, #2293 ) ) ;
#2338 = CARTESIAN_POINT ( 'NONE',  ( -13.00000000000000000, -1.010416666666666500, -3.000000000000006700 ) ) ;
#2339 = ORIENTED_EDGE ( 'NONE', *, *, #6698, .F. ) ;
#2340 = CARTESIAN_POINT ( 'NONE',  ( 10.17458707870850200, 0.0000000000000000000, -3.666666666666666100 ) ) ;
#2341 = DIRECTION ( 'NONE',  ( 0.0000000000000000000, -1.000000000000000000, 0.0000000000000000000 ) ) ;
#2342 = VERTEX_POINT ( 'NONE', #3079 ) ;
#2343 = EDGE_CURVE ( 'NONE', #3668, #1298, #5045, .T. ) ;
#2344 = CARTESIAN_POINT ( 'NONE',  ( -10.47763328963213400, -8.462636413839351900, -3.002378973459421300 ) ) ;
#2345 = LINE ( 'NONE', #1975, #7722 ) ;
#2346 = VERTEX_POINT ( 'NONE', #3638 ) ;
#2347 = CIRCLE ( 'NONE', #6766, 0.1375000000000000400 ) ;
#2348 = EDGE_CURVE ( 'NONE', #5965, #3932, #1198, .T. ) ;
#2349 = CARTESIAN_POINT ( 'NONE',  ( 8.529486313838134500, -8.669454353537698700, -2.873408030067419600 ) ) ;
#2350 = CARTESIAN_POINT ( 'NONE',  ( 10.47579425945666500, -8.485227356401077600, 3.007127044408282500 ) ) ;
#2351 = VECTOR ( 'NONE', #1145, 1000.000000000000000 ) ;
#2352 = DIRECTION ( 'NONE',  ( 1.000000000000000000, -0.0000000000000000000, 0.0000000000000000000 ) ) ;
#2353 = CARTESIAN_POINT ( 'NONE',  ( 11.85315235462398700, -4.908438029749867800, 0.3333333333333339800 ) ) ;
#2354 = ORIENTED_EDGE ( 'NONE', *, *, #6926, .T. ) ;
#2355 = CARTESIAN_POINT ( 'NONE',  ( -11.49012263724674700, -2.286111111111111900, 0.4765309864319772200 ) ) ;
#2356 = EDGE_CURVE ( 'NONE', #2992, #2437, #6482, .T. ) ;
#2357 = AXIS2_PLACEMENT_3D ( 'NONE', #1003, #5198, #5285 ) ;
#2358 = CARTESIAN_POINT ( 'NONE',  ( -10.60839925008270000, -8.513508640916526800, -2.908928557191600400 ) ) ;
#2359 = CYLINDRICAL_SURFACE ( 'NONE', #2808, 12.00000000000000000 ) ;
#2360 = CARTESIAN_POINT ( 'NONE',  ( -10.98966187822720600, -2.929963427249693300, -0.4767932489451485700 ) ) ;
#2361 = CYLINDRICAL_SURFACE ( 'NONE', #567, 11.50000000000000000 ) ;
#2362 = CARTESIAN_POINT ( 'NONE',  ( 11.97716594857773100, -4.984036849272102100, -0.4760820234339754900 ) ) ;
#2363 = CARTESIAN_POINT ( 'NONE',  ( -8.594095158866988300, -8.721509503493891200, -3.172119687036770100 ) ) ;
#2364 = LINE ( 'NONE', #6504, #5523 ) ;
#2365 = AXIS2_PLACEMENT_3D ( 'NONE', #3630, #6592, #7908 ) ;
#2366 = CARTESIAN_POINT ( 'NONE',  ( -11.35760956975053300, -1.795138888888889300, 0.4708333333333341000 ) ) ;
#2367 = CARTESIAN_POINT ( 'NONE',  ( 8.988044143389004100, -0.9563093291541621100, -0.4637482900136813400 ) ) ;
#2368 = CARTESIAN_POINT ( 'NONE',  ( 8.410493916021950500, -8.716442353297148700, -3.503050691612291400 ) ) ;
#2369 = CIRCLE ( 'NONE', #2050, 0.1375000000000000400 ) ;
#2370 = FACE_OUTER_BOUND ( 'NONE', #3703, .T. ) ;
#2371 = CARTESIAN_POINT ( 'NONE',  ( 11.85315241706703800, -3.293409825023176300E-017, 0.4708333333333341600 ) ) ;
#2372 = CARTESIAN_POINT ( 'NONE',  ( -10.85800004235543500, -8.416666666666671400, -0.3333333333333339300 ) ) ;
#2373 = DIRECTION ( 'NONE',  ( 0.0000000000000000000, 0.0000000000000000000, 1.000000000000000000 ) ) ;
#2374 = AXIS2_PLACEMENT_3D ( 'NONE', #388, #5929, #5903 ) ;
#2375 = CARTESIAN_POINT ( 'NONE',  ( 8.742896670297518800, -0.8041666666666664700, -2.656250000000098100 ) ) ;
#2376 = VERTEX_POINT ( 'NONE', #1778 ) ;
#2377 = CARTESIAN_POINT ( 'NONE',  ( 10.99360784942526500, -8.715284466839349900, -0.3844606080514061900 ) ) ;
#2378 = CARTESIAN_POINT ( 'NONE',  ( -11.08187506133675400, -1.787376791578729300, 0.4727745973051444800 ) ) ;
#2379 = VECTOR ( 'NONE', #5018, 1000.000000000000000 ) ;
#2380 = EDGE_CURVE ( 'NONE', #5207, #4012, #2148, .T. ) ;
#2381 = TOROIDAL_SURFACE ( 'NONE', #5616, 11.86249999999999900, 0.1375000000000000100 ) ;
#2382 = CARTESIAN_POINT ( 'NONE',  ( -8.611334613699364500, -0.8041666666666668100, 2.616279069767447400 ) ) ;
#2383 = ORIENTED_EDGE ( 'NONE', *, *, #6608, .F. ) ;
#2384 = CARTESIAN_POINT ( 'NONE',  ( -10.51182419603454600, -8.285609833563633200, 3.000000000000000900 ) ) ;
#2385 = CARTESIAN_POINT ( 'NONE',  ( -10.60163704257909800, -8.629375094579206300, -2.933589251189315600 ) ) ;
#2386 = CARTESIAN_POINT ( 'NONE',  ( -11.85315241706704200, -2.561111111111112200, 0.4708333333333341600 ) ) ;
#2387 = EDGE_LOOP ( 'NONE', ( #5505, #2683, #6508, #3466 ) ) ;
#2388 = EDGE_CURVE ( 'NONE', #7298, #6044, #153, .T. ) ;
#2389 = AXIS2_PLACEMENT_3D ( 'NONE', #5710, #7604, #6983 ) ;
#2390 = ORIENTED_EDGE ( 'NONE', *, *, #5721, .F. ) ;
#2391 = CARTESIAN_POINT ( 'NONE',  ( 10.65242627171144100, -0.8041666666666664700, -2.743887311703625100 ) ) ;
#2392 = CARTESIAN_POINT ( 'NONE',  ( 0.0000000000000000000, -8.513508640916521500, 0.0000000000000000000 ) ) ;
#2393 = DIRECTION ( 'NONE',  ( 0.0000000000000000000, -1.204669080539449300E-016, -1.000000000000000000 ) ) ;
#2394 = EDGE_LOOP ( 'NONE', ( #4251, #4695, #1764, #5888 ) ) ;
#2395 = CARTESIAN_POINT ( 'NONE',  ( 8.611334613699364500, -0.6666666666666668500, 2.616279069767447800 ) ) ;
#2396 = ORIENTED_EDGE ( 'NONE', *, *, #7142, .T. ) ;
#2397 = CARTESIAN_POINT ( 'NONE',  ( 10.61118938525953000, -1.010416666666666500, -2.898734177215196400 ) ) ;
#2398 = EDGE_CURVE ( 'NONE', #6036, #2419, #3450, .T. ) ;
#2399 = DIRECTION ( 'NONE',  ( -0.0000000000000000000, 1.000000000000000000, -0.0000000000000000000 ) ) ;
#2400 = CARTESIAN_POINT ( 'NONE',  ( -10.85229110474936600, -1.657638888888889300, 0.3333333333333342000 ) ) ;
#2401 = CARTESIAN_POINT ( 'NONE',  ( 11.24081407374947300, -6.302240401260161400, 2.895463743170940700 ) ) ;
#2402 = ORIENTED_EDGE ( 'NONE', *, *, #2209, .F. ) ;
#2403 = CARTESIAN_POINT ( 'NONE',  ( 10.99078781537789400, -2.934809849114415700, -0.4767433237175676700 ) ) ;
#2404 = CARTESIAN_POINT ( 'NONE',  ( -10.17458707870851100, -8.673617379884035500E-016, 3.804166666666661400 ) ) ;
#2405 = CARTESIAN_POINT ( 'NONE',  ( -10.72435992036539300, -3.052083333333333500, -2.871587523513333500 ) ) ;
#2406 = VERTEX_POINT ( 'NONE', #1192 ) ;
#2407 = DIRECTION ( 'NONE',  ( 0.0000000000000000000, 0.0000000000000000000, -1.000000000000000000 ) ) ;
#2408 = ORIENTED_EDGE ( 'NONE', *, *, #5514, .T. ) ;
#2409 = DIRECTION ( 'NONE',  ( 0.0000000000000000000, 0.0000000000000000000, -1.000000000000000000 ) ) ;
#2410 = CARTESIAN_POINT ( 'NONE',  ( 9.125361484468557500, 2.000000000000000000, 0.4708333333333342700 ) ) ;
#2411 = EDGE_CURVE ( 'NONE', #2406, #7793, #1583, .T. ) ;
#2412 = EDGE_CURVE ( 'NONE', #172, #3510, #913, .T. ) ;
#2413 = AXIS2_PLACEMENT_3D ( 'NONE', #3792, #2483, #2511 ) ;
#2414 = CARTESIAN_POINT ( 'NONE',  ( 10.51182419603454200, -8.285609833563626100, -3.000000000000009800 ) ) ;
#2415 = CARTESIAN_POINT ( 'NONE',  ( -11.00614438190805600, -8.359398239012122600, -0.4766398870015676700 ) ) ;
#2416 = LINE ( 'NONE', #3008, #3403 ) ;
#2417 =( BOUNDED_SURFACE ( )  B_SPLINE_SURFACE ( 3, 2, ( 
 ( #5364, #6566, #4137 ),
 ( #4806, #1672, #1129 ),
 ( #1743, #2983, #469 ),
 ( #518, #3623, #2362 ) ),
 .UNSPECIFIED., .F., .F., .F. ) 
 B_SPLINE_SURFACE_WITH_KNOTS ( ( 4, 4 ),
 ( 3, 3 ),
 ( -1.355252715606880500E-020, 5.753805055549390400E-005 ),
 ( 0.0000000000000000000, 1.000000000000000000 ),
 .UNSPECIFIED. ) 
 GEOMETRIC_REPRESENTATION_ITEM ( )  RATIONAL_B_SPLINE_SURFACE ( (
 ( 1.000000000000000000, 0.6929318499302026300, 1.000000000000000000),
 ( 1.000000000000000000, 0.6929326307969695400, 1.000000000000000000),
 ( 1.000000000000000000, 0.6931150983388324500, 1.000000000000000000),
 ( 1.000000000000000000, 0.6934795268639774000, 1.000000000000000000) ) ) 
 REPRESENTATION_ITEM ( '' )  SURFACE ( )  );
#2418 = EDGE_LOOP ( 'NONE', ( #6132, #7824, #7872, #4648 ) ) ;
#2419 = VERTEX_POINT ( 'NONE', #3616 ) ;
#2420 = DIRECTION ( 'NONE',  ( -0.9704489199249684000, 0.0000000000000000000, -0.2413066385669123400 ) ) ;
#2421 = CARTESIAN_POINT ( 'NONE',  ( 8.677557259966651100, 2.000000000000001300, -2.862500000000004700 ) ) ;
#2422 = DIRECTION ( 'NONE',  ( 0.9980554588870034200, 0.0000000000000000000, -0.06233218258534672900 ) ) ;
#2423 = VECTOR ( 'NONE', #6045, 1000.000000000000000 ) ;
#2424 = ORIENTED_EDGE ( 'NONE', *, *, #5437, .T. ) ;
#2425 = CIRCLE ( 'NONE', #7779, 0.1374999999999994000 ) ;
#2426 = ORIENTED_EDGE ( 'NONE', *, *, #534, .T. ) ;
#2427 = CARTESIAN_POINT ( 'NONE',  ( 11.85042255390516200, -4.927621774756282500, 0.3333333333333339300 ) ) ;
#2428 = DIRECTION ( 'NONE',  ( -0.0000000000000000000, 1.000000000000000000, -0.0000000000000000000 ) ) ;
#2429 = DIRECTION ( 'NONE',  ( 0.0000000000000000000, -1.000000000000000000, 0.0000000000000000000 ) ) ;
#2430 = ORIENTED_EDGE ( 'NONE', *, *, #7860, .F. ) ;
#2431 = CARTESIAN_POINT ( 'NONE',  ( -10.98966187822720600, -2.914583333333333700, -0.4767932489451486300 ) ) ;
#2432 = DIRECTION ( 'NONE',  ( -0.0000000000000000000, 1.000000000000000000, -0.0000000000000000000 ) ) ;
#2433 = FACE_OUTER_BOUND ( 'NONE', #5071, .T. ) ;
#2434 = DIRECTION ( 'NONE',  ( -5.046468293750709800E-014, 0.0000000000000000000, -1.000000000000000000 ) ) ;
#2435 = DIRECTION ( 'NONE',  ( 0.0000000000000000000, 1.186541365237214300E-016, -1.000000000000000000 ) ) ;
#2436 = DIRECTION ( 'NONE',  ( -0.0000000000000000000, 1.000000000000000000, -0.0000000000000000000 ) ) ;
#2437 = VERTEX_POINT ( 'NONE', #7935 ) ;
#2438 = EDGE_LOOP ( 'NONE', ( #6223, #3780, #7529, #6909 ) ) ;
#2439 = CARTESIAN_POINT ( 'NONE',  ( -10.58352587923466200, -1.010416666666667400, 3.000000000000004000 ) ) ;
#2440 = AXIS2_PLACEMENT_3D ( 'NONE', #4904, #695, #1222 ) ;
#2441 = CIRCLE ( 'NONE', #1431, 0.1375000000000000400 ) ;
#2442 = CARTESIAN_POINT ( 'NONE',  ( 0.0000000000000000000, 0.0000000000000000000, 0.0000000000000000000 ) ) ;
#2443 = CARTESIAN_POINT ( 'NONE',  ( 8.742896670297549000, -0.6666666666666669600, 2.656250000000005800 ) ) ;
#2444 = CARTESIAN_POINT ( 'NONE',  ( -9.125361484468557500, -8.416666666666671400, 0.3333333333333337000 ) ) ;
#2445 = LINE ( 'NONE', #3354, #914 ) ;
#2446 = ORIENTED_EDGE ( 'NONE', *, *, #6106, .T. ) ;
#2447 = DIRECTION ( 'NONE',  ( 1.000000000000000000, 0.0000000000000000000, 0.0000000000000000000 ) ) ;
#2448 = DIRECTION ( 'NONE',  ( -0.2764795722261366200, -0.9610197948750340800, -0.0000000000000000000 ) ) ;
#2449 = CARTESIAN_POINT ( 'NONE',  ( 10.61776123379386400, -0.9005523078308677000, 2.874852077432087100 ) ) ;
#2450 = AXIS2_PLACEMENT_3D ( 'NONE', #6963, #3258, #5868 ) ;
#2451 = FACE_OUTER_BOUND ( 'NONE', #3362, .T. ) ;
#2452 = EDGE_CURVE ( 'NONE', #4840, #5151, #5685, .T. ) ;
#2453 = ORIENTED_EDGE ( 'NONE', *, *, #2313, .T. ) ;
#2454 = DIRECTION ( 'NONE',  ( 0.0000000000000000000, -1.000000000000000000, 0.0000000000000000000 ) ) ;
#2455 = DIRECTION ( 'NONE',  ( 0.0000000000000000000, 0.0000000000000000000, 1.000000000000000000 ) ) ;
#2456 = DIRECTION ( 'NONE',  ( 0.0000000000000000000, 0.0000000000000000000, 1.000000000000000000 ) ) ;
#2457 = CARTESIAN_POINT ( 'NONE',  ( -10.72585223886661300, -1.795138888888889300, 2.862500000000005600 ) ) ;
#2458 = DIRECTION ( 'NONE',  ( 1.000000000000000000, 0.0000000000000000000, -1.224646799147353200E-016 ) ) ;
#2459 = CARTESIAN_POINT ( 'NONE',  ( 0.0000000000000000000, 2.000000000000000000, 0.0000000000000000000 ) ) ;
#2460 = CARTESIAN_POINT ( 'NONE',  ( -10.17458707870851100, -1.558674806385066000E-016, 3.666666666666664300 ) ) ;
#2461 = LINE ( 'NONE', #1397, #453 ) ;
#2462 = EDGE_CURVE ( 'NONE', #5598, #7610, #4087, .T. ) ;
#2463 = AXIS2_PLACEMENT_3D ( 'NONE', #3850, #3173, #186 ) ;
#2464 = CARTESIAN_POINT ( 'NONE',  ( 8.975257740366307900, -0.6666666666656563300, -0.6668946648423052000 ) ) ;
#2465 = DIRECTION ( 'NONE',  ( 0.0000000000000000000, 0.0000000000000000000, -1.000000000000000000 ) ) ;
#2466 = LINE ( 'NONE', #2325, #928 ) ;
#2467 = CARTESIAN_POINT ( 'NONE',  ( -10.60839925008270000, -8.513508640916526800, 2.908928557191595500 ) ) ;
#2468 = CARTESIAN_POINT ( 'NONE',  ( 10.99923463338895500, -8.722271572517479800, -0.1534656487497753900 ) ) ;
#2469 = VERTEX_POINT ( 'NONE', #639 ) ;
#2470 = LINE ( 'NONE', #2864, #2286 ) ;
#2471 = AXIS2_PLACEMENT_3D ( 'NONE', #6432, #5842, #4166 ) ;
#2472 = B_SPLINE_CURVE_WITH_KNOTS ( 'NONE', 3,
 ( #874, #3842, #1454, #2053 ),
 .UNSPECIFIED., .F., .F.,
 ( 4, 4 ),
 ( 8.673617379884035500E-019, 5.753805055549516400E-005 ),
 .UNSPECIFIED. ) ;
#2473 = CARTESIAN_POINT ( 'NONE',  ( 0.0000000000000000000, -2.914583333333333700, 0.0000000000000000000 ) ) ;
#2474 = VERTEX_POINT ( 'NONE', #7281 ) ;
#2475 = EDGE_CURVE ( 'NONE', #5151, #6420, #2638, .T. ) ;
#2476 = CARTESIAN_POINT ( 'NONE',  ( 10.85243732413854500, -8.462547746406842800, -0.3309729956284566700 ) ) ;
#2477 = DIRECTION ( 'NONE',  ( -0.9610304717866028400, -0.2764424574800686800, 0.0000000000000000000 ) ) ;
#2478 = ADVANCED_FACE ( 'NONE', ( #5898 ), #2176, .T. ) ;
#2479 = ORIENTED_EDGE ( 'NONE', *, *, #2973, .T. ) ;
#2480 = CARTESIAN_POINT ( 'NONE',  ( 8.988044136429820700, -0.9558926114427028800, 0.4637484248999867400 ) ) ;
#2481 = AXIS2_PLACEMENT_3D ( 'NONE', #1896, #6792, #4313 ) ;
#2482 = CARTESIAN_POINT ( 'NONE',  ( 8.307961375826336000, -8.673617379884035500E-016, 3.804166666666661400 ) ) ;
#2483 = DIRECTION ( 'NONE',  ( -0.0000000000000000000, 1.000000000000000000, -0.0000000000000000000 ) ) ;
#2484 = EDGE_LOOP ( 'NONE', ( #7899, #48, #30, #3073 ) ) ;
#2485 = ORIENTED_EDGE ( 'NONE', *, *, #3599, .F. ) ;
#2486 = CARTESIAN_POINT ( 'NONE',  ( 0.0000000000000000000, 0.5403851024289089100, 0.0000000000000000000 ) ) ;
#2487 = ORIENTED_EDGE ( 'NONE', *, *, #3770, .T. ) ;
#2488 = CARTESIAN_POINT ( 'NONE',  ( 10.51074975370300100, -1.803501783682838200, 3.000000000000005800 ) ) ;
#2489 = CARTESIAN_POINT ( 'NONE',  ( 8.979235009445291700, -0.8041668014548732900, -0.6133674483738469400 ) ) ;
#2490 = CARTESIAN_POINT ( 'NONE',  ( -11.51195031260993500, -3.189583333333333700, -2.862500000000007400 ) ) ;
#2491 = VERTEX_POINT ( 'NONE', #6755 ) ;
#2492 = CARTESIAN_POINT ( 'NONE',  ( -10.44912304043152500, -8.643465581800022300, -3.075919392550889900 ) ) ;
#2493 = CARTESIAN_POINT ( 'NONE',  ( -11.85315241706704000, -3.052083333333333900, -0.4708333333333340500 ) ) ;
#2494 = EDGE_CURVE ( 'NONE', #269, #1938, #3426, .T. ) ;
#2495 = VERTEX_POINT ( 'NONE', #2538 ) ;
#2496 = EDGE_CURVE ( 'NONE', #4978, #952, #2741, .T. ) ;
#2497 = DIRECTION ( 'NONE',  ( 0.0000000000000000000, 0.0000000000000000000, -1.000000000000000000 ) ) ;
#2498 = CARTESIAN_POINT ( 'NONE',  ( -11.84512056720710200, -4.946053714713293000, -0.3333333333333340900 ) ) ;
#2499 = EDGE_LOOP ( 'NONE', ( #3560, #2581, #2081, #1059 ) ) ;
#2500 = CARTESIAN_POINT ( 'NONE',  ( 10.99604904946702400, -8.484002524078430700, 0.3264637191209118200 ) ) ;
#2501 = VERTEX_POINT ( 'NONE', #1294 ) ;
#2502 = DIRECTION ( 'NONE',  ( 0.0000000000000000000, 1.000000000000000000, -4.196911635427758100E-017 ) ) ;
#2503 = CARTESIAN_POINT ( 'NONE',  ( -11.85315241706703800, -4.908258363060234300, 0.3333333333333339800 ) ) ;
#2504 = EDGE_CURVE ( 'NONE', #5259, #3087, #1472, .T. ) ;
#2505 = AXIS2_PLACEMENT_3D ( 'NONE', #2610, #1314, #7458 ) ;
#2506 = CARTESIAN_POINT ( 'NONE',  ( -9.137504340084124300, -8.750059630710142100, 0.08674518512370312000 ) ) ;
#2507 = ORIENTED_EDGE ( 'NONE', *, *, #1580, .F. ) ;
#2508 = DIRECTION ( 'NONE',  ( 1.000000000000000000, 0.0000000000000000000, 0.0000000000000000000 ) ) ;
#2509 = CARTESIAN_POINT ( 'NONE',  ( 10.17458707870851100, -8.416666666666669600, 3.666666666666674100 ) ) ;
#2510 = DIRECTION ( 'NONE',  ( 0.0000000000000000000, 0.0000000000000000000, 1.000000000000000000 ) ) ;
#2511 = DIRECTION ( 'NONE',  ( 0.0000000000000000000, 0.0000000000000000000, 1.000000000000000000 ) ) ;
#2512 = VERTEX_POINT ( 'NONE', #4411 ) ;
#2513 = FACE_OUTER_BOUND ( 'NONE', #6600, .T. ) ;
#2514 =( BOUNDED_SURFACE ( )  B_SPLINE_SURFACE ( 3, 2, ( 
 ( #4380, #5650, #7542 ),
 ( #3218, #798, #146 ),
 ( #1996, #6281, #1398 ),
 ( #3243, #4440, #2023 ) ),
 .UNSPECIFIED., .F., .F., .F. ) 
 B_SPLINE_SURFACE_WITH_KNOTS ( ( 4, 4 ),
 ( 3, 3 ),
 ( 0.0000000000000000000, 9.774886487599315600E-005 ),
 ( 0.0000000000000000000, 1.000000000000000000 ),
 .UNSPECIFIED. ) 
 GEOMETRIC_REPRESENTATION_ITEM ( )  RATIONAL_B_SPLINE_SURFACE ( (
 ( 1.000000000000000000, 0.7933454013390665000, 1.000000000000000000),
 ( 1.000000000000000000, 0.7918271982286420000, 1.000000000000000000),
 ( 1.000000000000000000, 0.7920774126379710500, 1.000000000000000000),
 ( 1.000000000000000000, 0.7942172611763100900, 1.000000000000000000) ) ) 
 REPRESENTATION_ITEM ( '' )  SURFACE ( )  );
#2515 = VERTEX_POINT ( 'NONE', #3219 ) ;
#2516 = CARTESIAN_POINT ( 'NONE',  ( -10.85229110474936400, -2.914583333333333700, -0.3333333333333341500 ) ) ;
#2517 = CALENDAR_DATE ( 2023, 28, 6 ) ;
#2518 = ADVANCED_FACE ( 'NONE', ( #4183 ), #770, .F. ) ;
#2519 = CARTESIAN_POINT ( 'NONE',  ( 8.546978422949370800, -1.010416666666666500, -2.819425444596449300 ) ) ;
#2520 = CARTESIAN_POINT ( 'NONE',  ( 8.988044143389004100, -1.010416666666666500, -0.4637482900136812300 ) ) ;
#2521 = CARTESIAN_POINT ( 'NONE',  ( -10.17458707870851100, 0.0000000000000000000, -3.666666666666666100 ) ) ;
#2522 = ORIENTED_EDGE ( 'NONE', *, *, #5820, .F. ) ;
#2523 = EDGE_CURVE ( 'NONE', #7212, #6455, #4268, .T. ) ;
#2524 = AXIS2_PLACEMENT_3D ( 'NONE', #7400, #649, #5539 ) ;
#2525 = CARTESIAN_POINT ( 'NONE',  ( -10.24839028271582800, -8.702300284139987200, -3.523223793319251000 ) ) ;
#2526 = CARTESIAN_POINT ( 'NONE',  ( -11.00000000000000000, -10.00000000000000200, 0.0000000000000000000 ) ) ;
#2527 = FACE_OUTER_BOUND ( 'NONE', #508, .T. ) ;
#2528 = B_SPLINE_CURVE_WITH_KNOTS ( 'NONE', 3,
 ( #4707, #5348, #1650, #2187, #6471, #4037 ),
 .UNSPECIFIED., .F., .F.,
 ( 4, 2, 4 ),
 ( 0.0000000000000000000, 0.0001600242264610378700, 0.0003200484529220759000 ),
 .UNSPECIFIED. ) ;
#2529 = CARTESIAN_POINT ( 'NONE',  ( -8.994773041237705200, -0.9213168231242926400, -0.3333335525886236300 ) ) ;
#2530 = VERTEX_POINT ( 'NONE', #1973 ) ;
#2531 = CARTESIAN_POINT ( 'NONE',  ( 8.988044143389004100, -1.010416666666666500, 0.4637482900136808400 ) ) ;
#2532 = DIRECTION ( 'NONE',  ( 0.0000000000000000000, 0.0000000000000000000, 1.000000000000000000 ) ) ;
#2533 = ORIENTED_EDGE ( 'NONE', *, *, #5657, .T. ) ;
#2534 = FACE_OUTER_BOUND ( 'NONE', #1737, .T. ) ;
#2535 = CARTESIAN_POINT ( 'NONE',  ( -11.84512056720710400, -4.946053714713291200, -0.3333333333333340900 ) ) ;
#2536 = ORIENTED_EDGE ( 'NONE', *, *, #6003, .F. ) ;
#2537 = CARTESIAN_POINT ( 'NONE',  ( -10.85272318776254400, -8.485227356401081200, 0.3262062889250501600 ) ) ;
#2538 = CARTESIAN_POINT ( 'NONE',  ( 0.0000000000000000000, 2.000000000000000000, 0.0000000000000000000 ) ) ;
#2539 = CYLINDRICAL_SURFACE ( 'NONE', #5233, 11.00000000000000000 ) ;
#2540 = CARTESIAN_POINT ( 'NONE',  ( 10.49018979559426300, -8.896397567563813200, -3.312073943420719100 ) ) ;
#2541 = DIRECTION ( 'NONE',  ( 1.000000000000000000, 1.261617073437677500E-014, 0.0000000000000000000 ) ) ;
#2542 = ORIENTED_EDGE ( 'NONE', *, *, #1032, .F. ) ;
#2543 = CARTESIAN_POINT ( 'NONE',  ( 0.0000000000000000000, -9.790000000000002700, 9.000000000000000000 ) ) ;
#2544 = FACE_OUTER_BOUND ( 'NONE', #7452, .T. ) ;
#2545 = EDGE_CURVE ( 'NONE', #2733, #1408, #6843, .T. ) ;
#2546 = CARTESIAN_POINT ( 'NONE',  ( -11.51195031260993300, -2.082367656444743500E-015, 2.862500000000006000 ) ) ;
#2547 = CIRCLE ( 'NONE', #3679, 0.1375000000000001200 ) ;
#2548 = CARTESIAN_POINT ( 'NONE',  ( 8.987012303436003400, -0.7078083627916445000, -0.4915736297071902600 ) ) ;
#2549 = ORIENTED_EDGE ( 'NONE', *, *, #777, .T. ) ;
#2550 = DIRECTION ( 'NONE',  ( 0.2839945616901003400, 0.9588258908323492600, -0.0000000000000000000 ) ) ;
#2551 = CARTESIAN_POINT ( 'NONE',  ( 10.85366388068716000, -8.559860379477710200, -0.3105202285613483100 ) ) ;
#2552 = CARTESIAN_POINT ( 'NONE',  ( 11.12754340464337400, -3.189583333333333700, -0.3333333333333341500 ) ) ;
#2553 = LINE ( 'NONE', #2882, #2852 ) ;
#2554 = CARTESIAN_POINT ( 'NONE',  ( -10.98870481490176600, -0.9019055365749865100, 0.4998661468598002400 ) ) ;
#2555 = CARTESIAN_POINT ( 'NONE',  ( -11.35274073614922900, -3.293409825023176300E-017, 0.4708333333333341600 ) ) ;
#2556 = CARTESIAN_POINT ( 'NONE',  ( -11.99054406784442300, -4.889079012875070500, 0.4762908324552166400 ) ) ;
#2557 = EDGE_CURVE ( 'NONE', #4548, #2153, #2165, .T. ) ;
#2558 = AXIS2_PLACEMENT_3D ( 'NONE', #2404, #6678, #7285 ) ;
#2559 = ADVANCED_FACE ( 'NONE', ( #2260 ), #4657, .T. ) ;
#2560 = FACE_OUTER_BOUND ( 'NONE', #3293, .T. ) ;
#2561 = CARTESIAN_POINT ( 'NONE',  ( -11.85315241706703800, -4.889079012875070500, 0.3333333333333339800 ) ) ;
#2562 =( BOUNDED_SURFACE ( )  B_SPLINE_SURFACE ( 3, 2, ( 
 ( #1982, #4504, #760 ),
 ( #832, #1437, #3233 ),
 ( #3310, #7580, #4530 ),
 ( #1465, #6372, #129 ) ),
 .UNSPECIFIED., .F., .F., .F. ) 
 B_SPLINE_SURFACE_WITH_KNOTS ( ( 4, 4 ),
 ( 3, 3 ),
 ( 0.0000000000000000000, 0.0001338827292255064400 ),
 ( 0.0000000000000000000, 1.000000000000000000 ),
 .UNSPECIFIED. ) 
 GEOMETRIC_REPRESENTATION_ITEM ( )  RATIONAL_B_SPLINE_SURFACE ( (
 ( 1.000000000000000000, 0.7913662164498399500, 1.000000000000000000),
 ( 1.000000000000000000, 0.7926971983875011900, 1.000000000000000000),
 ( 1.000000000000000000, 0.7936489068735845800, 1.000000000000000000),
 ( 1.000000000000000000, 0.7942172611763421700, 1.000000000000000000) ) ) 
 REPRESENTATION_ITEM ( '' )  SURFACE ( )  );
#2563 = CARTESIAN_POINT ( 'NONE',  ( -8.988044143389004100, -8.416666666666671400, -0.4637482900136804000 ) ) ;
#2564 = CARTESIAN_POINT ( 'NONE',  ( 10.99009943064561600, -8.513508640916521500, -0.4665988689687435900 ) ) ;
#2565 = ORIENTED_EDGE ( 'NONE', *, *, #1328, .F. ) ;
#2566 = DIRECTION ( 'NONE',  ( -1.000000000000000000, 0.0000000000000000000, 0.0000000000000000000 ) ) ;
#2567 = CARTESIAN_POINT ( 'NONE',  ( -8.988044143389004100, -1.010416666666666500, -0.4637482900136811700 ) ) ;
#2568 = LINE ( 'NONE', #647, #6215 ) ;
#2569 = EDGE_CURVE ( 'NONE', #2474, #2595, #726, .T. ) ;
#2570 = VECTOR ( 'NONE', #278, 1000.000000000000000 ) ;
#2571 = EDGE_CURVE ( 'NONE', #2595, #3732, #142, .T. ) ;
#2572 = AXIS2_PLACEMENT_3D ( 'NONE', #2230, #5972, #1607 ) ;
#2573 = DIRECTION ( 'NONE',  ( 0.0000000000000000000, 1.000000000000000000, 0.0000000000000000000 ) ) ;
#2574 = CARTESIAN_POINT ( 'NONE',  ( -10.47854951794378700, -2.914583333333333700, -3.000000000000007500 ) ) ;
#2575 = ORIENTED_EDGE ( 'NONE', *, *, #2708, .T. ) ;
#2576 = CARTESIAN_POINT ( 'NONE',  ( 11.64088229691236600, -4.953065796068875300, -2.895255626311137300 ) ) ;
#2577 = CIRCLE ( 'NONE', #463, 0.1375000000000000400 ) ;
#2578 = CARTESIAN_POINT ( 'NONE',  ( -10.37279332050153100, -8.416666666666671400, -3.666666666666670500 ) ) ;
#2579 = CARTESIAN_POINT ( 'NONE',  ( -10.62078244528450100, -8.395877059978238000, -2.898217514512096700 ) ) ;
#2580 = CARTESIAN_POINT ( 'NONE',  ( 10.76336378647493000, -3.189583333333333700, -3.000000000000007500 ) ) ;
#2581 = ORIENTED_EDGE ( 'NONE', *, *, #6224, .F. ) ;
#2582 = EDGE_LOOP ( 'NONE', ( #7608, #4876, #7368, #3844 ) ) ;
#2583 = B_SPLINE_CURVE_WITH_KNOTS ( 'NONE', 3,
 ( #6857, #6291, #5015, #1444 ),
 .UNSPECIFIED., .F., .F.,
 ( 4, 4 ),
 ( 0.0000000000000000000, 0.0001338827292255141400 ),
 .UNSPECIFIED. ) ;
#2584 = CARTESIAN_POINT ( 'NONE',  ( -11.35274073614922900, -1.932638888888889200, 0.4708333333333341600 ) ) ;
#2585 = CARTESIAN_POINT ( 'NONE',  ( -9.125361484468557500, -1.010416666666666500, -0.4708333333333342700 ) ) ;
#2586 = CARTESIAN_POINT ( 'NONE',  ( -10.88442328056748900, -8.285609833563631500, -0.4708333333333339400 ) ) ;
#2587 = ORIENTED_EDGE ( 'NONE', *, *, #3327, .T. ) ;
#2588 = ORIENTED_EDGE ( 'NONE', *, *, #7448, .T. ) ;
#2589 = CARTESIAN_POINT ( 'NONE',  ( 11.12908718721875100, -2.323187524379009400, 2.897139689293394000 ) ) ;
#2590 = CARTESIAN_POINT ( 'NONE',  ( -9.128237700613965400, -8.590372842931756700, 0.2977879076665679900 ) ) ;
#2591 = ORIENTED_EDGE ( 'NONE', *, *, #706, .T. ) ;
#2592 = CARTESIAN_POINT ( 'NONE',  ( 11.02217088113246400, -8.325238983641989800, 0.3333333333333337000 ) ) ;
#2593 = CARTESIAN_POINT ( 'NONE',  ( -10.98980997409862900, -8.486814521105746000, 0.4734166228121318700 ) ) ;
#2594 = CARTESIAN_POINT ( 'NONE',  ( 12.92696701773796300, 0.5403851024289089100, 25.85393403547592700 ) ) ;
#2595 = VERTEX_POINT ( 'NONE', #7060 ) ;
#2596 = DIRECTION ( 'NONE',  ( 0.0000000000000000000, -1.000000000000000000, 0.0000000000000000000 ) ) ;
#2597 = ORIENTED_EDGE ( 'NONE', *, *, #1264, .T. ) ;
#2598 = ADVANCED_FACE ( 'NONE', ( #6474 ), #3876, .T. ) ;
#2599 = CARTESIAN_POINT ( 'NONE',  ( 10.85229126426383100, -1.729639877419881300, 0.3333333333333342000 ) ) ;
#2600 = CARTESIAN_POINT ( 'NONE',  ( 10.40656180118663200, -8.671195363566562600, -3.565392649107330200 ) ) ;
#2601 = CARTESIAN_POINT ( 'NONE',  ( -8.988044143389004100, -8.416666666666671400, -0.4637482900136808400 ) ) ;
#2602 = DIRECTION ( 'NONE',  ( -0.2854934147699818000, 0.9583806707790883900, 0.0000000000000000000 ) ) ;
#2603 = CARTESIAN_POINT ( 'NONE',  ( 10.72416737519478300, -3.052083333333333900, -2.871632384462750000 ) ) ;
#2604 = ORIENTED_EDGE ( 'NONE', *, *, #462, .T. ) ;
#2605 = AXIS2_PLACEMENT_3D ( 'NONE', #149, #1266, #7464 ) ;
#2606 = ORIENTED_EDGE ( 'NONE', *, *, #3333, .T. ) ;
#2607 = EDGE_CURVE ( 'NONE', #6318, #276, #2445, .T. ) ;
#2608 = DIRECTION ( 'NONE',  ( 0.2764795722261332900, 0.9610197948750350800, -0.0000000000000000000 ) ) ;
#2609 = DIRECTION ( 'NONE',  ( 0.0000000000000000000, -1.000000000000000000, 1.219727444046190300E-016 ) ) ;
#2610 = CARTESIAN_POINT ( 'NONE',  ( -11.85315241706703800, -4.889079012875070500, -0.4708333333333340500 ) ) ;
#2611 = FACE_OUTER_BOUND ( 'NONE', #1585, .T. ) ;
#2612 = ORIENTED_EDGE ( 'NONE', *, *, #3727, .F. ) ;
#2613 = ORIENTED_EDGE ( 'NONE', *, *, #1592, .F. ) ;
#2614 = CARTESIAN_POINT ( 'NONE',  ( -11.99054406784442700, -4.921360036111101600, -0.4762908324552167500 ) ) ;
#2615 = EDGE_CURVE ( 'NONE', #5352, #1106, #1384, .T. ) ;
#2616 = CARTESIAN_POINT ( 'NONE',  ( -11.84512056720710400, -4.946053714713291200, -0.4708333333333340500 ) ) ;
#2617 = FACE_OUTER_BOUND ( 'NONE', #7674, .T. ) ;
#2618 = ADVANCED_FACE ( 'NONE', ( #4367 ), #6778, .T. ) ;
#2619 = CARTESIAN_POINT ( 'NONE',  ( -10.85243732413854500, -8.462547746406825100, 0.3309729956284608900 ) ) ;
#2620 = CARTESIAN_POINT ( 'NONE',  ( 10.17458707870849800, -8.416666666666671400, -3.666666666666675800 ) ) ;
#2621 = CYLINDRICAL_SURFACE ( 'NONE', #3215, 0.3333333333333365300 ) ;
#2622 = ORIENTED_EDGE ( 'NONE', *, *, #5853, .T. ) ;
#2623 = ORIENTED_EDGE ( 'NONE', *, *, #5156, .F. ) ;
#2624 = CARTESIAN_POINT ( 'NONE',  ( -8.611334613699364500, -0.8041666666666668100, -2.616279069767448300 ) ) ;
#2625 = LINE ( 'NONE', #29, #3674 ) ;
#2626 = DIRECTION ( 'NONE',  ( 0.0000000000000000000, -1.000000000000000000, 0.0000000000000000000 ) ) ;
#2627 = CARTESIAN_POINT ( 'NONE',  ( 10.72585223886661200, -1.932638888888889200, 3.000000000000005800 ) ) ;
#2628 = CARTESIAN_POINT ( 'NONE',  ( 10.60159463338568700, -8.630101890864711600, -2.933743910764723400 ) ) ;
#2629 = AXIS2_PLACEMENT_3D ( 'NONE', #7537, #6943, #5698 ) ;
#2630 = CARTESIAN_POINT ( 'NONE',  ( 8.182944173180519700, -8.416666666666671400, -3.746922024623807100 ) ) ;
#2631 = CARTESIAN_POINT ( 'NONE',  ( -11.59191663377206400, -2.423611111111112500, 0.4722884771738569100 ) ) ;
#2632 = ORIENTED_EDGE ( 'NONE', *, *, #3666, .F. ) ;
#2633 = ORIENTED_EDGE ( 'NONE', *, *, #7602, .T. ) ;
#2634 = VECTOR ( 'NONE', #2902, 1000.000000000000000 ) ;
#2635 = CARTESIAN_POINT ( 'NONE',  ( -10.76336378647493000, -1.795138888888889300, 2.862500000000006900 ) ) ;
#2636 = CARTESIAN_POINT ( 'NONE',  ( -11.52490872554273900, -6.059245009825815500, 0.3333333333333338700 ) ) ;
#2637 = CARTESIAN_POINT ( 'NONE',  ( 11.18347641762684200, -2.391742561856291500, 2.884484043891458500 ) ) ;
#2638 = CIRCLE ( 'NONE', #5215, 9.137499999999999300 ) ;
#2639 = ADVANCED_FACE ( 'NONE', ( #627 ), #284, .F. ) ;
#2640 = EDGE_LOOP ( 'NONE', ( #5448, #4341, #3194, #6889 ) ) ;
#2641 = CARTESIAN_POINT ( 'NONE',  ( 10.59381187387638500, -8.390873880168898700, 3.000000000000000900 ) ) ;
#2642 = CARTESIAN_POINT ( 'NONE',  ( 8.546978422949370800, -1.010416666666667000, 2.819425444596448400 ) ) ;
#2643 = CARTESIAN_POINT ( 'NONE',  ( -8.999995726648604600, -8.887415814282110900, -0.1213016025784591900 ) ) ;
#2644 = CARTESIAN_POINT ( 'NONE',  ( -10.85229110474936600, -1.010416666666666500, -0.3333333333333342600 ) ) ;
#2645 = CARTESIAN_POINT ( 'NONE',  ( 8.207948841592347800, -8.668407211639280500, 3.693013351545897800 ) ) ;
#2646 = CARTESIAN_POINT ( 'NONE',  ( -8.677557249512634700, -8.508722729506788000, -3.000000000000004000 ) ) ;
#2647 = TOROIDAL_SURFACE ( 'NONE', #5614, 11.65625000000000000, 0.3437500000000000000 ) ;
#2648 = EDGE_CURVE ( 'NONE', #6345, #3825, #2091, .T. ) ;
#2649 = AXIS2_PLACEMENT_3D ( 'NONE', #6898, #3250, #752 ) ;
#2650 = DIRECTION ( 'NONE',  ( 1.000000000000000000, 0.0000000000000000000, 0.0000000000000000000 ) ) ;
#2651 = VECTOR ( 'NONE', #4491, 1000.000000000000000 ) ;
#2652 = CARTESIAN_POINT ( 'NONE',  ( -10.99999797261702000, -8.887453811322505000, -0.1087929082551841000 ) ) ;
#2653 = CARTESIAN_POINT ( 'NONE',  ( -10.40656180118673100, -8.671195363566560800, 3.565392649107311100 ) ) ;
#2654 = CARTESIAN_POINT ( 'NONE',  ( -11.50948427568762400, -2.354996908722602800, 0.3333333333333341500 ) ) ;
#2655 = ADVANCED_FACE ( 'NONE', ( #6278 ), #7729, .T. ) ;
#2656 = CIRCLE ( 'NONE', #5008, 0.1375000000000000400 ) ;
#2657 = CARTESIAN_POINT ( 'NONE',  ( -8.546978422949370800, -1.010416666666666500, -2.819425444596449300 ) ) ;
#2658 = DIRECTION ( 'NONE',  ( -1.000000000000000000, 0.0000000000000000000, 0.0000000000000000000 ) ) ;
#2659 = DIRECTION ( 'NONE',  ( 0.0000000000000000000, -1.000000000000000000, 1.219727444046190300E-016 ) ) ;
#2660 = CARTESIAN_POINT ( 'NONE',  ( 0.0000000000000000000, -0.8041666666666665900, 0.0000000000000000000 ) ) ;
#2661 = EDGE_CURVE ( 'NONE', #399, #4262, #7247, .T. ) ;
#2662 =( BOUNDED_SURFACE ( )  B_SPLINE_SURFACE ( 3, 2, ( 
 ( #7466, #5506, #7366 ),
 ( #13, #5530, #5557 ),
 ( #4337, #1863, #1269 ),
 ( #1889, #6178, #2056 ),
 ( #6332, #232, #7493 ),
 ( #1429, #876, #5708 ),
 ( #6925, #7546, #6868 ),
 ( #3224, #7599, #3872 ),
 ( #2646, #6955, #3301 ),
 ( #848, #3247, #5106 ) ),
 .UNSPECIFIED., .F., .F., .F. ) 
 B_SPLINE_SURFACE_WITH_KNOTS ( ( 4, 2, 2, 2, 4 ),
 ( 3, 3 ),
 ( 0.0000000000000000000, 0.0003819754468920568400, 0.0007639508937841136700, 0.001145926340676170500, 0.001527901787568227300 ),
 ( 0.0000000000000000000, 1.000000000000000000 ),
 .UNSPECIFIED. ) 
 GEOMETRIC_REPRESENTATION_ITEM ( )  RATIONAL_B_SPLINE_SURFACE ( (
 ( 1.000000000000000000, 0.8415238170731257300, 1.000000000000000000),
 ( 1.000000000000000000, 0.8419137335184345700, 1.000000000000000000),
 ( 1.000000000000000000, 0.8249860643973845300, 1.000000000000000000),
 ( 1.000000000000000000, 0.7743372000290511500, 1.000000000000000000),
 ( 1.000000000000000000, 0.7406951470622046300, 1.000000000000000000),
 ( 1.000000000000000000, 0.6753715161033008200, 1.000000000000000000),
 ( 1.000000000000000000, 0.6440173037273727600, 1.000000000000000000),
 ( 1.000000000000000000, 0.5988095229451534400, 1.000000000000000000),
 ( 1.000000000000000000, 0.5859052096206964800, 1.000000000000000000),
 ( 1.000000000000000000, 0.5859737648376219800, 1.000000000000000000) ) ) 
 REPRESENTATION_ITEM ( '' )  SURFACE ( )  );
#2663 = ORIENTED_EDGE ( 'NONE', *, *, #4212, .F. ) ;
#2664 = CIRCLE ( 'NONE', #5480, 11.00000000000000000 ) ;
#2665 = CARTESIAN_POINT ( 'NONE',  ( -11.85315241706704000, -3.189583333333334100, -0.3333333333333341500 ) ) ;
#2666 = EDGE_LOOP ( 'NONE', ( #6907, #205, #6830, #5384 ) ) ;
#2667 = DIRECTION ( 'NONE',  ( 0.0000000000000000000, 0.0000000000000000000, 1.000000000000000000 ) ) ;
#2668 = CARTESIAN_POINT ( 'NONE',  ( 10.48479789904709100, -0.8298663004894534200, -2.962169641751951000 ) ) ;
#2669 = CARTESIAN_POINT ( 'NONE',  ( 10.98966187822720600, -1.673018982805248600, 0.4767932489451485700 ) ) ;
#2670 = CARTESIAN_POINT ( 'NONE',  ( -13.00000000000000000, -8.416666666666671400, 3.000000000000000900 ) ) ;
#2671 = DIRECTION ( 'NONE',  ( 0.1216181469461616200, -0.9925769624232581000, 0.0000000000000000000 ) ) ;
#2672 = ORIENTED_EDGE ( 'NONE', *, *, #6313, .T. ) ;
#2673 = EDGE_CURVE ( 'NONE', #877, #4049, #410, .T. ) ;
#2674 = AXIS2_PLACEMENT_3D ( 'NONE', #5340, #405, #4694 ) ;
#2675 = CARTESIAN_POINT ( 'NONE',  ( -8.677557259966651100, 2.000000000000001300, -2.862500000000004700 ) ) ;
#2676 = ADVANCED_FACE ( 'NONE', ( #4851 ), #1922, .T. ) ;
#2677 = DIRECTION ( 'NONE',  ( 0.0000000000000000000, -1.000000000000000000, 1.133581677370982300E-015 ) ) ;
#2678 = CARTESIAN_POINT ( 'NONE',  ( 10.87206135139105500, -8.328578862145702600, -0.3333333333333339300 ) ) ;
#2679 = VERTEX_POINT ( 'NONE', #4104 ) ;
#2680 = CARTESIAN_POINT ( 'NONE',  ( 11.12754340464337100, -1.932638888888889200, 0.4708333333333341600 ) ) ;
#2681 = CARTESIAN_POINT ( 'NONE',  ( 8.333787802939822200, -8.595994219068133500, 3.627230944445157100 ) ) ;
#2682 = EDGE_LOOP ( 'NONE', ( #2000, #2969, #5468, #1167 ) ) ;
#2683 = ORIENTED_EDGE ( 'NONE', *, *, #2159, .F. ) ;
#2684 = CARTESIAN_POINT ( 'NONE',  ( -8.546978422949370800, -8.416666666666671400, -2.819425444596447900 ) ) ;
#2685 = CARTESIAN_POINT ( 'NONE',  ( -10.98492063570619100, -0.8262013186280751100, -0.5770744695677740800 ) ) ;
#2686 = CARTESIAN_POINT ( 'NONE',  ( 11.59704190880909500, -6.305449231632598700, -0.4762557530925590200 ) ) ;
#2687 = ORIENTED_EDGE ( 'NONE', *, *, #494, .F. ) ;
#2688 = CARTESIAN_POINT ( 'NONE',  ( 11.21269475422236000, -2.410133156852089600, 2.877755886317999900 ) ) ;
#2689 = ORIENTED_EDGE ( 'NONE', *, *, #1943, .T. ) ;
#2690 = B_SPLINE_CURVE_WITH_KNOTS ( 'NONE', 3,
 ( #3211, #6322, #1343, #7512 ),
 .UNSPECIFIED., .F., .F.,
 ( 4, 4 ),
 ( 0.0000000000000000000, 0.0001116456321104155400 ),
 .UNSPECIFIED. ) ;
#2691 = ORIENTED_EDGE ( 'NONE', *, *, #3590, .T. ) ;
#2692 = CARTESIAN_POINT ( 'NONE',  ( -8.988044143389004100, -8.416666666666671400, 0.4637482900136804500 ) ) ;
#2693 = EDGE_CURVE ( 'NONE', #780, #825, #3337, .T. ) ;
#2694 = ADVANCED_FACE ( 'NONE', ( #5418 ), #342, .F. ) ;
#2695 = CARTESIAN_POINT ( 'NONE',  ( -8.677557259966651100, -0.9187443277858206000, 3.000000000000006200 ) ) ;
#2696 = CARTESIAN_POINT ( 'NONE',  ( 10.99442124812328100, -8.432806995708313400, 0.4767489394116604700 ) ) ;
#2697 = EDGE_LOOP ( 'NONE', ( #1415, #4916, #6049, #1362 ) ) ;
#2698 = ORIENTED_EDGE ( 'NONE', *, *, #6335, .F. ) ;
#2699 = DIRECTION ( 'NONE',  ( -0.0000000000000000000, 1.000000000000000000, -0.0000000000000000000 ) ) ;
#2700 = PERSON_AND_ORGANIZATION_ROLE ( 'design_supplier' ) ;
#2701 = CARTESIAN_POINT ( 'NONE',  ( -13.00000000000000000, -8.416666666666671400, 3.666666666666674100 ) ) ;
#2702 = ORIENTED_EDGE ( 'NONE', *, *, #6353, .T. ) ;
#2703 = CARTESIAN_POINT ( 'NONE',  ( -10.60839925008269800, -8.513508640916526800, -2.908928557191599900 ) ) ;
#2704 = CARTESIAN_POINT ( 'NONE',  ( 8.742896670297549000, -0.8041666666666670300, 2.656250000000006200 ) ) ;
#2705 = CARTESIAN_POINT ( 'NONE',  ( 8.442288090483570400, -8.688936791771203300, 3.120046681733600100 ) ) ;
#2706 = CARTESIAN_POINT ( 'NONE',  ( -10.47763328963213100, -8.462636413839391000, 3.002378973459425300 ) ) ;
#2707 = FACE_OUTER_BOUND ( 'NONE', #7425, .T. ) ;
#2708 = EDGE_CURVE ( 'NONE', #4089, #6273, #7829, .T. ) ;
#2709 = AXIS2_PLACEMENT_3D ( 'NONE', #6199, #1884, #6172 ) ;
#2710 = ORIENTED_EDGE ( 'NONE', *, *, #851, .F. ) ;
#2711 = B_SPLINE_CURVE_WITH_KNOTS ( 'NONE', 3,
 ( #7184, #6605, #5406, #7803, #5338, #2976, #1665, #459, #2947, #1101, #7210, #3574, #7851, #4824, #4746, #1072 ),
 .UNSPECIFIED., .F., .F.,
 ( 4, 3, 3, 3, 3, 4 ),
 ( 0.0000000000000000000, 3.058005120545659100E-005, 7.724920421145242700E-005, 0.0001238475849797053100, 0.0001703907194737287200, 0.0002169105325182667100 ),
 .UNSPECIFIED. ) ;
#2712 = LOCAL_TIME ( 8, 14, 7.000000000000000000, #4154 ) ;
#2713 = CARTESIAN_POINT ( 'NONE',  ( 10.85366701304005800, -8.560109495033501000, 0.3104678704833202000 ) ) ;
#2714 = CLOSED_SHELL ( 'NONE', ( #4666, #4588, #5828, #1542, #2655, #5675, #3088, #6995, #3877, #4024, #2052, #1727, #1223, #1441, #1030, #636, #450, #2518, #2777, #488, #5634, #3236, #4928, #5562, #1347, #5069, #4969, #3762, #4328, #811, #2639, #4469, #7728, #5984, #7684, #3439, #182, #1613, #924, #3986, #4368, #3476, #1301, #2598, #5382, #5287, #6325, #1400, #2694, #3390, #3514, #7595, #2014, #5266, #3491, #1911, #7840, #3937, #753, #4488, #7459, #6167, #6844, #7163, #7732, #5182, #4709, #773, #7032, #6908, #7678, #3798, #1087, #5692, #1694, #1010, #1521, #1610, #796, #1385, #6583, #162, #5850, #2334, #202, #3349, #7116, #366, #1570, #1991, #5736, #4450, #4284, #7502, #3900, #328, #6761, #5145, #6806, #4585, #2295, #224, #1461, #4509, #5873, #3251, #6512, #3681, #1421, #2861, #3960, #3837, #7806, #6953, #2676, #2090, #7539, #5654, #2175, #2031, #826, #2826, #7387, #5869, #2139, #62, #2941, #3313, #6725, #3857, #2740, #7070, #1954, #7657, #4112, #1051, #669, #6931, #5086, #2179, #2478, #5223, #7520, #2756, #5103, #5311, #1261, #3214, #19, #6251, #7121, #5711, #4405, #2559, #3270, #7634, #5349, #1015, #5778, #3551, #1524, #7560, #965, #5948, #2215, #4788, #886, #5522, #6207, #5821, #6286, #1563, #4749, #3170, #6548, #7575, #3980, #1868, #5332, #1484, #2903, #3292, #6478, #5051, #3717, #4143, #373, #243, #3434, #7199, #5007, #2257, #324, #3132, #6472, #1651, #2618, #4542, #5931, #4028, #5126, #7239, #2221, #6304, #6888, #6129, #5597, #7767, #713, #5270, #281, #100, #143, #6384, #6448, #4079, #4624, #846, #407, #2131, #6428, #6344, #2819, #7418, #5913, #4072 ) ) ;
#2715 = CARTESIAN_POINT ( 'NONE',  ( -10.98202886665876800, -0.8041666666658468000, -0.6309122887320183200 ) ) ;
#2716 = CARTESIAN_POINT ( 'NONE',  ( 11.69841093490492900, -5.953073348933271400, -0.4762078918495477000 ) ) ;
#2717 = DIRECTION ( 'NONE',  ( 0.0000000000000000000, 7.274646834741446500E-016, -1.000000000000000000 ) ) ;
#2718 = VECTOR ( 'NONE', #5773, 1000.000000000000000 ) ;
#2719 = EDGE_CURVE ( 'NONE', #4988, #4978, #4559, .T. ) ;
#2720 = EDGE_LOOP ( 'NONE', ( #3469, #1372, #541, #681 ) ) ;
#2721 = EDGE_CURVE ( 'NONE', #4419, #7001, #4615, .T. ) ;
#2722 = AXIS2_PLACEMENT_3D ( 'NONE', #6637, #1719, #4210 ) ;
#2723 = DIRECTION ( 'NONE',  ( -0.0000000000000000000, 1.000000000000000000, -0.0000000000000000000 ) ) ;
#2724 = VERTEX_POINT ( 'NONE', #761 ) ;
#2725 = CARTESIAN_POINT ( 'NONE',  ( -10.47854951794378700, -2.914583333333333700, -2.862500000000007400 ) ) ;
#2726 = B_SPLINE_CURVE_WITH_KNOTS ( 'NONE', 3,
 ( #4789, #2344, #1088, #6056 ),
 .UNSPECIFIED., .F., .F.,
 ( 4, 4 ),
 ( 0.0000000000000000000, 6.947295919943174400E-005 ),
 .UNSPECIFIED. ) ;
#2727 = FACE_OUTER_BOUND ( 'NONE', #3366, .T. ) ;
#2728 = CARTESIAN_POINT ( 'NONE',  ( 10.99602200798088500, -1.932638888888889200, 2.862500000000005600 ) ) ;
#2729 = ORIENTED_EDGE ( 'NONE', *, *, #5241, .F. ) ;
#2730 = CARTESIAN_POINT ( 'NONE',  ( -11.85315241706704000, -2.423611111111112000, 0.4708333333333341000 ) ) ;
#2731 = CIRCLE ( 'NONE', #5525, 0.1375000000000000400 ) ;
#2732 = CARTESIAN_POINT ( 'NONE',  ( 9.125361484468557500, -0.9195958839562122800, -0.3333333333333347000 ) ) ;
#2733 = VERTEX_POINT ( 'NONE', #5611 ) ;
#2734 = CARTESIAN_POINT ( 'NONE',  ( 8.994773050389000000, -8.416666666666671400, -0.3333333333333355400 ) ) ;
#2735 = LINE ( 'NONE', #1307, #1480 ) ;
#2736 = AXIS2_PLACEMENT_3D ( 'NONE', #2375, #4853, #4257 ) ;
#2737 = CARTESIAN_POINT ( 'NONE',  ( -11.12908718079473600, -2.286111111111111900, 2.897139713971402600 ) ) ;
#2738 = CARTESIAN_POINT ( 'NONE',  ( 11.63191935903348700, -4.984036849272101200, -2.894410177868525400 ) ) ;
#2739 = DIRECTION ( 'NONE',  ( 1.000000000000000000, -1.261617073437677500E-014, 0.0000000000000000000 ) ) ;
#2740 = ADVANCED_FACE ( 'NONE', ( #5502 ), #7385, .T. ) ;
#2741 = CIRCLE ( 'NONE', #1683, 12.00000000000000000 ) ;
#2742 = ORIENTED_EDGE ( 'NONE', *, *, #5949, .T. ) ;
#2743 = CARTESIAN_POINT ( 'NONE',  ( 10.85615914094381700, -8.627381182205306600, -0.2693444911367666700 ) ) ;
#2744 = CARTESIAN_POINT ( 'NONE',  ( -8.611334613699364500, -0.8041666666666664700, -2.616279069767447800 ) ) ;
#2745 = CARTESIAN_POINT ( 'NONE',  ( 11.01644946929642500, -8.323592968122440500, -0.4765444609626243200 ) ) ;
#2746 = CARTESIAN_POINT ( 'NONE',  ( -10.98981137004388800, -8.486943335504435000, 0.4733837432270568400 ) ) ;
#2747 = CC_DESIGN_DATE_AND_TIME_ASSIGNMENT ( #218, #3826, ( #2071 ) ) ;
#2748 = CIRCLE ( 'NONE', #2921, 12.00000000000000000 ) ;
#2749 = CARTESIAN_POINT ( 'NONE',  ( 10.48990829323166600, -8.372216940414711300, 3.000000000000000900 ) ) ;
#2750 = DIRECTION ( 'NONE',  ( -0.0000000000000000000, 1.000000000000000000, -0.0000000000000000000 ) ) ;
#2751 = CARTESIAN_POINT ( 'NONE',  ( -8.578843982542800000, -0.8258354120175815900, -2.721213165604377900 ) ) ;
#2752 = CARTESIAN_POINT ( 'NONE',  ( -10.98494319665493500, -0.8264471811812909000, 0.5766394659532730900 ) ) ;
#2753 = VECTOR ( 'NONE', #2898, 1000.000000000000000 ) ;
#2754 = EDGE_CURVE ( 'NONE', #4545, #6939, #2823, .T. ) ;
#2755 = DIRECTION ( 'NONE',  ( 0.0000000000000000000, 1.000000000000000000, -4.196911635427758100E-017 ) ) ;
#2756 = ADVANCED_FACE ( 'NONE', ( #5036 ), #5225, .T. ) ;
#2757 = AXIS2_PLACEMENT_3D ( 'NONE', #3419, #6481, #3443 ) ;
#2758 = ORIENTED_EDGE ( 'NONE', *, *, #7860, .T. ) ;
#2759 = CARTESIAN_POINT ( 'NONE',  ( 11.85315241706704000, -2.561111111111112200, 0.4708333333333341600 ) ) ;
#2760 = EDGE_CURVE ( 'NONE', #1897, #5276, #817, .T. ) ;
#2761 = CARTESIAN_POINT ( 'NONE',  ( -10.98966187822720600, -1.010416666666666500, -0.4767932489451490700 ) ) ;
#2762 = CARTESIAN_POINT ( 'NONE',  ( -10.64469211961515200, -0.6750876398252345600, -2.774555172667066700 ) ) ;
#2763 = VECTOR ( 'NONE', #1112, 1000.000000000000000 ) ;
#2764 = DIRECTION ( 'NONE',  ( -0.9991410988910215400, 0.0000000000000000000, -0.04143747708104147200 ) ) ;
#2765 = B_SPLINE_CURVE_WITH_KNOTS ( 'NONE', 3,
 ( #1999, #5604, #6231, #6284, #4415, #5029, #3820, #775, #6867, #3222, #152, #4445, #5059, #6893, #1888, #3246 ),
 .UNSPECIFIED., .F., .F.,
 ( 4, 3, 3, 3, 3, 4 ),
 ( 0.0000000000000000000, 3.025884524621650800E-005, 7.684234112286852600E-005, 0.0001234979654522311500, 0.0001702061276560925100, 0.0002169343324682605000 ),
 .UNSPECIFIED. ) ;
#2766 = EDGE_LOOP ( 'NONE', ( #1560, #6881, #5099, #3745 ) ) ;
#2767 = CARTESIAN_POINT ( 'NONE',  ( 11.12754340464337100, -1.932638888888889200, 0.3333333333333341500 ) ) ;
#2768 = DIRECTION ( 'NONE',  ( 0.0000000000000000000, -1.000000000000000000, 0.0000000000000000000 ) ) ;
#2769 = CARTESIAN_POINT ( 'NONE',  ( 9.125361484468559300, -1.010416666666666500, -0.3333333333333342600 ) ) ;
#2770 = CARTESIAN_POINT ( 'NONE',  ( -13.00000000000000000, -0.6666666666666666300, 0.3333333333333342600 ) ) ;
#2771 = EDGE_CURVE ( 'NONE', #6822, #780, #3787, .T. ) ;
#2772 = AXIS2_PLACEMENT_3D ( 'NONE', #4514, #839, #892 ) ;
#2773 = EDGE_LOOP ( 'NONE', ( #500, #6887, #795, #6329 ) ) ;
#2774 = CARTESIAN_POINT ( 'NONE',  ( -10.70891755497653500, -1.786880954379424800, 2.875275305037404000 ) ) ;
#2775 = CARTESIAN_POINT ( 'NONE',  ( 11.02946199097482900, -1.755494274560203100, 0.4750415128019048700 ) ) ;
#2776 = ORIENTED_EDGE ( 'NONE', *, *, #778, .T. ) ;
#2777 = ADVANCED_FACE ( 'NONE', ( #7152 ), #5665, .F. ) ;
#2778 = CARTESIAN_POINT ( 'NONE',  ( -11.18305368076914900, -2.392439599998780000, 2.884575874121938700 ) ) ;
#2779 = CARTESIAN_POINT ( 'NONE',  ( -11.49012263724674900, -1.932638888888889200, 0.4765309864319775500 ) ) ;
#2780 = CARTESIAN_POINT ( 'NONE',  ( -10.85229109886146600, -0.9195773992337613600, 0.3333333333324771100 ) ) ;
#2781 = B_SPLINE_CURVE_WITH_KNOTS ( 'NONE', 3,
 ( #7138, #6491, #3478, #4116, #5954, #7188 ),
 .UNSPECIFIED., .F., .F.,
 ( 4, 2, 4 ),
 ( 0.0000000000000000000, 0.0002148951292376808500, 0.0004297902584753617100 ),
 .UNSPECIFIED. ) ;
#2782 = CARTESIAN_POINT ( 'NONE',  ( -11.85315241706704200, -4.889079012875070500, 0.3333333333333339800 ) ) ;
#2783 = VERTEX_POINT ( 'NONE', #2630 ) ;
#2784 = CARTESIAN_POINT ( 'NONE',  ( -8.975257740366252800, -0.8041666666666665900, -0.6668946648426825600 ) ) ;
#2785 = ORIENTED_EDGE ( 'NONE', *, *, #7186, .T. ) ;
#2786 = CARTESIAN_POINT ( 'NONE',  ( -10.99588596220282900, -0.9187571910789994500, -0.3333336981813033700 ) ) ;
#2787 = CARTESIAN_POINT ( 'NONE',  ( -10.99878642144152600, -8.395926587374939100, 0.4767083211261981000 ) ) ;
#2788 = VERTEX_POINT ( 'NONE', #6905 ) ;
#2789 = ORIENTED_EDGE ( 'NONE', *, *, #2754, .T. ) ;
#2790 = ORIENTED_EDGE ( 'NONE', *, *, #6663, .F. ) ;
#2791 = CARTESIAN_POINT ( 'NONE',  ( -10.99640388961048000, -8.557157249430144200, 0.3113798515566898500 ) ) ;
#2792 = DIRECTION ( 'NONE',  ( 7.569702440626065400E-014, 0.0000000000000000000, -1.000000000000000000 ) ) ;
#2793 = CARTESIAN_POINT ( 'NONE',  ( -10.69537899737588700, -3.038539915497249700, -2.878484795607707100 ) ) ;
#2794 = CARTESIAN_POINT ( 'NONE',  ( 11.40351940243320300, -6.978166200837004700, -0.4763471244715941600 ) ) ;
#2795 = VERTEX_POINT ( 'NONE', #5774 ) ;
#2796 = B_SPLINE_CURVE_WITH_KNOTS ( 'NONE', 3,
 ( #415, #2855, #3554, #3479, #3531, #1643, #2267, #2311, #4700, #6588, #7810, #4755, #1078, #7734, #4061, #5362 ),
 .UNSPECIFIED., .F., .F.,
 ( 4, 3, 3, 3, 3, 4 ),
 ( 0.0000000000000000000, 2.562217160036904200E-005, 7.355464501386307500E-005, 0.0001246412911721472800, 0.0001780675051902977000, 0.0002322842314667340700 ),
 .UNSPECIFIED. ) ;
#2797 = ORIENTED_EDGE ( 'NONE', *, *, #6765, .T. ) ;
#2798 = CARTESIAN_POINT ( 'NONE',  ( 8.584950237556240500, -0.6561169388930444500, -2.703121750453085800 ) ) ;
#2799 = CARTESIAN_POINT ( 'NONE',  ( 11.23728905727017800, 1.437280458815214200, 1.376171007507950400E-015 ) ) ;
#2800 = EDGE_CURVE ( 'NONE', #6177, #4548, #3607, .T. ) ;
#2801 = FACE_OUTER_BOUND ( 'NONE', #2484, .T. ) ;
#2802 = CARTESIAN_POINT ( 'NONE',  ( -11.05686643635443800, -1.777151354059927700, 0.3333333333332876300 ) ) ;
#2803 = CARTESIAN_POINT ( 'NONE',  ( -8.677557259966656400, -8.511348849738428900, 3.000000000000000000 ) ) ;
#2804 = ORIENTED_EDGE ( 'NONE', *, *, #6856, .F. ) ;
#2805 = DIRECTION ( 'NONE',  ( -0.9980554588870034200, 0.0000000000000000000, 0.06233218258534672900 ) ) ;
#2806 = LOCAL_TIME ( 8, 14, 7.000000000000000000, #3302 ) ;
#2807 = CARTESIAN_POINT ( 'NONE',  ( -13.00000000000000000, 0.0000000000000000000, -3.666666666666666100 ) ) ;
#2808 = AXIS2_PLACEMENT_3D ( 'NONE', #3239, #5050, #1987 ) ;
#2809 = VERTEX_POINT ( 'NONE', #241 ) ;
#2810 = AXIS2_PLACEMENT_3D ( 'NONE', #5975, #2174, #2764 ) ;
#2811 =( BOUNDED_SURFACE ( )  B_SPLINE_SURFACE ( 3, 2, ( 
 ( #5512, #6795, #672 ),
 ( #4393, #3205, #732 ),
 ( #1958, #1872, #4958 ),
 ( #2467, #5012, #1843 ) ),
 .UNSPECIFIED., .F., .F., .F. ) 
 B_SPLINE_SURFACE_WITH_KNOTS ( ( 4, 4 ),
 ( 3, 3 ),
 ( 0.0000000000000000000, 9.774886487600122000E-005 ),
 ( 0.0000000000000000000, 1.000000000000000000 ),
 .UNSPECIFIED. ) 
 GEOMETRIC_REPRESENTATION_ITEM ( )  RATIONAL_B_SPLINE_SURFACE ( (
 ( 1.000000000000000000, 0.7942172611763452800, 1.000000000000000000),
 ( 1.000000000000000000, 0.7920774126379363000, 1.000000000000000000),
 ( 1.000000000000000000, 0.7918271982286682100, 1.000000000000000000),
 ( 1.000000000000000000, 0.7933454013390701700, 1.000000000000000000) ) ) 
 REPRESENTATION_ITEM ( '' )  SURFACE ( )  );
#2812 = CARTESIAN_POINT ( 'NONE',  ( -8.677557259966667000, -1.010416666666657600, 3.000000000000042600 ) ) ;
#2813 = DIRECTION ( 'NONE',  ( -0.0000000000000000000, 1.000000000000000000, -0.0000000000000000000 ) ) ;
#2814 = CARTESIAN_POINT ( 'NONE',  ( 8.546978422949370800, -1.010416666666667000, 2.819425444596448400 ) ) ;
#2815 = CIRCLE ( 'NONE', #739, 0.1375000000000000400 ) ;
#2816 = CARTESIAN_POINT ( 'NONE',  ( -11.27996010631243400, -2.423611111111112000, 3.000000000000005300 ) ) ;
#2817 = CARTESIAN_POINT ( 'NONE',  ( -11.51195031260993300, -3.189583333333333700, -3.000000000000007500 ) ) ;
#2818 = ORIENTED_EDGE ( 'NONE', *, *, #3226, .T. ) ;
#2819 = ADVANCED_FACE ( 'NONE', ( #5596 ), #4532, .T. ) ;
#2820 = EDGE_CURVE ( 'NONE', #4338, #487, #1289, .T. ) ;
#2821 = AXIS2_PLACEMENT_3D ( 'NONE', #5887, #3437, #4684 ) ;
#2822 = ORIENTED_EDGE ( 'NONE', *, *, #4159, .F. ) ;
#2823 = B_SPLINE_CURVE_WITH_KNOTS ( 'NONE', 3,
 ( #5115, #3911, #1438, #1492 ),
 .UNSPECIFIED., .F., .F.,
 ( 4, 4 ),
 ( 0.0000000000000000000, 6.913181708337887500E-005 ),
 .UNSPECIFIED. ) ;
#2824 = CARTESIAN_POINT ( 'NONE',  ( -11.00000086454944500, -8.750034125939739800, 0.07754845494756479300 ) ) ;
#2825 = FACE_OUTER_BOUND ( 'NONE', #6429, .T. ) ;
#2826 = ADVANCED_FACE ( 'NONE', ( #1769 ), #3228, .T. ) ;
#2827 = DIRECTION ( 'NONE',  ( 0.0000000000000000000, 0.0000000000000000000, 1.000000000000000000 ) ) ;
#2828 = CARTESIAN_POINT ( 'NONE',  ( -8.410493916021952300, -8.716442353297139800, 3.503050691612305600 ) ) ;
#2829 = CARTESIAN_POINT ( 'NONE',  ( -10.62335257891631800, -2.970475398067301800, -2.895777315291868900 ) ) ;
#2830 = CARTESIAN_POINT ( 'NONE',  ( -10.85272318776254600, -8.485227356401082900, -0.3262062889250497700 ) ) ;
#2831 = ORIENTED_EDGE ( 'NONE', *, *, #6831, .F. ) ;
#2832 = TOROIDAL_SURFACE ( 'NONE', #4464, 11.68750000000000000, 0.6875000000000000000 ) ;
#2833 = ORIENTED_EDGE ( 'NONE', *, *, #6652, .T. ) ;
#2834 = TOROIDAL_SURFACE ( 'NONE', #5959, 11.65625000000000200, 0.3437500000000000000 ) ;
#2835 = CARTESIAN_POINT ( 'NONE',  ( -10.61933720851193500, -1.701959300391268100, 2.896753976227429500 ) ) ;
#2836 = EDGE_CURVE ( 'NONE', #3045, #304, #6851, .T. ) ;
#2837 = EDGE_CURVE ( 'NONE', #2679, #1254, #4465, .T. ) ;
#2838 = AXIS2_PLACEMENT_3D ( 'NONE', #3768, #1950, #4977 ) ;
#2839 = CARTESIAN_POINT ( 'NONE',  ( 8.990860292034542000, -8.661169375035335300, 0.4143747746307443500 ) ) ;
#2840 = DIRECTION ( 'NONE',  ( 0.0000000000000000000, -1.000000000000000000, -3.917117526399240400E-016 ) ) ;
#2841 = CARTESIAN_POINT ( 'NONE',  ( -10.98890288157240900, -0.7003094372777727300, 0.5029745655788452300 ) ) ;
#2842 = B_SPLINE_CURVE_WITH_KNOTS ( 'NONE', 3,
 ( #3971, #248, #6321, #330, #838, #941, #2095, #5229, #221, #7613 ),
 .UNSPECIFIED., .F., .F.,
 ( 4, 2, 2, 2, 4 ),
 ( 0.0000000000000000000, 0.0002837493482360781800, 0.0005674986964721563600, 0.0008512480447082344900, 0.001134997392944312700 ),
 .UNSPECIFIED. ) ;
#2843 = ORIENTED_EDGE ( 'NONE', *, *, #6224, .T. ) ;
#2844 = CARTESIAN_POINT ( 'NONE',  ( -8.555263317845781800, -0.6799414231015570300, 2.796064178509456900 ) ) ;
#2845 = CARTESIAN_POINT ( 'NONE',  ( -8.307961375826337800, 0.0000000000000000000, 3.666666666666664300 ) ) ;
#2846 = CARTESIAN_POINT ( 'NONE',  ( -10.99878642144157400, -8.395926587374949800, -0.4767083211261986000 ) ) ;
#2847 = TOROIDAL_SURFACE ( 'NONE', #7428, 11.86249999999999900, 0.1375000000000000100 ) ;
#2848 = CARTESIAN_POINT ( 'NONE',  ( -11.12600964357511800, -2.373657333959501100, 3.000000000000099000 ) ) ;
#2849 = DIRECTION ( 'NONE',  ( -0.0000000000000000000, 1.000000000000000000, -0.0000000000000000000 ) ) ;
#2850 = DIRECTION ( 'NONE',  ( -0.0000000000000000000, 1.000000000000000000, 3.917117526399240400E-016 ) ) ;
#2851 = CARTESIAN_POINT ( 'NONE',  ( -10.99357891516988600, -8.714303189543708000, 0.3852657809749194800 ) ) ;
#2852 = VECTOR ( 'NONE', #1787, 1000.000000000000000 ) ;
#2853 = CARTESIAN_POINT ( 'NONE',  ( 10.85800004235542300, -8.416666666666671400, 0.3333333333333338100 ) ) ;
#2854 = DIRECTION ( 'NONE',  ( 0.0000000000000000000, 0.0000000000000000000, 1.000000000000000000 ) ) ;
#2855 = CARTESIAN_POINT ( 'NONE',  ( 10.61118938525953000, -1.666179612755678900, 2.898734177215195600 ) ) ;
#2856 = EDGE_LOOP ( 'NONE', ( #6591, #1111, #4596, #590 ) ) ;
#2857 = CARTESIAN_POINT ( 'NONE',  ( 10.19348329357845500, -8.586636134144281800, -3.631266791189497100 ) ) ;
#2858 = CARTESIAN_POINT ( 'NONE',  ( -10.62474503979811400, -1.716266731816599200, 2.895441218673581400 ) ) ;
#2859 = FACE_OUTER_BOUND ( 'NONE', #6191, .T. ) ;
#2860 = CARTESIAN_POINT ( 'NONE',  ( 10.58887856671731100, -8.429460590040090300, -3.000000000000005300 ) ) ;
#2861 = ADVANCED_FACE ( 'NONE', ( #1194 ), #5994, .T. ) ;
#2862 = CARTESIAN_POINT ( 'NONE',  ( -11.13720100699698900, -2.330535126539191800, 2.895239504402425700 ) ) ;
#2863 = CARTESIAN_POINT ( 'NONE',  ( -10.51905364278988700, -0.6666666666666664100, -2.746583955724486400 ) ) ;
#2864 = CARTESIAN_POINT ( 'NONE',  ( 10.95930683255104100, -1.795138888888889300, 2.862500000000005600 ) ) ;
#2865 = DIRECTION ( 'NONE',  ( 0.0000000000000000000, -1.000000000000000000, 0.0000000000000000000 ) ) ;
#2866 = ORIENTED_EDGE ( 'NONE', *, *, #1113, .F. ) ;
#2867 = VECTOR ( 'NONE', #300, 1000.000000000000000 ) ;
#2868 = EDGE_LOOP ( 'NONE', ( #1721, #561, #6787, #4513, #3121, #2597 ) ) ;
#2869 = CARTESIAN_POINT ( 'NONE',  ( 8.546978422949370800, -8.544837930044368000, -2.819425444596447100 ) ) ;
#2870 = AXIS2_PLACEMENT_3D ( 'NONE', #6146, #6757, #3713 ) ;
#2871 = DIRECTION ( 'NONE',  ( 0.0000000000000000000, 0.0000000000000000000, 1.000000000000000000 ) ) ;
#2872 =( BOUNDED_SURFACE ( )  B_SPLINE_SURFACE ( 3, 3, ( 
 ( #482, #6043, #7256, #4771 ),
 ( #1098, #6674, #5993, #4873 ),
 ( #3594, #5402, #2328, #7867 ),
 ( #6654, #3029, #7283, #4798 ) ),
 .UNSPECIFIED., .F., .F., .F. ) 
 B_SPLINE_SURFACE_WITH_KNOTS ( ( 4, 4 ),
 ( 4, 4 ),
 ( 0.0000000000000000000, 1.000000000000000000 ),
 ( 0.0000000000000000000, 1.000000000000000000 ),
 .UNSPECIFIED. ) 
 GEOMETRIC_REPRESENTATION_ITEM ( )  RATIONAL_B_SPLINE_SURFACE ( (
 ( 1.000000000000000000, 0.3333333333333334300, 0.3333333333333334300, 1.000000000000000000),
 ( 0.8646195192830434800, 0.2882065064276812500, 0.2882065064276812500, 0.8646195192830434800),
 ( 0.8646195192830434800, 0.2882065064276812500, 0.2882065064276812500, 0.8646195192830434800),
 ( 1.000000000000000000, 0.3333333333333334300, 0.3333333333333334300, 1.000000000000000000) ) ) 
 REPRESENTATION_ITEM ( '' )  SURFACE ( )  );
#2873 = CARTESIAN_POINT ( 'NONE',  ( -10.84137742216007400, -0.6666666666666666300, 0.6770833333333342600 ) ) ;
#2874 = EDGE_CURVE ( 'NONE', #4333, #4419, #7341, .T. ) ;
#2875 = CARTESIAN_POINT ( 'NONE',  ( -11.51195024427862600, -4.908460220011182400, -3.000000000000008400 ) ) ;
#2876 = VERTEX_POINT ( 'NONE', #1578 ) ;
#2877 = CARTESIAN_POINT ( 'NONE',  ( -10.61118942053674100, -0.9547527760715112100, -2.898734048078638100 ) ) ;
#2878 = DIRECTION ( 'NONE',  ( 0.0000000000000000000, 1.197737727947162700E-016, -1.000000000000000000 ) ) ;
#2879 = CARTESIAN_POINT ( 'NONE',  ( -10.99736192195879200, -8.624421746148545500, -0.2718012309219634000 ) ) ;
#2880 = CARTESIAN_POINT ( 'NONE',  ( 0.0000000000000000000, -10.00000000000000200, -10.78999999999999900 ) ) ;
#2881 = CARTESIAN_POINT ( 'NONE',  ( 11.62797154374808000, -2.561111111112465400, 0.3333333333333341500 ) ) ;
#2882 = CARTESIAN_POINT ( 'NONE',  ( -11.13251072934084000, -1.932638888888889200, 0.3333333333333341500 ) ) ;
#2883 = EDGE_LOOP ( 'NONE', ( #4165, #5848, #3658, #5446 ) ) ;
#2884 = EDGE_CURVE ( 'NONE', #7494, #952, #1522, .T. ) ;
#2885 = ORIENTED_EDGE ( 'NONE', *, *, #7891, .T. ) ;
#2886 = CARTESIAN_POINT ( 'NONE',  ( -10.69312570952393300, -1.780538723861362600, 2.879022283004591700 ) ) ;
#2887 = CARTESIAN_POINT ( 'NONE',  ( 10.61618999397226800, -8.432806995708311600, -2.898464790936385000 ) ) ;
#2888 = VERTEX_POINT ( 'NONE', #404 ) ;
#2889 = DIRECTION ( 'NONE',  ( -0.2445339470655931200, 0.0000000000000000000, 0.9696407317829227600 ) ) ;
#2890 = DIRECTION ( 'NONE',  ( -0.0000000000000000000, 1.000000000000000000, -0.0000000000000000000 ) ) ;
#2891 = CARTESIAN_POINT ( 'NONE',  ( -8.982591813453929300, -0.8265083816440780300, 0.5607616688875235500 ) ) ;
#2892 = ORIENTED_EDGE ( 'NONE', *, *, #4199, .T. ) ;
#2893 = CARTESIAN_POINT ( 'NONE',  ( 10.65246861321992200, -0.8041668610864505200, 2.743719416604562000 ) ) ;
#2894 = B_SPLINE_CURVE_WITH_KNOTS ( 'NONE', 3,
 ( #2382, #515, #1807, #4187, #6659, #6101 ),
 .UNSPECIFIED., .F., .F.,
 ( 4, 2, 4 ),
 ( 0.0000000000000000000, 0.0001637157146974848800, 0.0003274314293949697700 ),
 .UNSPECIFIED. ) ;
#2895 = EDGE_CURVE ( 'NONE', #7941, #5538, #7624, .T. ) ;
#2896 = AXIS2_PLACEMENT_3D ( 'NONE', #3955, #7681, #3436 ) ;
#2897 = ORIENTED_EDGE ( 'NONE', *, *, #1299, .F. ) ;
#2898 = DIRECTION ( 'NONE',  ( -0.0000000000000000000, 1.000000000000000000, -0.0000000000000000000 ) ) ;
#2899 = CARTESIAN_POINT ( 'NONE',  ( 10.45002696010355700, -8.640938730187249600, 3.073656387555795600 ) ) ;
#2900 = ORIENTED_EDGE ( 'NONE', *, *, #5370, .F. ) ;
#2901 = CARTESIAN_POINT ( 'NONE',  ( 10.63933082173411800, -8.323592968122440500, -2.897221634347996400 ) ) ;
#2902 = DIRECTION ( 'NONE',  ( 0.0000000000000000000, -1.000000000000000000, 0.0000000000000000000 ) ) ;
#2903 = ADVANCED_FACE ( 'NONE', ( #7906 ), #507, .T. ) ;
#2904 = VERTEX_POINT ( 'NONE', #4693 ) ;
#2905 = AXIS2_PLACEMENT_3D ( 'NONE', #6900, #3252, #6872 ) ;
#2906 = ORIENTED_EDGE ( 'NONE', *, *, #7083, .F. ) ;
#2907 = DIRECTION ( 'NONE',  ( 0.0000000000000000000, -1.000000000000000000, 0.0000000000000000000 ) ) ;
#2908 = CARTESIAN_POINT ( 'NONE',  ( 11.63191935903348900, -4.984036849272108300, 2.894410177868503600 ) ) ;
#2909 = CARTESIAN_POINT ( 'NONE',  ( -10.51182419603454600, -8.285609833563633200, 3.000000000000000900 ) ) ;
#2910 = DIRECTION ( 'NONE',  ( 0.0000000000000000000, -1.000000000000000000, 0.0000000000000000000 ) ) ;
#2911 = FACE_OUTER_BOUND ( 'NONE', #4716, .T. ) ;
#2912 = ORIENTED_EDGE ( 'NONE', *, *, #1893, .F. ) ;
#2913 = CIRCLE ( 'NONE', #5970, 0.1375000000000000400 ) ;
#2914 = DIRECTION ( 'NONE',  ( -0.0000000000000000000, 1.000000000000000000, -0.0000000000000000000 ) ) ;
#2915 = ORIENTED_EDGE ( 'NONE', *, *, #7056, .T. ) ;
#2916 = CARTESIAN_POINT ( 'NONE',  ( 11.27996010631243200, -2.561111111111112200, 3.000000000000005300 ) ) ;
#2917 = EDGE_CURVE ( 'NONE', #5301, #7248, #2711, .T. ) ;
#2918 =( BOUNDED_SURFACE ( )  B_SPLINE_SURFACE ( 3, 2, ( 
 ( #2266, #467, #4672 ),
 ( #7106, #2181, #7077 ),
 ( #1001, #5284, #2288 ),
 ( #4699, #3506, #444 ),
 ( #2236, #1053, #5875 ),
 ( #5257, #1616, #2881 ) ),
 .UNSPECIFIED., .F., .F., .F. ) 
 B_SPLINE_SURFACE_WITH_KNOTS ( ( 4, 2, 4 ),
 ( 3, 3 ),
 ( 4.336808689942017700E-019, 0.0002148866555382548500, 0.0004297733110765092700 ),
 ( 0.0000000000000000000, 1.000000000000000000 ),
 .UNSPECIFIED. ) 
 GEOMETRIC_REPRESENTATION_ITEM ( )  RATIONAL_B_SPLINE_SURFACE ( (
 ( 1.000000000000000000, 0.6923014238462024100, 1.000000000000000000),
 ( 1.000000000000000000, 0.6922609583360577200, 1.000000000000000000),
 ( 1.000000000000000000, 0.6939743962758551100, 1.000000000000000000),
 ( 1.000000000000000000, 0.6995112129388820800, 1.000000000000000000),
 ( 1.000000000000000000, 0.7033378930326594800, 1.000000000000000000),
 ( 1.000000000000000000, 0.7071067811865315900, 1.000000000000000000) ) ) 
 REPRESENTATION_ITEM ( '' )  SURFACE ( )  );
#2919 = DIRECTION ( 'NONE',  ( 0.9583806707790875100, -0.2854934147699845800, 0.0000000000000000000 ) ) ;
#2920 = CYLINDRICAL_SURFACE ( 'NONE', #986, 0.1374999999999999800 ) ;
#2921 = AXIS2_PLACEMENT_3D ( 'NONE', #5316, #1588, #2237 ) ;
#2922 = EDGE_CURVE ( 'NONE', #1550, #3764, #2547, .T. ) ;
#2923 = ORIENTED_EDGE ( 'NONE', *, *, #4004, .F. ) ;
#2924 = CARTESIAN_POINT ( 'NONE',  ( 10.37769005406134700, -8.548117770974915400, 3.651279164229584800 ) ) ;
#2925 = VERTEX_POINT ( 'NONE', #7831 ) ;
#2926 = CARTESIAN_POINT ( 'NONE',  ( 10.66537539786334100, -3.020707176053136800, -2.885645173790353000 ) ) ;
#2927 = CARTESIAN_POINT ( 'NONE',  ( -11.50918407236300700, -4.927471393458928300, -3.000000000000008400 ) ) ;
#2928 = CARTESIAN_POINT ( 'NONE',  ( -10.58352592871049000, -0.9256108492702540500, -2.999999824353360500 ) ) ;
#2929 = ORIENTED_EDGE ( 'NONE', *, *, #5232, .F. ) ;
#2930 = EDGE_CURVE ( 'NONE', #285, #2066, #966, .T. ) ;
#2931 = AXIS2_PLACEMENT_3D ( 'NONE', #1115, #6574, #2919 ) ;
#2932 = EDGE_LOOP ( 'NONE', ( #4167, #315, #4233, #6949 ) ) ;
#2933 = LINE ( 'NONE', #5901, #7901 ) ;
#2934 = CARTESIAN_POINT ( 'NONE',  ( -8.219692640733827100, -8.520409890676825500, 3.666666642009953000 ) ) ;
#2935 = DIRECTION ( 'NONE',  ( 1.000000000000000000, 0.0000000000000000000, 0.0000000000000000000 ) ) ;
#2936 = EDGE_LOOP ( 'NONE', ( #4979, #3102, #3812, #1048 ) ) ;
#2937 = DIRECTION ( 'NONE',  ( 0.0000000000000000000, -1.000000000000000000, -1.219727444046190300E-016 ) ) ;
#2938 = EDGE_CURVE ( 'NONE', #974, #7410, #3984, .T. ) ;
#2939 = AXIS2_PLACEMENT_3D ( 'NONE', #6378, #5751, #7023 ) ;
#2940 = DIRECTION ( 'NONE',  ( 0.0000000000000000000, 0.0000000000000000000, -1.000000000000000000 ) ) ;
#2941 = ADVANCED_FACE ( 'NONE', ( #3779 ), #5267, .T. ) ;
#2942 = CARTESIAN_POINT ( 'NONE',  ( 8.986978481895972600, -0.9032676906261712900, -0.4854038064514865100 ) ) ;
#2943 = DIRECTION ( 'NONE',  ( 0.0000000000000000000, 0.0000000000000000000, 1.000000000000000000 ) ) ;
#2944 = DIRECTION ( 'NONE',  ( 1.000000000000000000, 0.0000000000000000000, 0.0000000000000000000 ) ) ;
#2945 = CYLINDRICAL_SURFACE ( 'NONE', #5374, 12.00000000000000000 ) ;
#2946 = CARTESIAN_POINT ( 'NONE',  ( -10.49018979559426300, -8.896397567563813200, 3.312073943420720000 ) ) ;
#2947 = CARTESIAN_POINT ( 'NONE',  ( 11.52991787522601500, -2.383971398664382200, 0.4748574468155166200 ) ) ;
#2948 = CARTESIAN_POINT ( 'NONE',  ( -11.02930576501670300, -1.755339169472644100, 0.4750479285877536300 ) ) ;
#2949 = TOROIDAL_SURFACE ( 'NONE', #4714, 11.68750000000000000, 0.6875000000000000000 ) ;
#2950 = EDGE_CURVE ( 'NONE', #3732, #3867, #5027, .T. ) ;
#2951 = VERTEX_POINT ( 'NONE', #6731 ) ;
#2952 = CARTESIAN_POINT ( 'NONE',  ( -10.66604804961214900, -0.8041666666666669200, 2.689873417721525300 ) ) ;
#2953 = LINE ( 'NONE', #1589, #72 ) ;
#2954 = CARTESIAN_POINT ( 'NONE',  ( -8.307961375826334200, -8.673617379884035500E-016, -3.804166666666663100 ) ) ;
#2955 = CARTESIAN_POINT ( 'NONE',  ( -11.02946199097482900, -3.012438719004647300, -0.4750415128019048700 ) ) ;
#2956 = CARTESIAN_POINT ( 'NONE',  ( 10.68948940102610800, -3.189583333333334100, -3.000000000000007500 ) ) ;
#2957 = VECTOR ( 'NONE', #2309, 1000.000000000000000 ) ;
#2958 = CARTESIAN_POINT ( 'NONE',  ( -10.46911701424069600, -8.567251436278779100, -3.024366526546345300 ) ) ;
#2959 = EDGE_CURVE ( 'NONE', #2276, #3223, #7433, .T. ) ;
#2960 = AXIS2_PLACEMENT_3D ( 'NONE', #3683, #1756, #4300 ) ;
#2961 = VERTEX_POINT ( 'NONE', #1268 ) ;
#2962 = CARTESIAN_POINT ( 'NONE',  ( 0.0000000000000000000, -3.052083333333333900, 0.0000000000000000000 ) ) ;
#2963 = CARTESIAN_POINT ( 'NONE',  ( -10.76336378647492800, -1.795138888888889300, 3.000000000000005800 ) ) ;
#2964 = CARTESIAN_POINT ( 'NONE',  ( 10.66604804961214900, -0.8041666666666669200, -2.689873417721525800 ) ) ;
#2965 = CIRCLE ( 'NONE', #5907, 11.86249999999999900 ) ;
#2966 = DIRECTION ( 'NONE',  ( -0.0000000000000000000, 1.000000000000000000, -0.0000000000000000000 ) ) ;
#2967 = CARTESIAN_POINT ( 'NONE',  ( 8.546978389192268800, -8.545180037586586500, -2.819425546929788000 ) ) ;
#2968 = CARTESIAN_POINT ( 'NONE',  ( -11.50368023849109500, -4.946053714713285900, 3.000000000000003600 ) ) ;
#2969 = ORIENTED_EDGE ( 'NONE', *, *, #206, .F. ) ;
#2970 = DIRECTION ( 'NONE',  ( 0.0000000000000000000, 0.0000000000000000000, 1.000000000000000000 ) ) ;
#2971 = ORIENTED_EDGE ( 'NONE', *, *, #2411, .T. ) ;
#2972 = EDGE_LOOP ( 'NONE', ( #7144, #5097, #6430, #3728, #6687, #591, #1442, #6981, #3985, #4505 ) ) ;
#2973 = EDGE_CURVE ( 'NONE', #1245, #6750, #3975, .T. ) ;
#2974 = AXIS2_PLACEMENT_3D ( 'NONE', #1949, #2566, #2510 ) ;
#2975 = CARTESIAN_POINT ( 'NONE',  ( -10.41674737004665700, -8.873687508651357800, 3.536281943355554800 ) ) ;
#2976 = CARTESIAN_POINT ( 'NONE',  ( 11.56789519978315000, -2.410818602355221600, 0.4732818855278638200 ) ) ;
#2977 = CARTESIAN_POINT ( 'NONE',  ( -10.76336378647492800, -3.052083333333333900, -2.862500000000007400 ) ) ;
#2978 = EDGE_LOOP ( 'NONE', ( #3830, #6436, #237, #1538 ) ) ;
#2979 = VERTEX_POINT ( 'NONE', #6704 ) ;
#2980 = DIRECTION ( 'NONE',  ( 0.0000000000000000000, 1.000000000000000000, 0.0000000000000000000 ) ) ;
#2981 = CARTESIAN_POINT ( 'NONE',  ( 8.307961375826336000, -1.558674806385066000E-016, 3.666666666666664300 ) ) ;
#2982 = CARTESIAN_POINT ( 'NONE',  ( -11.85315241706703800, -4.889079012875070500, 0.3333333333333339800 ) ) ;
#2983 = CARTESIAN_POINT ( 'NONE',  ( 11.99161100192528700, -4.954069349571685000, -0.3333333333333340400 ) ) ;
#2984 = EDGE_CURVE ( 'NONE', #2276, #487, #7046, .T. ) ;
#2985 = EDGE_CURVE ( 'NONE', #4158, #3014, #353, .T. ) ;
#2986 = AXIS2_PLACEMENT_3D ( 'NONE', #3752, #6715, #7947 ) ;
#2987 = CARTESIAN_POINT ( 'NONE',  ( -8.550777295807463900, -8.751063613494459000, -3.255862352472934000 ) ) ;
#2988 = VERTEX_POINT ( 'NONE', #4949 ) ;
#2989 = EDGE_LOOP ( 'NONE', ( #6422, #6308, #4996, #3062 ) ) ;
#2990 = CARTESIAN_POINT ( 'NONE',  ( -10.17458707870851100, 2.000000000000004400, -3.804166666666663100 ) ) ;
#2991 = CARTESIAN_POINT ( 'NONE',  ( 10.47854951794378300, -2.082367656444743500E-015, 2.862500000000006000 ) ) ;
#2992 = VERTEX_POINT ( 'NONE', #562 ) ;
#2993 = CARTESIAN_POINT ( 'NONE',  ( -10.88213377135719500, -3.058293182384443500, -0.3333333333333341500 ) ) ;
#2994 = VERTEX_POINT ( 'NONE', #3002 ) ;
#2995 = AXIS2_PLACEMENT_3D ( 'NONE', #5914, #367, #978 ) ;
#2996 = CARTESIAN_POINT ( 'NONE',  ( 11.64538703909961900, 0.0000000000000000000, 2.895679662802958200 ) ) ;
#2997 = FACE_OUTER_BOUND ( 'NONE', #4447, .T. ) ;
#2998 = VERTEX_POINT ( 'NONE', #3663 ) ;
#2999 = CARTESIAN_POINT ( 'NONE',  ( -10.88442328056748900, -8.285609833563631500, -0.3333333333333339300 ) ) ;
#3000 = VECTOR ( 'NONE', #7445, 1000.000000000000000 ) ;
#3001 = CARTESIAN_POINT ( 'NONE',  ( 10.85229110474936400, -1.010416666666666500, -0.4708333333333342700 ) ) ;
#3002 = CARTESIAN_POINT ( 'NONE',  ( 8.988044143389004100, -8.416666666666671400, -0.4637482900136808400 ) ) ;
#3003 = ORIENTED_EDGE ( 'NONE', *, *, #7337, .T. ) ;
#3004 = CARTESIAN_POINT ( 'NONE',  ( -10.61026777284075500, -8.486828410905342700, -2.902114352223830200 ) ) ;
#3005 = FACE_OUTER_BOUND ( 'NONE', #3481, .T. ) ;
#3006 = CARTESIAN_POINT ( 'NONE',  ( -10.85229110474820000, -1.730303462886805500, 0.3333333333333342000 ) ) ;
#3007 = LINE ( 'NONE', #356, #121 ) ;
#3008 = CARTESIAN_POINT ( 'NONE',  ( 1.592040838891559100E-015, 2.000000000000000000, -13.00000000000000000 ) ) ;
#3009 = CARTESIAN_POINT ( 'NONE',  ( 11.35274073614922900, -2.286111111111111900, 0.4708333333333341600 ) ) ;
#3010 = CARTESIAN_POINT ( 'NONE',  ( 0.0000000000000000000, 2.000000000000000000, 11.00000000000000000 ) ) ;
#3011 = EDGE_LOOP ( 'NONE', ( #1057, #4384, #7154, #2223 ) ) ;
#3012 = CARTESIAN_POINT ( 'NONE',  ( 11.99054406784442700, -4.921360036111101600, 0.4762908324552166400 ) ) ;
#3013 = DIRECTION ( 'NONE',  ( 1.000000000000000000, 0.0000000000000000000, 0.0000000000000000000 ) ) ;
#3014 = VERTEX_POINT ( 'NONE', #4280 ) ;
#3015 =( BOUNDED_CURVE ( )  B_SPLINE_CURVE ( 3, ( #6470, #922, #2799, #7084 ),
 .UNSPECIFIED., .F., .F. ) 
 B_SPLINE_CURVE_WITH_KNOTS ( ( 4, 4 ),
 ( 4.712388980384689700, 6.009592291757598100 ),
 .UNSPECIFIED. ) 
 CURVE ( )  GEOMETRIC_REPRESENTATION_ITEM ( )  RATIONAL_B_SPLINE_CURVE ( ( 1.000000000000000000, 0.8646195192830434800, 0.8646195192830434800, 1.000000000000000000 ) ) 
 REPRESENTATION_ITEM ( '' )  );
#3016 = FACE_OUTER_BOUND ( 'NONE', #4784, .T. ) ;
#3017 = DIRECTION ( 'NONE',  ( -0.0000000000000000000, 1.000000000000000000, -0.0000000000000000000 ) ) ;
#3018 = ORIENTED_EDGE ( 'NONE', *, *, #2244, .T. ) ;
#3019 = EDGE_CURVE ( 'NONE', #3828, #3166, #6839, .T. ) ;
#3020 = CARTESIAN_POINT ( 'NONE',  ( 10.62079630692778800, -8.395765596131497000, -2.898216766453110400 ) ) ;
#3021 = CARTESIAN_POINT ( 'NONE',  ( 10.47854951794378300, -2.914583333333333700, -3.000000000000007500 ) ) ;
#3022 = CARTESIAN_POINT ( 'NONE',  ( -11.09116414474560000, -3.052083333334651100, -0.4723671360249831500 ) ) ;
#3023 = VECTOR ( 'NONE', #5466, 1000.000000000000000 ) ;
#3024 = ORIENTED_EDGE ( 'NONE', *, *, #5958, .F. ) ;
#3025 = FACE_OUTER_BOUND ( 'NONE', #5217, .T. ) ;
#3026 = EDGE_CURVE ( 'NONE', #3510, #5259, #531, .T. ) ;
#3027 = CARTESIAN_POINT ( 'NONE',  ( 10.99009943064561600, -8.513508640916521500, -0.4665988689687435900 ) ) ;
#3028 = CARTESIAN_POINT ( 'NONE',  ( -10.85272318776254600, -8.485227356401082900, -0.3262062889250497700 ) ) ;
#3029 = CARTESIAN_POINT ( 'NONE',  ( 12.92696701773796900, 0.5403851024289089100, -25.85393403547592700 ) ) ;
#3030 = CARTESIAN_POINT ( 'NONE',  ( 10.61118938525952900, -1.010416666666666500, -2.898734177215196400 ) ) ;
#3031 = DIRECTION ( 'NONE',  ( 0.0000000000000000000, 0.0000000000000000000, -1.000000000000000000 ) ) ;
#3032 = ORIENTED_EDGE ( 'NONE', *, *, #2673, .F. ) ;
#3033 = DIRECTION ( 'NONE',  ( -0.2839945616900967900, -0.9588258908323501500, -0.0000000000000000000 ) ) ;
#3034 = EDGE_CURVE ( 'NONE', #3274, #7074, #4177, .T. ) ;
#3035 = AXIS2_PLACEMENT_3D ( 'NONE', #2759, #7043, #3386 ) ;
#3036 = DIRECTION ( 'NONE',  ( 0.0000000000000000000, 0.0000000000000000000, 1.000000000000000000 ) ) ;
#3037 = CIRCLE ( 'NONE', #7533, 0.1375000000000000400 ) ;
#3038 = DIRECTION ( 'NONE',  ( 0.0000000000000000000, -1.000000000000000000, 0.0000000000000000000 ) ) ;
#3039 = ORIENTED_EDGE ( 'NONE', *, *, #5488, .T. ) ;
#3040 = CARTESIAN_POINT ( 'NONE',  ( 10.48990864937911900, -8.372213980323008900, 3.000000000000000900 ) ) ;
#3041 = CARTESIAN_POINT ( 'NONE',  ( -10.55826099421332600, -8.659136366485158800, -3.088037616476668700 ) ) ;
#3042 = DIRECTION ( 'NONE',  ( -0.0000000000000000000, 1.000000000000000000, -0.0000000000000000000 ) ) ;
#3043 = FACE_OUTER_BOUND ( 'NONE', #6805, .T. ) ;
#3044 = AXIS2_PLACEMENT_3D ( 'NONE', #2214, #5935, #4735 ) ;
#3045 = VERTEX_POINT ( 'NONE', #6071 ) ;
#3046 = DIRECTION ( 'NONE',  ( 1.000000000000000000, 0.0000000000000000000, 0.0000000000000000000 ) ) ;
#3047 = CARTESIAN_POINT ( 'NONE',  ( -10.47854951794378300, -1.657638888888889300, 2.862500000000005600 ) ) ;
#3048 = CARTESIAN_POINT ( 'NONE',  ( -10.98363903008022500, -3.159731152400410800, -0.3333333333333341500 ) ) ;
#3049 = SPHERICAL_SURFACE ( 'NONE', #7579, 0.1375000000000000100 ) ;
#3050 = CARTESIAN_POINT ( 'NONE',  ( 10.85229110474936600, -1.657638888888889300, 0.3333333333333342000 ) ) ;
#3051 = DIRECTION ( 'NONE',  ( -0.0000000000000000000, 1.000000000000000000, -0.0000000000000000000 ) ) ;
#3052 = CARTESIAN_POINT ( 'NONE',  ( -13.00000000000000000, -0.6666666666666666300, -0.6770833333333347000 ) ) ;
#3053 = CARTESIAN_POINT ( 'NONE',  ( 9.125361477473253700, -0.9195432071779658900, 0.3333333333324857200 ) ) ;
#3054 = APPROVAL ( #6287, 'UNSPECIFIED' ) ;
#3055 = VERTEX_POINT ( 'NONE', #6656 ) ;
#3056 = CARTESIAN_POINT ( 'NONE',  ( 0.0000000000000000000, -8.513508640916521500, 0.0000000000000000000 ) ) ;
#3057 = DIRECTION ( 'NONE',  ( 0.0000000000000000000, 0.0000000000000000000, 1.000000000000000000 ) ) ;
#3058 = CIRCLE ( 'NONE', #5278, 0.1374999999999993200 ) ;
#3059 =( BOUNDED_SURFACE ( )  B_SPLINE_SURFACE ( 3, 2, ( 
 ( #2737, #4019, #7129 ),
 ( #4555, #934, #348 ),
 ( #1577, #2848, #1605 ),
 ( #5804, #2198, #4050 ),
 ( #3424, #5275, #961 ),
 ( #6483, #2816, #7100 ) ),
 .UNSPECIFIED., .F., .F., .F. ) 
 B_SPLINE_SURFACE_WITH_KNOTS ( ( 4, 2, 4 ),
 ( 3, 3 ),
 ( 0.0000000000000000000, 0.0002182908078547650700, 0.0004365816157095301400 ),
 ( 0.0000000000000000000, 1.000000000000000000 ),
 .UNSPECIFIED. ) 
 GEOMETRIC_REPRESENTATION_ITEM ( )  RATIONAL_B_SPLINE_SURFACE ( (
 ( 1.000000000000000000, 0.7911779801407683400, 1.000000000000000000),
 ( 1.000000000000000000, 0.7913796765351489600, 1.000000000000000000),
 ( 1.000000000000000000, 0.7820460750018078900, 1.000000000000000000),
 ( 1.000000000000000000, 0.7512663823299474700, 1.000000000000000000),
 ( 1.000000000000000000, 0.7296471102105892600, 1.000000000000000000),
 ( 1.000000000000000000, 0.7071067811865475700, 1.000000000000000000) ) ) 
 REPRESENTATION_ITEM ( '' )  SURFACE ( )  );
#3060 = CARTESIAN_POINT ( 'NONE',  ( -10.58352596647487900, -0.9266431443653523300, 2.999999689804200700 ) ) ;
#3061 = DIRECTION ( 'NONE',  ( 0.0000000000000000000, 0.0000000000000000000, 1.000000000000000000 ) ) ;
#3062 = ORIENTED_EDGE ( 'NONE', *, *, #6211, .T. ) ;
#3063 = DIRECTION ( 'NONE',  ( -0.03969090270460140500, -0.0000000000000000000, 0.9992120056537020500 ) ) ;
#3064 = CARTESIAN_POINT ( 'NONE',  ( -10.58113715611288400, -8.491041670269718000, -3.008349072869112900 ) ) ;
#3065 = CARTESIAN_POINT ( 'NONE',  ( -10.86250202060690700, -8.750033003196527700, 0.07619726652800461200 ) ) ;
#3066 = EDGE_CURVE ( 'NONE', #2795, #6318, #4844, .T. ) ;
#3067 = AXIS2_PLACEMENT_3D ( 'NONE', #4550, #2224, #3959 ) ;
#3068 = ORIENTED_EDGE ( 'NONE', *, *, #4960, .F. ) ;
#3069 = CARTESIAN_POINT ( 'NONE',  ( -8.975257740366252800, -0.8041666666666667000, -0.6668946648426825600 ) ) ;
#3070 = CARTESIAN_POINT ( 'NONE',  ( 10.48446196509706500, -8.416666666666653600, -3.000000000000009800 ) ) ;
#3071 = CARTESIAN_POINT ( 'NONE',  ( -13.00000000000000000, -8.416666666666671400, 3.666666666666674100 ) ) ;
#3072 = CARTESIAN_POINT ( 'NONE',  ( -8.988044143389418000, -0.9563051672087976600, -0.4637482900129503700 ) ) ;
#3073 = ORIENTED_EDGE ( 'NONE', *, *, #5990, .F. ) ;
#3074 = CARTESIAN_POINT ( 'NONE',  ( 8.726781384821190800, -0.6666666666666668500, 2.744654231623132800 ) ) ;
#3075 = ORIENTED_EDGE ( 'NONE', *, *, #3923, .T. ) ;
#3076 = CARTESIAN_POINT ( 'NONE',  ( -11.50913026339230200, -4.927653274402524100, -3.000000000000008400 ) ) ;
#3077 = EDGE_CURVE ( 'NONE', #1408, #4794, #6648, .T. ) ;
#3078 = AXIS2_PLACEMENT_3D ( 'NONE', #2392, #476, #5351 ) ;
#3079 = CARTESIAN_POINT ( 'NONE',  ( -10.66604804961214900, -0.8041666666666670300, -2.689873417721526200 ) ) ;
#3080 = CARTESIAN_POINT ( 'NONE',  ( -9.116424625539197600, -0.6666666666666665200, 0.5863544936229897500 ) ) ;
#3081 = CARTESIAN_POINT ( 'NONE',  ( 9.112379733621851900, -0.6666666666666666300, 0.6770833333333344800 ) ) ;
#3082 = ORIENTED_EDGE ( 'NONE', *, *, #4903, .T. ) ;
#3083 = DIRECTION ( 'NONE',  ( 0.0000000000000000000, -1.000000000000000000, 0.0000000000000000000 ) ) ;
#3084 = DIRECTION ( 'NONE',  ( -0.0000000000000000000, 1.000000000000000000, 1.133581677370982300E-015 ) ) ;
#3085 = ORIENTED_EDGE ( 'NONE', *, *, #1934, .T. ) ;
#3086 = CARTESIAN_POINT ( 'NONE',  ( 10.41666937021405200, -8.873624616977487300, 3.536514010989594100 ) ) ;
#3087 = VERTEX_POINT ( 'NONE', #4877 ) ;
#3088 = ADVANCED_FACE ( 'NONE', ( #38 ), #721, .T. ) ;
#3089 = CARTESIAN_POINT ( 'NONE',  ( 10.47854961734654300, -1.731944775382387600, 3.000000000000005800 ) ) ;
#3090 = CARTESIAN_POINT ( 'NONE',  ( -11.51195031260993500, -2.561111111111112200, 2.862500000000005200 ) ) ;
#3091 = EDGE_CURVE ( 'NONE', #6780, #1064, #7427, .T. ) ;
#3092 = CARTESIAN_POINT ( 'NONE',  ( 10.99009943064561600, -8.513508640916521500, 0.4665988689687435900 ) ) ;
#3093 = CARTESIAN_POINT ( 'NONE',  ( -10.61618999397227000, -8.432806995708313400, 2.898464790936376100 ) ) ;
#3094 = ORIENTED_EDGE ( 'NONE', *, *, #1430, .T. ) ;
#3095 = EDGE_LOOP ( 'NONE', ( #4854, #6808, #3254, #7874 ) ) ;
#3096 = B_SPLINE_CURVE_WITH_KNOTS ( 'NONE', 3,
 ( #7207, #1119, #5451, #6626, #2975, #2946, #4822, #7234, #4254, #3572 ),
 .UNSPECIFIED., .F., .F.,
 ( 4, 2, 2, 2, 4 ),
 ( 0.0000000000000000000, 0.0003556101068988538800, 0.0007112202137977077700, 0.001066830320696561700, 0.001422440427595415500 ),
 .UNSPECIFIED. ) ;
#3097 = DIRECTION ( 'NONE',  ( 0.0000000000000000000, 0.0000000000000000000, -1.000000000000000000 ) ) ;
#3098 = CARTESIAN_POINT ( 'NONE',  ( 10.51182419603454200, -8.285609833563626100, -3.000000000000009800 ) ) ;
#3099 = DIRECTION ( 'NONE',  ( 0.0000000000000000000, 1.133581677370982300E-015, 1.000000000000000000 ) ) ;
#3100 = DIRECTION ( 'NONE',  ( 0.0000000000000000000, -1.000000000000000000, 0.0000000000000000000 ) ) ;
#3101 = CYLINDRICAL_SURFACE ( 'NONE', #483, 0.1375000000000000400 ) ;
#3102 = ORIENTED_EDGE ( 'NONE', *, *, #596, .T. ) ;
#3103 = APPROVAL_PERSON_ORGANIZATION ( #4436, #5098, #210 ) ;
#3104 = EDGE_LOOP ( 'NONE', ( #4793, #6972, #5280 ) ) ;
#3105 = CARTESIAN_POINT ( 'NONE',  ( 10.47579425945666600, -8.513508640916521500, 2.872566950226699900 ) ) ;
#3106 = CARTESIAN_POINT ( 'NONE',  ( 0.0000000000000000000, -2.286111111111111900, 0.0000000000000000000 ) ) ;
#3107 = DIRECTION ( 'NONE',  ( -1.000000000000000000, 0.0000000000000000000, 0.0000000000000000000 ) ) ;
#3108 = VECTOR ( 'NONE', #4027, 1000.000000000000000 ) ;
#3109 = CARTESIAN_POINT ( 'NONE',  ( 0.0000000000000000000, -4.889079012875070500, 0.0000000000000000000 ) ) ;
#3110 = DIRECTION ( 'NONE',  ( -0.2445339470655930600, 0.0000000000000000000, -0.9696407317829226500 ) ) ;
#3111 = EDGE_LOOP ( 'NONE', ( #628, #1148, #1924, #4449 ) ) ;
#3112 = EDGE_CURVE ( 'NONE', #6216, #2788, #2154, .T. ) ;
#3113 = ORIENTED_EDGE ( 'NONE', *, *, #6464, .T. ) ;
#3114 =( BOUNDED_SURFACE ( )  B_SPLINE_SURFACE ( 3, 2, ( 
 ( #6526, #7680, #4101 ),
 ( #1536, #1564, #3435 ),
 ( #4626, #4040, #7792 ),
 ( #425, #452, #4655 ) ),
 .UNSPECIFIED., .F., .F., .F. ) 
 B_SPLINE_SURFACE_WITH_KNOTS ( ( 4, 4 ),
 ( 3, 3 ),
 ( 0.0000000000000000000, 0.003474992711863929000 ),
 ( 0.0000000000000000000, 1.000000000000000000 ),
 .UNSPECIFIED. ) 
 GEOMETRIC_REPRESENTATION_ITEM ( )  RATIONAL_B_SPLINE_SURFACE ( (
 ( 1.000000000000000000, 0.6934795268639774000, 1.000000000000000000),
 ( 1.000000000000000000, 0.6931080534477613900, 1.000000000000000000),
 ( 1.000000000000000000, 0.6927064981664257100, 1.000000000000000000),
 ( 1.000000000000000000, 0.6922660349650390200, 1.000000000000000000) ) ) 
 REPRESENTATION_ITEM ( '' )  SURFACE ( )  );
#3115 = FACE_OUTER_BOUND ( 'NONE', #5024, .T. ) ;
#3116 = CARTESIAN_POINT ( 'NONE',  ( 10.61118939225463000, -1.694791839520818100, 2.898734151608143100 ) ) ;
#3117 = CARTESIAN_POINT ( 'NONE',  ( -11.43215709858830400, -5.658038523075819400, 2.894931651868641900 ) ) ;
#3118 = DIRECTION ( 'NONE',  ( 1.261617073437677500E-014, 1.000000000000000000, 0.0000000000000000000 ) ) ;
#3119 = CARTESIAN_POINT ( 'NONE',  ( -10.40651811907711800, -8.670991330201355000, -3.565522744183308400 ) ) ;
#3120 = CARTESIAN_POINT ( 'NONE',  ( 10.47854951794381300, -1.010416666666632500, 3.000000000000122100 ) ) ;
#3121 = ORIENTED_EDGE ( 'NONE', *, *, #339, .T. ) ;
#3122 = TOROIDAL_SURFACE ( 'NONE', #3078, 11.68750000000000000, 0.6875000000000000000 ) ;
#3123 = EDGE_LOOP ( 'NONE', ( #5980, #7415, #4936, #3113 ) ) ;
#3124 = FACE_OUTER_BOUND ( 'NONE', #4438, .T. ) ;
#3125 = CARTESIAN_POINT ( 'NONE',  ( -8.979200709284981500, -0.8041668731194625600, -0.6138290696692781900 ) ) ;
#3126 = EDGE_CURVE ( 'NONE', #7480, #5226, #7637, .T. ) ;
#3127 = DIRECTION ( 'NONE',  ( -0.0000000000000000000, 1.000000000000000000, -0.0000000000000000000 ) ) ;
#3128 = CARTESIAN_POINT ( 'NONE',  ( 9.112379733621851900, -0.6666666666666666300, 0.6770833333333342600 ) ) ;
#3129 = EDGE_CURVE ( 'NONE', #1106, #5368, #2345, .T. ) ;
#3130 = AXIS2_PLACEMENT_3D ( 'NONE', #5825, #5210, #1507 ) ;
#3131 = CYLINDRICAL_SURFACE ( 'NONE', #1512, 0.1374999999999999800 ) ;
#3132 = ADVANCED_FACE ( 'NONE', ( #5214 ), #5693, .T. ) ;
#3133 = EDGE_LOOP ( 'NONE', ( #104, #3555, #4641, #6434 ) ) ;
#3134 = DIRECTION ( 'NONE',  ( 0.0000000000000000000, 0.0000000000000000000, 1.000000000000000000 ) ) ;
#3135 = DIRECTION ( 'NONE',  ( 1.000000000000000000, -0.0000000000000000000, 0.0000000000000000000 ) ) ;
#3136 = DIRECTION ( 'NONE',  ( 0.0000000000000000000, 0.0000000000000000000, 1.000000000000000000 ) ) ;
#3137 = CARTESIAN_POINT ( 'NONE',  ( 10.99880052175739900, -8.395807456933763300, 0.4767081896815625300 ) ) ;
#3138 = CARTESIAN_POINT ( 'NONE',  ( -10.94696290255124700, -7.199896532503244900, -2.999999999995718100 ) ) ;
#3139 = CARTESIAN_POINT ( 'NONE',  ( -10.98966187822720800, 0.0000000000000000000, 0.4767932489451486800 ) ) ;
#3140 = FACE_OUTER_BOUND ( 'NONE', #2856, .T. ) ;
#3141 = EDGE_CURVE ( 'NONE', #5352, #7523, #2765, .T. ) ;
#3142 = EDGE_CURVE ( 'NONE', #2406, #6004, #6368, .T. ) ;
#3143 = DIRECTION ( 'NONE',  ( 0.0000000000000000000, -1.000000000000000000, 0.0000000000000000000 ) ) ;
#3144 = CARTESIAN_POINT ( 'NONE',  ( 9.116417677069833300, -0.6666666666657454800, -0.5865102788348005600 ) ) ;
#3145 = DIRECTION ( 'NONE',  ( 0.0000000000000000000, -1.000000000000000000, 0.0000000000000000000 ) ) ;
#3146 = CIRCLE ( 'NONE', #2389, 11.98662413913137000 ) ;
#3147 = CARTESIAN_POINT ( 'NONE',  ( -10.37279332792193800, -8.480919544203615600, -3.666666643409920700 ) ) ;
#3148 = CARTESIAN_POINT ( 'NONE',  ( 10.99602200798088700, -2.286111111111111900, 2.862500000000005200 ) ) ;
#3149 = ORIENTED_EDGE ( 'NONE', *, *, #3066, .T. ) ;
#3150 = FACE_OUTER_BOUND ( 'NONE', #5373, .T. ) ;
#3151 = B_SPLINE_CURVE_WITH_KNOTS ( 'NONE', 3,
 ( #3675, #7431, #631, #2554, #6829, #3180 ),
 .UNSPECIFIED., .F., .F.,
 ( 4, 2, 4 ),
 ( 0.0000000000000000000, 0.0001622663994588302700, 0.0003245327989176605300 ),
 .UNSPECIFIED. ) ;
#3152 = CARTESIAN_POINT ( 'NONE',  ( -11.85315241706704000, -2.561111111111112200, 0.4708333333333341000 ) ) ;
#3153 = CIRCLE ( 'NONE', #2810, 0.1374999999999995100 ) ;
#3154 = CARTESIAN_POINT ( 'NONE',  ( -11.84512056720710200, -4.946053714713292100, -0.3333333333333340900 ) ) ;
#3155 = CARTESIAN_POINT ( 'NONE',  ( -10.84137742216007400, -0.8041666666666667000, 0.6770833333333342600 ) ) ;
#3156 = CARTESIAN_POINT ( 'NONE',  ( -11.98608459299545000, -4.953012634110761400, 0.4762213221149662100 ) ) ;
#3157 = ORIENTED_EDGE ( 'NONE', *, *, #4291, .F. ) ;
#3158 = FACE_OUTER_BOUND ( 'NONE', #572, .T. ) ;
#3159 = DIRECTION ( 'NONE',  ( -0.0000000000000000000, 1.000000000000000000, -0.0000000000000000000 ) ) ;
#3160 = CARTESIAN_POINT ( 'NONE',  ( 10.98201921293323800, -0.8041668743957319800, -0.6310668630312686900 ) ) ;
#3161 =( BOUNDED_SURFACE ( )  B_SPLINE_SURFACE ( 3, 2, ( 
 ( #7909, #6669, #3098 ),
 ( #5491, #7331, #7379 ),
 ( #3020, #5545, #4243 ),
 ( #1820, #7300, #3070 ) ),
 .UNSPECIFIED., .F., .F., .F. ) 
 B_SPLINE_SURFACE_WITH_KNOTS ( ( 4, 4 ),
 ( 3, 3 ),
 ( 0.0000000000000000000, 0.0001338827292255141100 ),
 ( 0.0000000000000000000, 1.000000000000000000 ),
 .UNSPECIFIED. ) 
 GEOMETRIC_REPRESENTATION_ITEM ( )  RATIONAL_B_SPLINE_SURFACE ( (
 ( 1.000000000000000000, 0.7913662164498372900, 1.000000000000000000),
 ( 1.000000000000000000, 0.7926971983875069600, 1.000000000000000000),
 ( 1.000000000000000000, 0.7936489068735809200, 1.000000000000000000),
 ( 1.000000000000000000, 0.7942172611763452800, 1.000000000000000000) ) ) 
 REPRESENTATION_ITEM ( '' )  SURFACE ( )  );
#3162 = CARTESIAN_POINT ( 'NONE',  ( 10.84137742216010700, -0.6666666666656588800, 0.6770833333329572300 ) ) ;
#3163 = CARTESIAN_POINT ( 'NONE',  ( -10.99602200798088500, -1.932638888888889200, 3.000000000000005800 ) ) ;
#3164 = CARTESIAN_POINT ( 'NONE',  ( -10.99009943064561400, -8.513508640916526800, 0.4665988689687422500 ) ) ;
#3165 = CARTESIAN_POINT ( 'NONE',  ( -11.00000000000000000, -3.052083333333333900, -0.4708333333333341000 ) ) ;
#3166 = VERTEX_POINT ( 'NONE', #6176 ) ;
#3167 = ORIENTED_EDGE ( 'NONE', *, *, #2097, .F. ) ;
#3168 = ORIENTED_EDGE ( 'NONE', *, *, #4260, .T. ) ;
#3169 = CARTESIAN_POINT ( 'NONE',  ( 10.49015854358430200, -8.896426618499015500, 3.312175395226919900 ) ) ;
#3170 = ADVANCED_FACE ( 'NONE', ( #7823 ), #7036, .T. ) ;
#3171 = CARTESIAN_POINT ( 'NONE',  ( 0.0000000000000000000, -3.189583333333333700, 0.0000000000000000000 ) ) ;
#3172 = CARTESIAN_POINT ( 'NONE',  ( -10.69170510381660800, -8.147899996510584900, 2.897061252343651600 ) ) ;
#3173 = DIRECTION ( 'NONE',  ( -0.06233218258534672900, 0.0000000000000000000, 0.9980554588870034200 ) ) ;
#3174 = EDGE_LOOP ( 'NONE', ( #6699, #2915, #7487, #447, #946, #6324 ) ) ;
#3175 = CARTESIAN_POINT ( 'NONE',  ( 10.85615918285223500, -8.627382810789264100, -0.2693451212249585200 ) ) ;
#3176 = EDGE_CURVE ( 'NONE', #2342, #573, #1582, .T. ) ;
#3177 = ORIENTED_EDGE ( 'NONE', *, *, #4885, .F. ) ;
#3178 = AXIS2_PLACEMENT_3D ( 'NONE', #7011, #7723, #7628 ) ;
#3179 = EDGE_CURVE ( 'NONE', #850, #949, #7479, .T. ) ;
#3180 = CARTESIAN_POINT ( 'NONE',  ( -10.98966187822720600, -1.010416666666666500, 0.4767932489451486300 ) ) ;
#3181 = DIRECTION ( 'NONE',  ( 0.0000000000000000000, 0.0000000000000000000, 1.000000000000000000 ) ) ;
#3182 = CARTESIAN_POINT ( 'NONE',  ( -10.48047654633079200, -8.439694462148795000, -2.999999999999337400 ) ) ;
#3183 = ORIENTED_EDGE ( 'NONE', *, *, #7071, .T. ) ;
#3184 = CARTESIAN_POINT ( 'NONE',  ( -10.76336378647492800, -1.932638888888889200, 3.000000000000005800 ) ) ;
#3185 = ORIENTED_EDGE ( 'NONE', *, *, #1609, .F. ) ;
#3186 = CARTESIAN_POINT ( 'NONE',  ( 10.61618999397227200, -8.432806995708313400, 2.898464790936376100 ) ) ;
#3187 = DIRECTION ( 'NONE',  ( 0.0000000000000000000, 0.0000000000000000000, -1.000000000000000000 ) ) ;
#3188 = EDGE_CURVE ( 'NONE', #1952, #2298, #3394, .T. ) ;
#3189 = AXIS2_PLACEMENT_3D ( 'NONE', #4033, #6540, #5231 ) ;
#3190 = CARTESIAN_POINT ( 'NONE',  ( 10.99588597502109600, -1.010416666666297500, -0.3333333333323818500 ) ) ;
#3191 = ORIENTED_EDGE ( 'NONE', *, *, #3077, .T. ) ;
#3192 = CARTESIAN_POINT ( 'NONE',  ( 10.98966186894744200, -0.9564006813443483000, 0.4767934628354810700 ) ) ;
#3193 = CARTESIAN_POINT ( 'NONE',  ( -8.677557259966652800, -8.416666666666671400, -3.000000000000004400 ) ) ;
#3194 = ORIENTED_EDGE ( 'NONE', *, *, #449, .F. ) ;
#3195 = CIRCLE ( 'NONE', #4997, 0.1375000000000000400 ) ;
#3196 = EDGE_LOOP ( 'NONE', ( #7280, #5189, #3581, #3753 ) ) ;
#3197 = PERSON_AND_ORGANIZATION ( #1598, #4343 ) ;
#3198 = CARTESIAN_POINT ( 'NONE',  ( 10.60765027046295800, -1.745866164475395700, 3.000000000000005800 ) ) ;
#3199 = CARTESIAN_POINT ( 'NONE',  ( 9.119825848325636000, -0.7039029021103346800, -0.4974925893366360400 ) ) ;
#3200 = CARTESIAN_POINT ( 'NONE',  ( 10.48316575720644500, -8.761935142356412200, -3.333068766315355500 ) ) ;
#3201 = CARTESIAN_POINT ( 'NONE',  ( 11.51195024427867600, -4.908460220011065200, -3.000000000000008400 ) ) ;
#3202 = VERTEX_POINT ( 'NONE', #3925 ) ;
#3203 = EDGE_CURVE ( 'NONE', #3285, #877, #4358, .T. ) ;
#3204 = AXIS2_PLACEMENT_3D ( 'NONE', #2473, #7378, #5569 ) ;
#3205 = CARTESIAN_POINT ( 'NONE',  ( -10.58593491673116600, -8.450281924579943600, 3.000886091576723900 ) ) ;
#3206 = CARTESIAN_POINT ( 'NONE',  ( -10.63933082173411800, -8.323592968122445900, -2.897221634347996400 ) ) ;
#3207 = VECTOR ( 'NONE', #3999, 1000.000000000000000 ) ;
#3208 = B_SPLINE_CURVE_WITH_KNOTS ( 'NONE', 3,
 ( #5782, #2120, #1552, #939, #7049, #4587, #4617, #3970, #6459, #3559 ),
 .UNSPECIFIED., .F., .F.,
 ( 4, 2, 2, 2, 4 ),
 ( 1.734723475976807100E-018, 0.0003791129821037807000, 0.0007582259642075596700, 0.001137338946311338600, 0.001516451928415117600 ),
 .UNSPECIFIED. ) ;
#3209 = CARTESIAN_POINT ( 'NONE',  ( -8.182944173180519700, -8.544865598685369400, -3.746922024623807100 ) ) ;
#3210 = ORIENTED_EDGE ( 'NONE', *, *, #7589, .F. ) ;
#3211 = CARTESIAN_POINT ( 'NONE',  ( 10.63933082173412200, -8.323592968122440500, 2.897221634347988000 ) ) ;
#3212 = DIRECTION ( 'NONE',  ( 0.0000000000000000000, 0.0000000000000000000, 1.000000000000000000 ) ) ;
#3213 = EDGE_LOOP ( 'NONE', ( #6210, #1812, #4616, #6229 ) ) ;
#3214 = ADVANCED_FACE ( 'NONE', ( #1478 ), #5986, .T. ) ;
#3215 = AXIS2_PLACEMENT_3D ( 'NONE', #2310, #413, #6587 ) ;
#3216 = DIRECTION ( 'NONE',  ( 0.0000000000000000000, -1.000000000000000000, 1.219727444046190300E-016 ) ) ;
#3217 = VERTEX_POINT ( 'NONE', #6331 ) ;
#3218 = CARTESIAN_POINT ( 'NONE',  ( 10.61026777284076100, -8.486828410905344500, 2.902114352223797300 ) ) ;
#3219 = CARTESIAN_POINT ( 'NONE',  ( -11.35274073614923100, -2.286111111111111900, 0.3333333333333341500 ) ) ;
#3220 = VECTOR ( 'NONE', #875, 1000.000000000000000 ) ;
#3221 = DIRECTION ( 'NONE',  ( -0.0000000000000000000, 1.000000000000000000, -0.0000000000000000000 ) ) ;
#3222 = CARTESIAN_POINT ( 'NONE',  ( -11.54180677895717200, -2.393437573959138500, 0.4743628289966136900 ) ) ;
#3223 = VERTEX_POINT ( 'NONE', #6923 ) ;
#3224 = CARTESIAN_POINT ( 'NONE',  ( -8.659744698434970200, -8.596256408623196100, -3.038941946968312500 ) ) ;
#3225 = CIRCLE ( 'NONE', #2986, 11.00000000000000000 ) ;
#3226 = EDGE_CURVE ( 'NONE', #6004, #1621, #5328, .T. ) ;
#3227 = DIRECTION ( 'NONE',  ( -0.0000000000000000000, 1.000000000000000000, -0.0000000000000000000 ) ) ;
#3228 = CYLINDRICAL_SURFACE ( 'NONE', #2450, 0.1375000000000000400 ) ;
#3229 = AXIS2_PLACEMENT_3D ( 'NONE', #1094, #400, #1630 ) ;
#3230 = CARTESIAN_POINT ( 'NONE',  ( 11.00461216178197300, -1.729493823204153500, 0.4761273833009251900 ) ) ;
#3231 = ORIENTED_EDGE ( 'NONE', *, *, #3987, .F. ) ;
#3232 = CARTESIAN_POINT ( 'NONE',  ( 10.60839925008269800, -8.513508640916525000, -2.908928557191599500 ) ) ;
#3233 = CARTESIAN_POINT ( 'NONE',  ( -10.49903941559771800, -8.328527428760391900, 3.000000000000000900 ) ) ;
#3234 = CARTESIAN_POINT ( 'NONE',  ( 10.85272318776254100, -8.485227356401077600, 0.3262062889250511000 ) ) ;
#3235 = CARTESIAN_POINT ( 'NONE',  ( -11.62797154374838700, -2.423611111111112000, 0.4708333333333340500 ) ) ;
#3236 = ADVANCED_FACE ( 'NONE', ( #7240 ), #2539, .T. ) ;
#3237 = CIRCLE ( 'NONE', #705, 0.1375000000000000400 ) ;
#3238 = CARTESIAN_POINT ( 'NONE',  ( 10.47854951794378300, -1.010416666666667000, 3.000000000000006200 ) ) ;
#3239 = CARTESIAN_POINT ( 'NONE',  ( 0.0000000000000000000, 0.0000000000000000000, 0.0000000000000000000 ) ) ;
#3240 = EDGE_CURVE ( 'NONE', #4545, #6750, #7616, .T. ) ;
#3241 = SPHERICAL_SURFACE ( 'NONE', #820, 0.1375000000000000100 ) ;
#3242 = DIRECTION ( 'NONE',  ( 1.000000000000000000, -1.261617073437677500E-014, 0.0000000000000000000 ) ) ;
#3243 = CARTESIAN_POINT ( 'NONE',  ( 10.61618999397261800, -8.432806995708448400, 2.898464790935697500 ) ) ;
#3244 = CARTESIAN_POINT ( 'NONE',  ( 10.98966187822720600, -1.010416666666666500, 0.4767932489451486800 ) ) ;
#3245 = CARTESIAN_POINT ( 'NONE',  ( 8.685154776206147200, -0.8294406206892072100, 2.961912662297872000 ) ) ;
#3246 = CARTESIAN_POINT ( 'NONE',  ( -11.62797154374838500, -2.423611111111112000, 0.4708333333333340500 ) ) ;
#3247 = CARTESIAN_POINT ( 'NONE',  ( -8.487411582955434900, -8.416666666666671400, -3.000000000000004000 ) ) ;
#3248 = EDGE_CURVE ( 'NONE', #5185, #5934, #1962, .T. ) ;
#3249 = AXIS2_PLACEMENT_3D ( 'NONE', #7442, #92, #724 ) ;
#3250 = DIRECTION ( 'NONE',  ( -0.0000000000000000000, 1.000000000000000000, -0.0000000000000000000 ) ) ;
#3251 = ADVANCED_FACE ( 'NONE', ( #439 ), #4750, .T. ) ;
#3252 = DIRECTION ( 'NONE',  ( -0.2519251925192524400, -0.0000000000000000000, -0.9677467113734552500 ) ) ;
#3253 = DIRECTION ( 'NONE',  ( 0.9704489199249684000, 3.154042683594191300E-015, -0.2413066385669123400 ) ) ;
#3254 = ORIENTED_EDGE ( 'NONE', *, *, #2557, .F. ) ;
#3255 = DIRECTION ( 'NONE',  ( -0.0000000000000000000, 1.000000000000000000, -0.0000000000000000000 ) ) ;
#3256 = LINE ( 'NONE', #109, #2379 ) ;
#3257 = CARTESIAN_POINT ( 'NONE',  ( -10.61025830592787000, -8.486963670435796900, -2.902148876547670800 ) ) ;
#3258 = DIRECTION ( 'NONE',  ( -0.0000000000000000000, 1.000000000000000000, -0.0000000000000000000 ) ) ;
#3259 = EDGE_LOOP ( 'NONE', ( #3576, #694, #2866, #2843 ) ) ;
#3260 = AXIS2_PLACEMENT_3D ( 'NONE', #1974, #3221, #663 ) ;
#3261 = ORIENTED_EDGE ( 'NONE', *, *, #6496, .F. ) ;
#3262 = CARTESIAN_POINT ( 'NONE',  ( -10.61281942989180000, -8.459911178803869400, -2.898646283134833200 ) ) ;
#3263 = ORIENTED_EDGE ( 'NONE', *, *, #4260, .F. ) ;
#3264 = ORIENTED_EDGE ( 'NONE', *, *, #6410, .F. ) ;
#3265 =( BOUNDED_SURFACE ( )  B_SPLINE_SURFACE ( 3, 2, ( 
 ( #1813, #4507, #4456 ),
 ( #131, #6214, #215 ),
 ( #834, #6270, #5116 ),
 ( #3829, #6824, #4427 ),
 ( #2603, #6879, #1960 ),
 ( #6241, #7557, #2580 ) ),
 .UNSPECIFIED., .F., .F., .F. ) 
 B_SPLINE_SURFACE_WITH_KNOTS ( ( 4, 2, 4 ),
 ( 3, 3 ),
 ( 0.0000000000000000000, 0.0002186345944619500900, 0.0004372691889239001800 ),
 ( 0.0000000000000000000, 1.000000000000000000 ),
 .UNSPECIFIED. ) 
 GEOMETRIC_REPRESENTATION_ITEM ( )  RATIONAL_B_SPLINE_SURFACE ( (
 ( 1.000000000000000000, 0.7948337212391488600, 1.000000000000000000),
 ( 1.000000000000000000, 0.7950448308490276600, 1.000000000000000000),
 ( 1.000000000000000000, 0.7852812379786476800, 1.000000000000000000),
 ( 1.000000000000000000, 0.7531590582996085000, 1.000000000000000000),
 ( 1.000000000000000000, 0.7306175216794910100, 1.000000000000000000),
 ( 1.000000000000000000, 0.7071067811865475700, 1.000000000000000000) ) ) 
 REPRESENTATION_ITEM ( '' )  SURFACE ( )  );
#3266 = VERTEX_POINT ( 'NONE', #309 ) ;
#3267 = DIRECTION ( 'NONE',  ( 0.0000000000000000000, 0.0000000000000000000, 1.000000000000000000 ) ) ;
#3268 = ORIENTED_EDGE ( 'NONE', *, *, #7195, .T. ) ;
#3269 = EDGE_CURVE ( 'NONE', #1126, #409, #4056, .T. ) ;
#3270 = ADVANCED_FACE ( 'NONE', ( #6742 ), #5588, .T. ) ;
#3271 = CARTESIAN_POINT ( 'NONE',  ( 0.0000000000000000000, 2.000000000000000000, 9.000000000000000000 ) ) ;
#3272 = CARTESIAN_POINT ( 'NONE',  ( -8.595251605417573200, -0.8041666666666665900, -2.669215382070597300 ) ) ;
#3273 = CARTESIAN_POINT ( 'NONE',  ( -10.48446196509712700, -8.416666666666671400, 2.862500000000000700 ) ) ;
#3274 = VERTEX_POINT ( 'NONE', #5938 ) ;
#3275 = ORIENTED_EDGE ( 'NONE', *, *, #1695, .F. ) ;
#3276 = DIRECTION ( 'NONE',  ( 0.0000000000000000000, -1.000000000000000000, 1.133581677370982300E-015 ) ) ;
#3277 = CARTESIAN_POINT ( 'NONE',  ( 10.76336378647493000, -1.795138888888889300, 2.862500000000005200 ) ) ;
#3278 = DIRECTION ( 'NONE',  ( 0.0000000000000000000, -1.000000000000000000, 0.0000000000000000000 ) ) ;
#3279 = CARTESIAN_POINT ( 'NONE',  ( -10.99009943064561600, -8.513508640916526800, 0.4665988689687422000 ) ) ;
#3280 = CARTESIAN_POINT ( 'NONE',  ( -10.28616781217575800, -8.740049378073797100, 3.446505542828849100 ) ) ;
#3281 = CARTESIAN_POINT ( 'NONE',  ( 10.98966187842393100, -2.950907587099593800, -0.4767932443831248700 ) ) ;
#3282 = ORIENTED_EDGE ( 'NONE', *, *, #3626, .F. ) ;
#3283 = AXIS2_PLACEMENT_3D ( 'NONE', #3148, #5013, #3751 ) ;
#3284 = VERTEX_POINT ( 'NONE', #7118 ) ;
#3285 = VERTEX_POINT ( 'NONE', #7150 ) ;
#3286 = EDGE_CURVE ( 'NONE', #4293, #5765, #132, .T. ) ;
#3287 = CARTESIAN_POINT ( 'NONE',  ( -8.554726221487118900, -0.9004936102073751700, -2.796110632234054500 ) ) ;
#3288 = CARTESIAN_POINT ( 'NONE',  ( 11.17389292030989300, -6.059485666573541700, 3.000000000000002700 ) ) ;
#3289 = DIRECTION ( 'NONE',  ( 0.0000000000000000000, 1.000000000000000000, 0.0000000000000000000 ) ) ;
#3290 = CARTESIAN_POINT ( 'NONE',  ( -10.61118938525952900, -1.010416666666667000, 2.898734177215195600 ) ) ;
#3291 = ORIENTED_EDGE ( 'NONE', *, *, #2291, .T. ) ;
#3292 = ADVANCED_FACE ( 'NONE', ( #1104 ), #3516, .T. ) ;
#3293 = EDGE_LOOP ( 'NONE', ( #5755, #2103, #6649, #5439, #2702, #5081 ) ) ;
#3294 = CARTESIAN_POINT ( 'NONE',  ( 11.62797154374838500, -2.561111111111112200, 0.3333333333333341500 ) ) ;
#3295 = CARTESIAN_POINT ( 'NONE',  ( -11.99054406784442300, -4.889079012875070500, -0.4762908324552168600 ) ) ;
#3296 = EDGE_CURVE ( 'NONE', #3202, #6874, #6948, .T. ) ;
#3297 = AXIS2_PLACEMENT_3D ( 'NONE', #1079, #3532, #1150 ) ;
#3298 = FACE_OUTER_BOUND ( 'NONE', #931, .T. ) ;
#3299 = DIRECTION ( 'NONE',  ( -0.0000000000000000000, 1.000000000000000000, -0.0000000000000000000 ) ) ;
#3300 = ORIENTED_EDGE ( 'NONE', *, *, #3112, .F. ) ;
#3301 = CARTESIAN_POINT ( 'NONE',  ( -8.546978412602912900, -8.546695888081009300, -2.819425475961340400 ) ) ;
#3302 = COORDINATED_UNIVERSAL_TIME_OFFSET ( 6, 0, .BEHIND. ) ;
#3303 = VERTEX_POINT ( 'NONE', #6498 ) ;
#3304 = CARTESIAN_POINT ( 'NONE',  ( -8.611334613699364500, -0.6666666666666668500, 2.616279069767447800 ) ) ;
#3305 = LINE ( 'NONE', #7701, #3108 ) ;
#3306 = MECHANICAL_CONTEXT ( 'NONE', #3878, 'mechanical' ) ;
#3307 = CARTESIAN_POINT ( 'NONE',  ( 11.13251072934084000, -1.795138888888889300, 0.4708333333333341000 ) ) ;
#3308 = CARTESIAN_POINT ( 'NONE',  ( 8.990905333090596600, -8.662751877469229800, 0.4134600456486107700 ) ) ;
#3309 = AXIS2_PLACEMENT_3D ( 'NONE', #1037, #5960, #423 ) ;
#3310 = CARTESIAN_POINT ( 'NONE',  ( -10.62079630692780100, -8.395765596131607100, 2.898216766453011000 ) ) ;
#3311 = DIRECTION ( 'NONE',  ( 0.0000000000000000000, 0.0000000000000000000, -1.000000000000000000 ) ) ;
#3312 = ORIENTED_EDGE ( 'NONE', *, *, #5333, .T. ) ;
#3313 = ADVANCED_FACE ( 'NONE', ( #1572 ), #3114, .T. ) ;
#3314 = ORIENTED_EDGE ( 'NONE', *, *, #6790, .T. ) ;
#3315 = CIRCLE ( 'NONE', #6664, 10.86249999999999900 ) ;
#3316 = DIRECTION ( 'NONE',  ( 0.2854934147699888500, 0.9583806707790860600, -0.0000000000000000000 ) ) ;
#3317 = CARTESIAN_POINT ( 'NONE',  ( -9.125361484468557500, -1.010416666666666500, 0.3333333333333342600 ) ) ;
#3318 = CARTESIAN_POINT ( 'NONE',  ( 11.13000484988143600, -2.303525804501201700, 2.896924479869449300 ) ) ;
#3319 = ORIENTED_EDGE ( 'NONE', *, *, #4623, .F. ) ;
#3320 = CIRCLE ( 'NONE', #3735, 0.1375000000000000400 ) ;
#3321 = PRODUCT_DEFINITION_FORMATION_WITH_SPECIFIED_SOURCE ( 'ANY', '', #7090, .NOT_KNOWN. ) ;
#3322 = EDGE_LOOP ( 'NONE', ( #3567, #5408, #5273, #3841 ) ) ;
#3323 = FACE_OUTER_BOUND ( 'NONE', #4225, .T. ) ;
#3324 = CARTESIAN_POINT ( 'NONE',  ( -9.134645823746819100, -8.714714752168712100, 0.1732668058450803900 ) ) ;
#3325 = CARTESIAN_POINT ( 'NONE',  ( -11.23728905727017800, 1.437280458815214200, 0.0000000000000000000 ) ) ;
#3326 = VERTEX_POINT ( 'NONE', #2779 ) ;
#3327 = EDGE_CURVE ( 'NONE', #4593, #4034, #5224, .T. ) ;
#3328 = DIRECTION ( 'NONE',  ( 0.0000000000000000000, 0.0000000000000000000, 1.000000000000000000 ) ) ;
#3329 = AXIS2_PLACEMENT_3D ( 'NONE', #3930, #2813, #930 ) ;
#3330 = CARTESIAN_POINT ( 'NONE',  ( 10.98966187822720600, -1.657638888888889300, 0.4767932489451485200 ) ) ;
#3331 = CARTESIAN_POINT ( 'NONE',  ( 10.61118938525952900, -1.010416666666667000, 2.898734177215195600 ) ) ;
#3332 = CIRCLE ( 'NONE', #6500, 11.00000000000000000 ) ;
#3333 = EDGE_CURVE ( 'NONE', #6780, #5452, #7041, .T. ) ;
#3334 = CARTESIAN_POINT ( 'NONE',  ( 10.99736192195888600, -8.624421746148538400, 0.2718012309219685100 ) ) ;
#3335 = CARTESIAN_POINT ( 'NONE',  ( 8.487411577766762200, -8.490337132651177400, 3.000000013515877800 ) ) ;
#3336 = CARTESIAN_POINT ( 'NONE',  ( -11.95182497859541100, -5.072131190137277200, 0.4760932343578060900 ) ) ;
#3337 = B_SPLINE_CURVE_WITH_KNOTS ( 'NONE', 3,
 ( #3206, #7375, #2579, #6849 ),
 .UNSPECIFIED., .F., .F.,
 ( 4, 4 ),
 ( 0.0000000000000000000, 0.0001116456321102435900 ),
 .UNSPECIFIED. ) ;
#3338 = DIRECTION ( 'NONE',  ( 0.0000000000000000000, 0.0000000000000000000, 1.000000000000000000 ) ) ;
#3339 = CIRCLE ( 'NONE', #3879, 0.1375000000000000400 ) ;
#3340 = CARTESIAN_POINT ( 'NONE',  ( -11.64538703909961700, -4.921373980271973800, 2.895679662802954200 ) ) ;
#3341 = CARTESIAN_POINT ( 'NONE',  ( -8.529156093886703300, -8.671068636872929500, 2.874397559932264600 ) ) ;
#3342 = CARTESIAN_POINT ( 'NONE',  ( 0.0000000000000000000, -2.286111111111111900, 0.0000000000000000000 ) ) ;
#3343 = EDGE_CURVE ( 'NONE', #1639, #2961, #4649, .T. ) ;
#3344 = EDGE_LOOP ( 'NONE', ( #7382, #5589, #7330, #1648, #7108, #7110 ) ) ;
#3345 = CIRCLE ( 'NONE', #3035, 0.1375000000000000400 ) ;
#3346 = LINE ( 'NONE', #1034, #555 ) ;
#3347 = CARTESIAN_POINT ( 'NONE',  ( -10.47854969384862600, -1.731055643704076700, 3.000000000000005800 ) ) ;
#3348 = DIRECTION ( 'NONE',  ( -0.0000000000000000000, 1.000000000000000000, -0.0000000000000000000 ) ) ;
#3349 = ADVANCED_FACE ( 'NONE', ( #6272 ), #1688, .T. ) ;
#3350 = DIRECTION ( 'NONE',  ( 1.000000000000000000, 0.0000000000000000000, 0.0000000000000000000 ) ) ;
#3351 = CARTESIAN_POINT ( 'NONE',  ( -11.17389283082888500, -6.059485968716686000, -3.000000000000008900 ) ) ;
#3352 = CARTESIAN_POINT ( 'NONE',  ( 10.84137742216007400, -0.8041666666666667000, -0.6770833333333348100 ) ) ;
#3353 = B_SPLINE_CURVE_WITH_KNOTS ( 'NONE', 3,
 ( #550, #4812, #4763, #1134, #4174, #6010, #2319, #5422, #6618, #499 ),
 .UNSPECIFIED., .F., .F.,
 ( 4, 2, 2, 2, 4 ),
 ( 0.0000000000000000000, 0.0002639520869487484600, 0.0005279041738974968200, 0.0007918562608462450600, 0.001055808347794993600 ),
 .UNSPECIFIED. ) ;
#3354 = CARTESIAN_POINT ( 'NONE',  ( -10.30337932021115300, 2.000000000000000000, 3.852320675105481000 ) ) ;
#3355 = ORIENTED_EDGE ( 'NONE', *, *, #4247, .F. ) ;
#3356 = EDGE_CURVE ( 'NONE', #1931, #3045, #236, .T. ) ;
#3357 = AXIS2_PLACEMENT_3D ( 'NONE', #7075, #5193, #2150 ) ;
#3358 = CIRCLE ( 'NONE', #4119, 0.1375000000000000400 ) ;
#3359 = CARTESIAN_POINT ( 'NONE',  ( 9.124259987326558600, -0.8307858262893340600, -0.3705958848543577400 ) ) ;
#3360 = CARTESIAN_POINT ( 'NONE',  ( 11.85315241706704000, -4.908258363060232600, -0.3333333333333340900 ) ) ;
#3361 = CARTESIAN_POINT ( 'NONE',  ( -10.88442328056743600, -8.285609833563626100, 0.3333333333333337000 ) ) ;
#3362 = EDGE_LOOP ( 'NONE', ( #6523, #2632, #604, #1240 ) ) ;
#3363 = CARTESIAN_POINT ( 'NONE',  ( 0.0000000000000000000, -0.8041666666666661400, 0.0000000000000000000 ) ) ;
#3364 = CARTESIAN_POINT ( 'NONE',  ( 8.988044143389004100, 2.000000000000000000, 0.4637482900136808400 ) ) ;
#3365 = ORIENTED_EDGE ( 'NONE', *, *, #4495, .T. ) ;
#3366 = EDGE_LOOP ( 'NONE', ( #4492, #667, #1693, #3720 ) ) ;
#3367 = CARTESIAN_POINT ( 'NONE',  ( -10.48446196509712700, -8.416666666666671400, 3.000000000000000900 ) ) ;
#3368 =( BOUNDED_SURFACE ( )  B_SPLINE_SURFACE ( 3, 2, ( 
 ( #1532, #7002, #4653 ),
 ( #6438, #4069, #3347 ),
 ( #5291, #1623, #2243 ),
 ( #895, #5179, #1504 ),
 ( #5791, #3537, #6547 ),
 ( #7818, #2963, #6030 ) ),
 .UNSPECIFIED., .F., .F., .F. ) 
 B_SPLINE_SURFACE_WITH_KNOTS ( ( 4, 2, 4 ),
 ( 3, 3 ),
 ( 0.0000000000000000000, 0.0002186345944619495200, 0.0004372691889238990400 ),
 ( 0.0000000000000000000, 1.000000000000000000 ),
 .UNSPECIFIED. ) 
 GEOMETRIC_REPRESENTATION_ITEM ( )  RATIONAL_B_SPLINE_SURFACE ( (
 ( 1.000000000000000000, 0.7948337212391488600, 1.000000000000000000),
 ( 1.000000000000000000, 0.7950448308491161500, 1.000000000000000000),
 ( 1.000000000000000000, 0.7852812379785298900, 1.000000000000000000),
 ( 1.000000000000000000, 0.7531590582997256300, 1.000000000000000000),
 ( 1.000000000000000000, 0.7306175216794031900, 1.000000000000000000),
 ( 1.000000000000000000, 0.7071067811865475700, 1.000000000000000000) ) ) 
 REPRESENTATION_ITEM ( '' )  SURFACE ( )  );
#3369 = AXIS2_PLACEMENT_3D ( 'NONE', #6978, #3348, #2161 ) ;
#3370 = DIRECTION ( 'NONE',  ( 0.2445339470655930600, 0.0000000000000000000, -0.9696407317829226500 ) ) ;
#3371 = DIRECTION ( 'NONE',  ( 0.0000000000000000000, 0.0000000000000000000, -1.000000000000000000 ) ) ;
#3372 = ORIENTED_EDGE ( 'NONE', *, *, #4964, .T. ) ;
#3373 = CARTESIAN_POINT ( 'NONE',  ( 11.24527348592387500, -2.420852817743799800, 2.870327128553736200 ) ) ;
#3374 = ORIENTED_EDGE ( 'NONE', *, *, #1152, .T. ) ;
#3375 = CARTESIAN_POINT ( 'NONE',  ( 8.555263317845751600, -0.6799414231016116500, -2.796064178509576800 ) ) ;
#3376 = ORIENTED_EDGE ( 'NONE', *, *, #1482, .F. ) ;
#3377 = EDGE_CURVE ( 'NONE', #1126, #573, #3320, .T. ) ;
#3378 = CARTESIAN_POINT ( 'NONE',  ( -10.61118938525953200, 0.0000000000000000000, -2.898734177215196000 ) ) ;
#3379 = DIRECTION ( 'NONE',  ( 1.000000000000000000, -0.0000000000000000000, -0.0000000000000000000 ) ) ;
#3380 = DIRECTION ( 'NONE',  ( 0.0000000000000000000, 0.0000000000000000000, 1.000000000000000000 ) ) ;
#3381 = ORIENTED_EDGE ( 'NONE', *, *, #6452, .F. ) ;
#3382 = CARTESIAN_POINT ( 'NONE',  ( -10.68948940102610300, -1.932638888888888600, 3.000000000000005800 ) ) ;
#3383 = ORIENTED_EDGE ( 'NONE', *, *, #3176, .F. ) ;
#3384 = CARTESIAN_POINT ( 'NONE',  ( -8.685399022806043600, -0.8272539662809912400, 2.960677126926420900 ) ) ;
#3385 = CARTESIAN_POINT ( 'NONE',  ( 11.00919080898534800, -1.726297630410810000, 0.3333333333332911800 ) ) ;
#3386 = DIRECTION ( 'NONE',  ( 0.0000000000000000000, 0.0000000000000000000, -1.000000000000000000 ) ) ;
#3387 = EDGE_LOOP ( 'NONE', ( #7467, #3634, #7690, #6703 ) ) ;
#3388 = CARTESIAN_POINT ( 'NONE',  ( -10.46907514795288000, -8.567765822168576400, 3.024474638046920300 ) ) ;
#3389 = FACE_OUTER_BOUND ( 'NONE', #1763, .T. ) ;
#3390 = ADVANCED_FACE ( 'NONE', ( #1682 ), #3122, .F. ) ;
#3391 = EDGE_CURVE ( 'NONE', #762, #6718, #5841, .T. ) ;
#3392 = AXIS2_PLACEMENT_3D ( 'NONE', #2248, #1628, #4078 ) ;
#3393 = ORIENTED_EDGE ( 'NONE', *, *, #3407, .T. ) ;
#3394 = B_SPLINE_CURVE_WITH_KNOTS ( 'NONE', 3,
 ( #1402, #2132, #2645, #6416, #7034, #3902, #5158, #7652, #7005, #4544 ),
 .UNSPECIFIED., .F., .F.,
 ( 4, 2, 2, 2, 4 ),
 ( 0.0000000000000000000, 0.0003790468944278284800, 0.0007580937888556569500, 0.001137140683283485400, 0.001516187577711313900 ),
 .UNSPECIFIED. ) ;
#3395 = CIRCLE ( 'NONE', #2905, 0.1374999999999998400 ) ;
#3396 = CARTESIAN_POINT ( 'NONE',  ( -11.00000204441465400, -8.887546538900190600, 0.1089757662982335600 ) ) ;
#3397 = ORIENTED_EDGE ( 'NONE', *, *, #7349, .T. ) ;
#3398 = CARTESIAN_POINT ( 'NONE',  ( -8.710124326119839100, -0.7021447658980756200, -2.832687092294766900 ) ) ;
#3399 = CARTESIAN_POINT ( 'NONE',  ( 10.51182419603454800, -8.285609833563626100, 3.000000000000000900 ) ) ;
#3400 = CARTESIAN_POINT ( 'NONE',  ( 10.47854951794378700, -1.010416666666667000, 3.000000000000006200 ) ) ;
#3401 = CARTESIAN_POINT ( 'NONE',  ( 10.39392563734551600, -8.736264661628450100, -3.208841559198476500 ) ) ;
#3402 = CIRCLE ( 'NONE', #933, 0.1375000000000001200 ) ;
#3403 = VECTOR ( 'NONE', #3621, 1000.000000000000000 ) ;
#3404 = CARTESIAN_POINT ( 'NONE',  ( 8.742896670297474400, -0.6666666666666664100, -2.656250000000406300 ) ) ;
#3405 = EDGE_CURVE ( 'NONE', #877, #4696, #4937, .T. ) ;
#3406 = VERTEX_POINT ( 'NONE', #551 ) ;
#3407 = EDGE_CURVE ( 'NONE', #1164, #1822, #3686, .T. ) ;
#3408 = CARTESIAN_POINT ( 'NONE',  ( 10.30337932021115100, -8.416666666666671400, -3.852320675105489000 ) ) ;
#3409 = CARTESIAN_POINT ( 'NONE',  ( -10.98966187842393100, -1.693963142655127800, 0.4767932443831229300 ) ) ;
#3410 = CARTESIAN_POINT ( 'NONE',  ( -8.335353670303950600, -8.599804345522386500, 3.624778498470739000 ) ) ;
#3411 = ORIENTED_EDGE ( 'NONE', *, *, #521, .F. ) ;
#3412 = CARTESIAN_POINT ( 'NONE',  ( 0.0000000000000000000, 0.4189344802651160400, 0.0000000000000000000 ) ) ;
#3413 = VECTOR ( 'NONE', #2043, 1000.000000000000000 ) ;
#3414 = CARTESIAN_POINT ( 'NONE',  ( -11.99622265472732300, -4.889079012875069600, 0.3333333333333339300 ) ) ;
#3415 = ORIENTED_EDGE ( 'NONE', *, *, #86, .T. ) ;
#3416 =( BOUNDED_SURFACE ( )  B_SPLINE_SURFACE ( 3, 2, ( 
 ( #4580, #1516, #2761 ),
 ( #4609, #2786, #1636 ),
 ( #7257, #1664, #5995 ),
 ( #7182, #7159, #4745 ),
 ( #4799, #3497, #4084 ),
 ( #437, #4720, #1691 ) ),
 .UNSPECIFIED., .F., .F., .F. ) 
 B_SPLINE_SURFACE_WITH_KNOTS ( ( 4, 2, 4 ),
 ( 3, 3 ),
 ( 0.0000000000000000000, 0.0001612176971836087100, 0.0003224353943672174200 ),
 ( 0.0000000000000000000, 1.000000000000000000 ),
 .UNSPECIFIED. ) 
 GEOMETRIC_REPRESENTATION_ITEM ( )  RATIONAL_B_SPLINE_SURFACE ( (
 ( 1.000000000000000000, 0.6916123043970483500, 1.000000000000000000),
 ( 1.000000000000000000, 0.6916373197317975400, 1.000000000000000000),
 ( 1.000000000000000000, 0.6924183933373732100, 1.000000000000000000),
 ( 1.000000000000000000, 0.6971282413308191900, 1.000000000000000000),
 ( 1.000000000000000000, 0.7012222857483552100, 1.000000000000000000),
 ( 1.000000000000000000, 0.7071067811865237000, 1.000000000000000000) ) ) 
 REPRESENTATION_ITEM ( '' )  SURFACE ( )  );
#3417 = CARTESIAN_POINT ( 'NONE',  ( -8.546978462613989100, -0.9542105153282251000, 2.819425324354784200 ) ) ;
#3418 = VECTOR ( 'NONE', #6440, 1000.000000000000000 ) ;
#3419 = CARTESIAN_POINT ( 'NONE',  ( 0.0000000000000000000, -0.8041666666666665900, 0.0000000000000000000 ) ) ;
#3420 = ORIENTED_EDGE ( 'NONE', *, *, #2348, .T. ) ;
#3421 = DIRECTION ( 'NONE',  ( 0.0000000000000000000, -1.000000000000000000, 0.0000000000000000000 ) ) ;
#3422 = EDGE_CURVE ( 'NONE', #3932, #1254, #6458, .T. ) ;
#3423 = AXIS2_PLACEMENT_3D ( 'NONE', #4100, #1011, #308 ) ;
#3424 = CARTESIAN_POINT ( 'NONE',  ( -11.24101280622692800, -2.423611111111112000, 2.871255872948721000 ) ) ;
#3425 = CARTESIAN_POINT ( 'NONE',  ( 11.35274073614923100, -2.286111111111111900, 0.3333333333333341500 ) ) ;
#3426 = CIRCLE ( 'NONE', #2605, 10.86249999999999900 ) ;
#3427 = CARTESIAN_POINT ( 'NONE',  ( -10.86249797896770500, -8.749966963020135300, -0.07647486787460855400 ) ) ;
#3428 = VERTEX_POINT ( 'NONE', #3021 ) ;
#3429 = CARTESIAN_POINT ( 'NONE',  ( 11.84512056720710200, -4.946053714713293000, 0.4708333333333339400 ) ) ;
#3430 = CARTESIAN_POINT ( 'NONE',  ( -11.47688573830026300, -2.561111111111112200, 3.000000000000005300 ) ) ;
#3431 = VECTOR ( 'NONE', #4921, 1000.000000000000000 ) ;
#3432 = CARTESIAN_POINT ( 'NONE',  ( -10.30337932021115000, -8.416666666666671400, 3.852320675105491700 ) ) ;
#3433 = CARTESIAN_POINT ( 'NONE',  ( 10.61618999397227000, -8.432806995708313400, -2.898464790936379700 ) ) ;
#3434 = ADVANCED_FACE ( 'NONE', ( #1378 ), #408, .T. ) ;
#3435 = CARTESIAN_POINT ( 'NONE',  ( 11.52490872548921700, -6.059245010011732500, 0.3333333333333338700 ) ) ;
#3436 = DIRECTION ( 'NONE',  ( 0.0000000000000000000, 1.219727444046190300E-016, -1.000000000000000000 ) ) ;
#3437 = DIRECTION ( 'NONE',  ( -0.0000000000000000000, 1.000000000000000000, -0.0000000000000000000 ) ) ;
#3438 = TOROIDAL_SURFACE ( 'NONE', #754, 11.86249999999999900, 0.1375000000000000100 ) ;
#3439 = ADVANCED_FACE ( 'NONE', ( #6173 ), #7380, .F. ) ;
#3440 = CARTESIAN_POINT ( 'NONE',  ( 11.24417210158222200, -2.561111111111112200, 3.000000000000005300 ) ) ;
#3441 = EDGE_CURVE ( 'NONE', #2988, #7035, #1860, .T. ) ;
#3442 = AXIS2_PLACEMENT_3D ( 'NONE', #4390, #6846, #621 ) ;
#3443 = DIRECTION ( 'NONE',  ( 0.0000000000000000000, -1.219727444046190300E-016, -1.000000000000000000 ) ) ;
#3444 = CARTESIAN_POINT ( 'NONE',  ( -11.00617784242756300, -8.359281979612244800, -0.4766395773534692300 ) ) ;
#3445 = EDGE_CURVE ( 'NONE', #4466, #4214, #6562, .T. ) ;
#3446 = CARTESIAN_POINT ( 'NONE',  ( -10.99442124812328100, -8.432806995708313400, 0.4767489394116603000 ) ) ;
#3447 = DIRECTION ( 'NONE',  ( -0.0000000000000000000, 1.000000000000000000, -0.0000000000000000000 ) ) ;
#3448 = DIRECTION ( 'NONE',  ( 0.0000000000000000000, 0.0000000000000000000, 1.000000000000000000 ) ) ;
#3449 = FACE_OUTER_BOUND ( 'NONE', #5194, .T. ) ;
#3450 = B_SPLINE_CURVE_WITH_KNOTS ( 'NONE', 3,
 ( #5526, #1798, #4897, #6066 ),
 .UNSPECIFIED., .F., .F.,
 ( 4, 4 ),
 ( 8.673617379884035500E-019, 9.591652981404758200E-005 ),
 .UNSPECIFIED. ) ;
#3451 = CARTESIAN_POINT ( 'NONE',  ( -10.85366095940658400, -8.559628587128029800, -0.3105689457195037200 ) ) ;
#3452 = ORIENTED_EDGE ( 'NONE', *, *, #4903, .F. ) ;
#3453 = DIRECTION ( 'NONE',  ( -0.9972508600406949600, 0.0000000000000000000, 0.07409940720474142400 ) ) ;
#3454 = DIRECTION ( 'NONE',  ( 0.0000000000000000000, -0.0000000000000000000, -1.000000000000000000 ) ) ;
#3455 = DIRECTION ( 'NONE',  ( -0.0000000000000000000, 1.000000000000000000, -0.0000000000000000000 ) ) ;
#3456 = DIRECTION ( 'NONE',  ( -1.261617073437677500E-014, 1.000000000000000000, 0.0000000000000000000 ) ) ;
#3457 = CARTESIAN_POINT ( 'NONE',  ( -11.51195031260993500, -3.189583333333333700, -2.862500000000007400 ) ) ;
#3458 = CYLINDRICAL_SURFACE ( 'NONE', #4664, 0.1375000000000000400 ) ;
#3459 = EDGE_CURVE ( 'NONE', #6345, #5968, #1282, .T. ) ;
#3460 = AXIS2_PLACEMENT_3D ( 'NONE', #7191, #2910, #1056 ) ;
#3461 = ORIENTED_EDGE ( 'NONE', *, *, #5949, .F. ) ;
#3462 = CARTESIAN_POINT ( 'NONE',  ( 11.20615853760067200, -2.561111111111112200, 3.000000000000005300 ) ) ;
#3463 = EDGE_LOOP ( 'NONE', ( #4413, #5870, #4361, #1755 ) ) ;
#3464 = DIRECTION ( 'NONE',  ( 0.9583806707790875100, 0.2854934147699845800, 0.0000000000000000000 ) ) ;
#3465 = DIRECTION ( 'NONE',  ( 0.0000000000000000000, 1.000000000000000000, 0.0000000000000000000 ) ) ;
#3466 = ORIENTED_EDGE ( 'NONE', *, *, #4409, .F. ) ;
#3467 = CARTESIAN_POINT ( 'NONE',  ( -10.85229110474936600, -2.987246747033091200, -0.3333333333333341500 ) ) ;
#3468 = AXIS2_PLACEMENT_3D ( 'NONE', #5369, #2341, #5397 ) ;
#3469 = ORIENTED_EDGE ( 'NONE', *, *, #4780, .F. ) ;
#3470 = CARTESIAN_POINT ( 'NONE',  ( -8.677557300349292300, -0.9167397139943523900, 3.000000000000040000 ) ) ;
#3471 = EDGE_LOOP ( 'NONE', ( #7762, #1433, #3771, #3966 ) ) ;
#3472 = DIRECTION ( 'NONE',  ( -0.0000000000000000000, 1.000000000000000000, -0.0000000000000000000 ) ) ;
#3473 = CARTESIAN_POINT ( 'NONE',  ( 8.182944173180525000, 2.000000000000000000, 3.746922024623798600 ) ) ;
#3474 = CARTESIAN_POINT ( 'NONE',  ( -10.52675392340576400, -8.866520772970838800, 3.193291774033580700 ) ) ;
#3475 = ORIENTED_EDGE ( 'NONE', *, *, #5346, .T. ) ;
#3476 = ADVANCED_FACE ( 'NONE', ( #4551 ), #6074, .T. ) ;
#3477 = ORIENTED_EDGE ( 'NONE', *, *, #1176, .T. ) ;
#3478 = CARTESIAN_POINT ( 'NONE',  ( 10.98381824882017300, -3.159837602153520400, -0.3333333333333342000 ) ) ;
#3479 = CARTESIAN_POINT ( 'NONE',  ( 10.61383315863255600, -1.683116185594827800, 2.898091143445933300 ) ) ;
#3480 = VERTEX_POINT ( 'NONE', #3128 ) ;
#3481 = EDGE_LOOP ( 'NONE', ( #1553, #7304, #85, #995 ) ) ;
#3482 = CARTESIAN_POINT ( 'NONE',  ( -10.66537539786334300, -1.763762731608692800, 2.885645173790351200 ) ) ;
#3483 = EDGE_CURVE ( 'NONE', #1157, #217, #2731, .T. ) ;
#3484 = CARTESIAN_POINT ( 'NONE',  ( -10.85229110474812800, -1.657638888889167100, 0.3333333333333342000 ) ) ;
#3485 = DIRECTION ( 'NONE',  ( 0.0000000000000000000, 0.0000000000000000000, 1.000000000000000000 ) ) ;
#3486 = VERTEX_POINT ( 'NONE', #633 ) ;
#3487 = CARTESIAN_POINT ( 'NONE',  ( -13.00000000000000000, -0.6666666666666669600, 2.656250000000005800 ) ) ;
#3488 = CARTESIAN_POINT ( 'NONE',  ( -10.88213375290451500, -3.058293203103139600, -0.3333333333333342000 ) ) ;
#3489 = EDGE_LOOP ( 'NONE', ( #7946, #2155, #2354, #7489 ) ) ;
#3490 = CARTESIAN_POINT ( 'NONE',  ( 8.546978422949370800, -8.416666666666671400, -2.819425444596447900 ) ) ;
#3491 = ADVANCED_FACE ( 'NONE', ( #5889 ), #7519, .T. ) ;
#3492 = CIRCLE ( 'NONE', #2324, 0.1375000000000008400 ) ;
#3493 = CARTESIAN_POINT ( 'NONE',  ( 0.0000000000000000000, -2.561111111111112200, 0.0000000000000000000 ) ) ;
#3494 = ORIENTED_EDGE ( 'NONE', *, *, #2569, .T. ) ;
#3495 = CARTESIAN_POINT ( 'NONE',  ( 11.17389283082888700, -6.059485968716686900, 3.000000000000002700 ) ) ;
#3496 = CIRCLE ( 'NONE', #1241, 11.98662413913136900 ) ;
#3497 = CARTESIAN_POINT ( 'NONE',  ( -10.98435191548726300, -0.6643883229621605500, -0.5937158395092524400 ) ) ;
#3498 = CARTESIAN_POINT ( 'NONE',  ( 11.85047215534189700, -4.927449114151163400, 0.3333333333333339300 ) ) ;
#3499 = CARTESIAN_POINT ( 'NONE',  ( -11.00000000000000000, -1.795138888888889300, -7.681258945454893400E-014 ) ) ;
#3500 = ORIENTED_EDGE ( 'NONE', *, *, #6446, .F. ) ;
#3501 = EDGE_CURVE ( 'NONE', #4523, #4311, #4458, .T. ) ;
#3502 = AXIS2_PLACEMENT_3D ( 'NONE', #7886, #4218, #1156 ) ;
#3503 = CARTESIAN_POINT ( 'NONE',  ( -10.99604904946702500, -8.484002524078436000, -0.3264637191209126000 ) ) ;
#3504 = LINE ( 'NONE', #138, #3413 ) ;
#3505 = CARTESIAN_POINT ( 'NONE',  ( -11.63191935903348700, -4.984036849272108300, -2.894410177868509000 ) ) ;
#3506 = CARTESIAN_POINT ( 'NONE',  ( 11.55716604146198800, -2.405705280900253900, 0.3333333333333340900 ) ) ;
#3507 = DIRECTION ( 'NONE',  ( 0.0000000000000000000, 0.0000000000000000000, -1.000000000000000000 ) ) ;
#3508 = DIRECTION ( 'NONE',  ( 0.0000000000000000000, 0.0000000000000000000, -1.000000000000000000 ) ) ;
#3509 = ORIENTED_EDGE ( 'NONE', *, *, #3356, .T. ) ;
#3510 = VERTEX_POINT ( 'NONE', #60 ) ;
#3511 = LINE ( 'NONE', #7211, #2634 ) ;
#3512 = EDGE_CURVE ( 'NONE', #3867, #5186, #1186, .T. ) ;
#3513 = CARTESIAN_POINT ( 'NONE',  ( 8.990829321638587500, -8.660360344359146400, -0.4152758477249123300 ) ) ;
#3514 = ADVANCED_FACE ( 'NONE', ( #4261 ), #2832, .F. ) ;
#3515 = PLANE ( 'NONE',  #5866 ) ;
#3516 = TOROIDAL_SURFACE ( 'NONE', #1025, 10.86249999999999900, 0.1375000000000000100 ) ;
#3517 = DIRECTION ( 'NONE',  ( 0.0000000000000000000, 0.0000000000000000000, -1.000000000000000000 ) ) ;
#3518 = VERTEX_POINT ( 'NONE', #1908 ) ;
#3519 = LINE ( 'NONE', #7296, #239 ) ;
#3520 = CARTESIAN_POINT ( 'NONE',  ( 8.182944173180519700, -8.416666666666671400, -3.746922024623807100 ) ) ;
#3521 = CARTESIAN_POINT ( 'NONE',  ( 10.24839028271572500, -8.702300284139990800, 3.523223793319251000 ) ) ;
#3522 = CARTESIAN_POINT ( 'NONE',  ( 10.61404070231699500, -2.944890844808378400, -2.898039709481383200 ) ) ;
#3523 = LINE ( 'NONE', #5303, #6569 ) ;
#3524 = AXIS2_PLACEMENT_3D ( 'NONE', #279, #3899, #873 ) ;
#3525 = CARTESIAN_POINT ( 'NONE',  ( -10.59285305376035200, -0.8416566020482115800, -2.967083413456121500 ) ) ;
#3526 = ORIENTED_EDGE ( 'NONE', *, *, #7646, .T. ) ;
#3527 = CARTESIAN_POINT ( 'NONE',  ( 11.51195031260993500, -3.052083333333333900, -2.862500000000007800 ) ) ;
#3528 = VECTOR ( 'NONE', #4539, 1000.000000000000000 ) ;
#3529 = DIRECTION ( 'NONE',  ( 0.0000000000000000000, 0.0000000000000000000, -1.000000000000000000 ) ) ;
#3530 = DIRECTION ( 'NONE',  ( 0.0000000000000000000, -1.000000000000000000, 0.0000000000000000000 ) ) ;
#3531 = CARTESIAN_POINT ( 'NONE',  ( 10.61706255562778800, -1.698541605576038300, 2.897305968003927000 ) ) ;
#3532 = DIRECTION ( 'NONE',  ( 0.0000000000000000000, -1.000000000000000000, 0.0000000000000000000 ) ) ;
#3533 = EDGE_CURVE ( 'NONE', #6750, #3166, #7072, .T. ) ;
#3534 = PRODUCT_DEFINITION_SHAPE ( 'NONE', 'NONE',  #6326 ) ;
#3535 = CARTESIAN_POINT ( 'NONE',  ( 10.61693642026361000, -1.904165704947997000, 3.000000000000006200 ) ) ;
#3536 = LINE ( 'NONE', #3440, #4000 ) ;
#3537 = CARTESIAN_POINT ( 'NONE',  ( -10.72542728021920900, -1.803977750155381100, 3.000000000000005800 ) ) ;
#3538 = DIRECTION ( 'NONE',  ( 0.0000000000000000000, 1.000000000000000000, 0.0000000000000000000 ) ) ;
#3539 = DIRECTION ( 'NONE',  ( -0.0000000000000000000, 1.000000000000000000, 7.274646834741446500E-016 ) ) ;
#3540 = CARTESIAN_POINT ( 'NONE',  ( -8.993351785629290200, -0.8339761393723809100, 0.3693515232005745700 ) ) ;
#3541 = ORIENTED_EDGE ( 'NONE', *, *, #7646, .F. ) ;
#3542 = CIRCLE ( 'NONE', #7338, 13.00000000000000000 ) ;
#3543 = ORIENTED_EDGE ( 'NONE', *, *, #4038, .F. ) ;
#3544 = CARTESIAN_POINT ( 'NONE',  ( -8.979268545186498000, -0.8041666666655210600, 0.6129161148474380200 ) ) ;
#3545 = EDGE_CURVE ( 'NONE', #2376, #1639, #3542, .T. ) ;
#3546 = CARTESIAN_POINT ( 'NONE',  ( -11.61553676467801900, -4.948162245174625400, -3.000000000000012400 ) ) ;
#3547 = EDGE_LOOP ( 'NONE', ( #3291, #1519, #7513, #1749 ) ) ;
#3548 = CARTESIAN_POINT ( 'NONE',  ( 10.62078244528454400, -8.395877059978364100, -2.898217514512099900 ) ) ;
#3549 = DIRECTION ( 'NONE',  ( 0.0000000000000000000, 0.0000000000000000000, 1.000000000000000000 ) ) ;
#3550 = FACE_OUTER_BOUND ( 'NONE', #5996, .T. ) ;
#3551 = ADVANCED_FACE ( 'NONE', ( #5255 ), #3940, .T. ) ;
#3552 = CARTESIAN_POINT ( 'NONE',  ( 10.99822433289083500, -8.850453223228877100, 0.2150627421055473500 ) ) ;
#3553 = DIRECTION ( 'NONE',  ( -0.0000000000000000000, 1.000000000000000000, -0.0000000000000000000 ) ) ;
#3554 = CARTESIAN_POINT ( 'NONE',  ( 10.61208522088511900, -1.674767049859880100, 2.898516126127055800 ) ) ;
#3555 = ORIENTED_EDGE ( 'NONE', *, *, #6353, .F. ) ;
#3556 = EDGE_CURVE ( 'NONE', #2153, #6455, #2470, .T. ) ;
#3557 = EDGE_CURVE ( 'NONE', #3732, #262, #3629, .T. ) ;
#3558 = AXIS2_PLACEMENT_3D ( 'NONE', #297, #5810, #837 ) ;
#3559 = CARTESIAN_POINT ( 'NONE',  ( -8.182944173180517900, -8.416666666666671400, 3.746922024623809700 ) ) ;
#3560 = ORIENTED_EDGE ( 'NONE', *, *, #4852, .T. ) ;
#3561 = DIRECTION ( 'NONE',  ( 0.0000000000000000000, 0.0000000000000000000, -1.000000000000000000 ) ) ;
#3562 = ORIENTED_EDGE ( 'NONE', *, *, #6597, .F. ) ;
#3563 = CARTESIAN_POINT ( 'NONE',  ( 11.51195031260993900, -4.889079012875070500, 3.000000000000003600 ) ) ;
#3564 = CARTESIAN_POINT ( 'NONE',  ( -13.00000000000000000, -0.6666666666666669600, 3.000000000000006700 ) ) ;
#3565 = CARTESIAN_POINT ( 'NONE',  ( 8.467878669921178800, -8.842123283034043300, -3.050196032703995200 ) ) ;
#3566 = CARTESIAN_POINT ( 'NONE',  ( -13.00000000000000000, -0.6666666666666666300, 0.6770833333333342600 ) ) ;
#3567 = ORIENTED_EDGE ( 'NONE', *, *, #5572, .T. ) ;
#3568 = AXIS2_PLACEMENT_3D ( 'NONE', #424, #4710, #1038 ) ;
#3569 = ORIENTED_EDGE ( 'NONE', *, *, #2291, .F. ) ;
#3570 = CARTESIAN_POINT ( 'NONE',  ( 10.44912304043152300, -8.643465581800017000, 3.075919392550882300 ) ) ;
#3571 = CARTESIAN_POINT ( 'NONE',  ( 10.48313218335474800, -8.761946161124621200, 3.333174849908751500 ) ) ;
#3572 = CARTESIAN_POINT ( 'NONE',  ( -10.60839925008270000, -8.513508640916526800, 2.908928557191595900 ) ) ;
#3573 = ORIENTED_EDGE ( 'NONE', *, *, #4863, .F. ) ;
#3574 = CARTESIAN_POINT ( 'NONE',  ( 11.50298563515620700, -2.346112365439625900, 0.4759875332491548300 ) ) ;
#3575 = CARTESIAN_POINT ( 'NONE',  ( -10.61118938525936400, -2.914583333333350200, -2.898734177215197800 ) ) ;
#3576 = ORIENTED_EDGE ( 'NONE', *, *, #5290, .F. ) ;
#3577 = ORIENTED_EDGE ( 'NONE', *, *, #4339, .T. ) ;
#3578 = CARTESIAN_POINT ( 'NONE',  ( 8.611334613699291700, -0.8041666666666668100, -2.616279069767684500 ) ) ;
#3579 = CARTESIAN_POINT ( 'NONE',  ( -11.00252659384255900, -2.974581398334977100, -0.4762242767762141500 ) ) ;
#3580 = CARTESIAN_POINT ( 'NONE',  ( -8.546978422949372600, -8.416666666666671400, 2.819425444596443500 ) ) ;
#3581 = ORIENTED_EDGE ( 'NONE', *, *, #244, .F. ) ;
#3582 = PERSON_AND_ORGANIZATION ( #1598, #4343 ) ;
#3583 = DIRECTION ( 'NONE',  ( 0.0000000000000000000, -3.917117526399240400E-016, 1.000000000000000000 ) ) ;
#3584 = ORIENTED_EDGE ( 'NONE', *, *, #6554, .T. ) ;
#3585 = CARTESIAN_POINT ( 'NONE',  ( -11.51195031260993500, -3.189583333333333700, -2.862500000000007400 ) ) ;
#3586 = EDGE_CURVE ( 'NONE', #3223, #4523, #2192, .T. ) ;
#3587 = CARTESIAN_POINT ( 'NONE',  ( -10.85136186337836300, -0.8305900822660428100, 0.3707086133166649900 ) ) ;
#3588 = CARTESIAN_POINT ( 'NONE',  ( -13.00000000000000000, -0.6666666666666669600, -2.656250000000006700 ) ) ;
#3589 = FACE_OUTER_BOUND ( 'NONE', #1022, .T. ) ;
#3590 = EDGE_CURVE ( 'NONE', #1897, #269, #4686, .T. ) ;
#3591 = ORIENTED_EDGE ( 'NONE', *, *, #290, .T. ) ;
#3592 = CARTESIAN_POINT ( 'NONE',  ( -10.85800004235543500, -8.416666666666671400, 0.3333333333333338100 ) ) ;
#3593 = EDGE_LOOP ( 'NONE', ( #3003, #7720, #797, #4836 ) ) ;
#3594 = CARTESIAN_POINT ( 'NONE',  ( 11.23728905727017800, 1.437280458815214200, 1.376171007507950200E-015 ) ) ;
#3595 = CIRCLE ( 'NONE', #3204, 11.00000000000000000 ) ;
#3596 = CARTESIAN_POINT ( 'NONE',  ( 11.02930576501670300, -3.012283613917088300, -0.4750479285877536300 ) ) ;
#3597 = CARTESIAN_POINT ( 'NONE',  ( 11.99622265472732100, -4.889079012875067900, 0.3333333333333339800 ) ) ;
#3598 = VERTEX_POINT ( 'NONE', #7770 ) ;
#3599 = EDGE_CURVE ( 'NONE', #231, #2066, #1410, .T. ) ;
#3600 = VECTOR ( 'NONE', #3843, 1000.000000000000000 ) ;
#3601 = ORIENTED_EDGE ( 'NONE', *, *, #3556, .F. ) ;
#3602 = LINE ( 'NONE', #5541, #1964 ) ;
#3603 = DIRECTION ( 'NONE',  ( 0.0000000000000000000, 0.0000000000000000000, -1.000000000000000000 ) ) ;
#3604 = CARTESIAN_POINT ( 'NONE',  ( -11.12754340464337100, -3.052083333333333900, -0.4708333333333340500 ) ) ;
#3605 = DIRECTION ( 'NONE',  ( 0.9972508600406949600, 0.0000000000000000000, 0.07409940720474142400 ) ) ;
#3606 = CARTESIAN_POINT ( 'NONE',  ( 11.30191758467448100, -6.097469125123009100, -2.895271638609017400 ) ) ;
#3607 = CIRCLE ( 'NONE', #7486, 0.1375000000000000400 ) ;
#3608 = ORIENTED_EDGE ( 'NONE', *, *, #1024, .F. ) ;
#3609 = AXIS2_PLACEMENT_3D ( 'NONE', #5146, #2093, #6996 ) ;
#3610 = DIRECTION ( 'NONE',  ( 0.0000000000000000000, 0.0000000000000000000, 1.000000000000000000 ) ) ;
#3611 = DIRECTION ( 'NONE',  ( 0.0000000000000000000, 1.000000000000000000, 7.274646834741446500E-016 ) ) ;
#3612 = CARTESIAN_POINT ( 'NONE',  ( -10.61118938525952900, -1.010416666666667000, 2.898734177215195600 ) ) ;
#3613 = B_SPLINE_CURVE_WITH_KNOTS ( 'NONE', 3,
 ( #2101, #6382, #2614, #3295 ),
 .UNSPECIFIED., .F., .F.,
 ( 4, 4 ),
 ( 0.0000000000000000000, 9.589582039655227600E-005 ),
 .UNSPECIFIED. ) ;
#3614 = FACE_OUTER_BOUND ( 'NONE', #5174, .T. ) ;
#3615 = CARTESIAN_POINT ( 'NONE',  ( 8.546978422949370800, -1.010416666666666500, -2.819425444596449300 ) ) ;
#3616 = CARTESIAN_POINT ( 'NONE',  ( 11.63191935903348900, -4.984036849272108300, 2.894410177868503600 ) ) ;
#3617 = CARTESIAN_POINT ( 'NONE',  ( 11.05341661301167000, -3.031540073135271700, -0.4739993762372157700 ) ) ;
#3618 = DIRECTION ( 'NONE',  ( -0.9696407317829227600, 0.0000000000000000000, 0.2445339470655930300 ) ) ;
#3619 = CIRCLE ( 'NONE', #1154, 11.98662413913136900 ) ;
#3620 = VECTOR ( 'NONE', #7320, 1000.000000000000000 ) ;
#3621 = DIRECTION ( 'NONE',  ( -0.0000000000000000000, 1.000000000000000000, -0.0000000000000000000 ) ) ;
#3622 = CARTESIAN_POINT ( 'NONE',  ( 11.00055430151966900, -8.433532612369523600, -0.3333333333333338700 ) ) ;
#3623 = CARTESIAN_POINT ( 'NONE',  ( 11.98240646594245700, -4.985544295228606000, -0.3333333333333340400 ) ) ;
#3624 = CYLINDRICAL_SURFACE ( 'NONE', #1620, 0.3437499999999998900 ) ;
#3625 = CARTESIAN_POINT ( 'NONE',  ( 10.61362418823683700, -8.315935181604883700, -3.000000000000010700 ) ) ;
#3626 = EDGE_CURVE ( 'NONE', #2491, #5568, #3058, .T. ) ;
#3627 = AXIS2_PLACEMENT_3D ( 'NONE', #5560, #4388, #1923 ) ;
#3628 = VERTEX_POINT ( 'NONE', #6596 ) ;
#3629 = LINE ( 'NONE', #3588, #5622 ) ;
#3630 = CARTESIAN_POINT ( 'NONE',  ( 0.0000000000000000000, -8.323592968122447600, 0.0000000000000000000 ) ) ;
#3631 = ORIENTED_EDGE ( 'NONE', *, *, #7589, .T. ) ;
#3632 = CARTESIAN_POINT ( 'NONE',  ( 8.182944185754733400, -8.547046265379989900, -3.746921997162846500 ) ) ;
#3633 = CARTESIAN_POINT ( 'NONE',  ( 9.112379733621850200, -0.8041666666666667000, -0.6770833333333347000 ) ) ;
#3634 = ORIENTED_EDGE ( 'NONE', *, *, #7543, .F. ) ;
#3635 = DIRECTION ( 'NONE',  ( 1.000000000000000000, -0.0000000000000000000, -0.0000000000000000000 ) ) ;
#3636 = EDGE_LOOP ( 'NONE', ( #3645, #7388, #4195, #4944, #1631, #2479, #1992, #6252, #6501, #58, #3688, #5380 ) ) ;
#3637 = VERTEX_POINT ( 'NONE', #2968 ) ;
#3638 = CARTESIAN_POINT ( 'NONE',  ( 8.182944173180523300, -2.168404344971008900E-015, -3.746922024623800400 ) ) ;
#3639 = DIRECTION ( 'NONE',  ( 0.0000000000000000000, 0.0000000000000000000, -1.000000000000000000 ) ) ;
#3640 = CARTESIAN_POINT ( 'NONE',  ( 10.61118944743347600, -0.9554101173895843700, -2.898733949619465300 ) ) ;
#3641 = CARTESIAN_POINT ( 'NONE',  ( 1.127899702014712400E-015, -9.790000000000002700, 9.209999999999999100 ) ) ;
#3642 = DIRECTION ( 'NONE',  ( 0.008732165024000693900, -0.9785815558741417500, -0.2056742273522324800 ) ) ;
#3643 = CARTESIAN_POINT ( 'NONE',  ( -10.68523303535591800, -3.037846741815605400, -2.880879780195157600 ) ) ;
#3644 = ORIENTED_EDGE ( 'NONE', *, *, #2874, .T. ) ;
#3645 = ORIENTED_EDGE ( 'NONE', *, *, #2545, .T. ) ;
#3646 = CARTESIAN_POINT ( 'NONE',  ( -11.05488069440146500, -1.932638888888889200, 0.3333333333333341500 ) ) ;
#3647 = CARTESIAN_POINT ( 'NONE',  ( 8.595237790450115200, -0.8041666666667289800, -2.669260853254779200 ) ) ;
#3648 = CARTESIAN_POINT ( 'NONE',  ( 11.01205097355344100, -8.360775495791482800, -0.3333333333334485000 ) ) ;
#3649 = EDGE_CURVE ( 'NONE', #3014, #5765, #3909, .T. ) ;
#3650 = AXIS2_PLACEMENT_3D ( 'NONE', #6232, #6841, #5031 ) ;
#3651 = CARTESIAN_POINT ( 'NONE',  ( -10.52665120757906300, -8.866811906439629400, -3.193645480663980700 ) ) ;
#3652 = VERTEX_POINT ( 'NONE', #4103 ) ;
#3653 = DIRECTION ( 'NONE',  ( 0.0000000000000000000, 0.0000000000000000000, 1.000000000000000000 ) ) ;
#3654 = ORIENTED_EDGE ( 'NONE', *, *, #1891, .T. ) ;
#3655 = CARTESIAN_POINT ( 'NONE',  ( 11.35274073614923100, -1.795138888888889300, 0.4708333333333341000 ) ) ;
#3656 = ORIENTED_EDGE ( 'NONE', *, *, #7940, .T. ) ;
#3657 = CARTESIAN_POINT ( 'NONE',  ( 10.63856594181002400, -0.8252921824902347300, 2.796880903208313700 ) ) ;
#3658 = ORIENTED_EDGE ( 'NONE', *, *, #4142, .F. ) ;
#3659 = CARTESIAN_POINT ( 'NONE',  ( 11.12754340464337100, -1.932638888888889200, 0.3333333333333341500 ) ) ;
#3660 = VECTOR ( 'NONE', #1399, 1000.000000000000000 ) ;
#3661 = DIRECTION ( 'NONE',  ( 0.0000000000000000000, 0.0000000000000000000, -1.000000000000000000 ) ) ;
#3662 = ORIENTED_EDGE ( 'NONE', *, *, #1220, .T. ) ;
#3663 = CARTESIAN_POINT ( 'NONE',  ( -10.97861004775703500, -0.8041666666666668100, -0.6856540084388198500 ) ) ;
#3664 = DIRECTION ( 'NONE',  ( 0.0000000000000000000, -1.000000000000000000, -7.274646834741446500E-016 ) ) ;
#3665 = VERTEX_POINT ( 'NONE', #4194 ) ;
#3666 = EDGE_CURVE ( 'NONE', #949, #1065, #5152, .T. ) ;
#3667 = CYLINDRICAL_SURFACE ( 'NONE', #4636, 0.1375000000000000400 ) ;
#3668 = VERTEX_POINT ( 'NONE', #530 ) ;
#3669 = DIRECTION ( 'NONE',  ( 0.0000000000000000000, -3.917117526399240400E-016, 1.000000000000000000 ) ) ;
#3670 = FACE_OUTER_BOUND ( 'NONE', #3463, .T. ) ;
#3671 = CARTESIAN_POINT ( 'NONE',  ( 10.72561715663044700, -1.803933487728435400, 3.000000000000005300 ) ) ;
#3672 = DIRECTION ( 'NONE',  ( 1.000000000000000000, 0.0000000000000000000, 0.0000000000000000000 ) ) ;
#3673 = ORIENTED_EDGE ( 'NONE', *, *, #5657, .F. ) ;
#3674 = VECTOR ( 'NONE', #2447, 1000.000000000000000 ) ;
#3675 = CARTESIAN_POINT ( 'NONE',  ( -10.97861004775703500, -0.8041666666666667000, 0.6856540084388194100 ) ) ;
#3676 = VERTEX_POINT ( 'NONE', #7863 ) ;
#3677 = CARTESIAN_POINT ( 'NONE',  ( -10.30337932021115100, -8.416666666666671400, -3.852320675105489000 ) ) ;
#3678 = CARTESIAN_POINT ( 'NONE',  ( 8.677557259966652800, -0.9187443277858207100, -3.000000000000005800 ) ) ;
#3679 = AXIS2_PLACEMENT_3D ( 'NONE', #4184, #4772, #2305 ) ;
#3680 = ORIENTED_EDGE ( 'NONE', *, *, #2721, .T. ) ;
#3681 = ADVANCED_FACE ( 'NONE', ( #263 ), #6586, .T. ) ;
#3682 = FACE_OUTER_BOUND ( 'NONE', #1138, .T. ) ;
#3683 = CARTESIAN_POINT ( 'NONE',  ( 0.0000000000000000000, 2.000000000000000000, 0.0000000000000000000 ) ) ;
#3684 = CARTESIAN_POINT ( 'NONE',  ( 0.0000000000000000000, 0.0000000000000000000, 0.0000000000000000000 ) ) ;
#3685 = CARTESIAN_POINT ( 'NONE',  ( 8.979200709284985000, -0.8041668731194625600, 0.6138290696692755300 ) ) ;
#3686 = CIRCLE ( 'NONE', #3502, 0.1375000000000000400 ) ;
#3687 = CARTESIAN_POINT ( 'NONE',  ( -13.00000000000000000, 0.0000000000000000000, -3.666666666666666100 ) ) ;
#3688 = ORIENTED_EDGE ( 'NONE', *, *, #3785, .F. ) ;
#3689 = CARTESIAN_POINT ( 'NONE',  ( -11.27996010631243200, -2.561111111111112200, 2.862500000000005200 ) ) ;
#3690 = EDGE_CURVE ( 'NONE', #1065, #5473, #3941, .T. ) ;
#3691 = AXIS2_PLACEMENT_3D ( 'NONE', #446, #4727, #2465 ) ;
#3692 =( BOUNDED_SURFACE ( )  B_SPLINE_SURFACE ( 3, 2, ( 
 ( #1967, #5619, #3892 ),
 ( #5672, #222, #2018 ),
 ( #1313, #5812, #5173 ),
 ( #942, #5230, #4590 ) ),
 .UNSPECIFIED., .F., .F., .F. ) 
 B_SPLINE_SURFACE_WITH_KNOTS ( ( 4, 4 ),
 ( 3, 3 ),
 ( 0.0000000000000000000, 0.003474992711863942500 ),
 ( 0.0000000000000000000, 1.000000000000000000 ),
 .UNSPECIFIED. ) 
 GEOMETRIC_REPRESENTATION_ITEM ( )  RATIONAL_B_SPLINE_SURFACE ( (
 ( 1.000000000000000000, 0.6922660349650390200, 1.000000000000000000),
 ( 1.000000000000000000, 0.6927064981664238200, 1.000000000000000000),
 ( 1.000000000000000000, 0.6931080534477629400, 1.000000000000000000),
 ( 1.000000000000000000, 0.6934795268639728500, 1.000000000000000000) ) ) 
 REPRESENTATION_ITEM ( '' )  SURFACE ( )  );
#3693 = DIRECTION ( 'NONE',  ( 0.0000000000000000000, 0.0000000000000000000, -1.000000000000000000 ) ) ;
#3694 = FACE_OUTER_BOUND ( 'NONE', #7880, .T. ) ;
#3695 = CARTESIAN_POINT ( 'NONE',  ( 10.47854951794362000, -1.657638888888922000, 3.000000000000005800 ) ) ;
#3696 = DIRECTION ( 'NONE',  ( 0.0000000000000000000, 0.0000000000000000000, 1.000000000000000000 ) ) ;
#3697 = VERTEX_POINT ( 'NONE', #1137 ) ;
#3698 = CARTESIAN_POINT ( 'NONE',  ( 10.48446196509712200, -8.416666666666671400, 3.000000000000000900 ) ) ;
#3699 = CARTESIAN_POINT ( 'NONE',  ( 10.97861004775703500, -0.8041666666666667000, -0.6856540084388198500 ) ) ;
#3700 = CARTESIAN_POINT ( 'NONE',  ( 11.00000204441465400, -8.887546538900190600, -0.1089757662982331900 ) ) ;
#3701 = DIRECTION ( 'NONE',  ( 0.0000000000000000000, 0.0000000000000000000, 1.000000000000000000 ) ) ;
#3702 = LINE ( 'NONE', #6406, #2072 ) ;
#3703 = EDGE_LOOP ( 'NONE', ( #4235, #3778, #2487, #2622 ) ) ;
#3704 = B_SPLINE_CURVE_WITH_KNOTS ( 'NONE', 3,
 ( #4266, #1131, #6006, #2363, #2987, #1177, #4835, #5438, #1720, #6639 ),
 .UNSPECIFIED., .F., .F.,
 ( 4, 2, 2, 2, 4 ),
 ( 0.0000000000000000000, 0.0002837493482360722200, 0.0005674986964721444400, 0.0008512480447082167100, 0.001134997392944288900 ),
 .UNSPECIFIED. ) ;
#3705 = CARTESIAN_POINT ( 'NONE',  ( 0.0000000000000000000, -1.734723475976807100E-015, 0.0000000000000000000 ) ) ;
#3706 = DIRECTION ( 'NONE',  ( -0.0000000000000000000, 1.000000000000000000, 0.0000000000000000000 ) ) ;
#3707 = LINE ( 'NONE', #2996, #5147 ) ;
#3708 = CARTESIAN_POINT ( 'NONE',  ( 11.10231051663848800, -2.330827774646071000, 3.000000000000198500 ) ) ;
#3709 = CARTESIAN_POINT ( 'NONE',  ( -8.685154776206147200, -0.8294406206892067600, -2.961912662297873300 ) ) ;
#3710 = CARTESIAN_POINT ( 'NONE',  ( 10.30337932021115300, 2.000000000000000000, 3.852320675105481000 ) ) ;
#3711 = DIRECTION ( 'NONE',  ( 0.0000000000000000000, -1.204669080539449300E-016, -1.000000000000000000 ) ) ;
#3712 = ORIENTED_EDGE ( 'NONE', *, *, #2462, .T. ) ;
#3713 = DIRECTION ( 'NONE',  ( 0.0000000000000000000, 0.0000000000000000000, -1.000000000000000000 ) ) ;
#3714 = SPHERICAL_SURFACE ( 'NONE', #5079, 0.1375000000000000100 ) ;
#3715 = ORIENTED_EDGE ( 'NONE', *, *, #4053, .F. ) ;
#3716 = DIRECTION ( 'NONE',  ( 0.0000000000000000000, 0.0000000000000000000, 1.000000000000000000 ) ) ;
#3717 = ADVANCED_FACE ( 'NONE', ( #4115 ), #5366, .T. ) ;
#3718 = CARTESIAN_POINT ( 'NONE',  ( 10.67870939255862700, -1.797066441242687100, 3.000000000000006200 ) ) ;
#3719 = CARTESIAN_POINT ( 'NONE',  ( -10.63933082173412000, -8.323592968122447600, 2.897221634347988000 ) ) ;
#3720 = ORIENTED_EDGE ( 'NONE', *, *, #3763, .T. ) ;
#3721 = CARTESIAN_POINT ( 'NONE',  ( -8.414663300820777200, -8.737820063969346400, 3.194225005565257900 ) ) ;
#3722 = ORIENTED_EDGE ( 'NONE', *, *, #912, .F. ) ;
#3723 = CARTESIAN_POINT ( 'NONE',  ( 11.99054406784442500, 0.0000000000000000000, -0.4762908324552169200 ) ) ;
#3724 = EDGE_CURVE ( 'NONE', #1540, #2111, #2577, .T. ) ;
#3725 = EDGE_CURVE ( 'NONE', #2474, #6039, #1792, .T. ) ;
#3726 = AXIS2_PLACEMENT_3D ( 'NONE', #5334, #3472, #4181 ) ;
#3727 = EDGE_CURVE ( 'NONE', #3676, #4466, #7698, .T. ) ;
#3728 = ORIENTED_EDGE ( 'NONE', *, *, #4159, .T. ) ;
#3729 = CARTESIAN_POINT ( 'NONE',  ( -8.986999694489405500, -0.7076668523059137500, -0.4917976212243499500 ) ) ;
#3730 = CARTESIAN_POINT ( 'NONE',  ( -10.60839925008270000, -8.513508640916526800, 2.908928557191595900 ) ) ;
#3731 = ORIENTED_EDGE ( 'NONE', *, *, #1418, .F. ) ;
#3732 = VERTEX_POINT ( 'NONE', #1235 ) ;
#3733 = CARTESIAN_POINT ( 'NONE',  ( 0.0000000000000000000, -2.423611111111112000, 0.0000000000000000000 ) ) ;
#3734 = EDGE_CURVE ( 'NONE', #3274, #6759, #6110, .T. ) ;
#3735 = AXIS2_PLACEMENT_3D ( 'NONE', #6619, #4813, #2943 ) ;
#3736 = CARTESIAN_POINT ( 'NONE',  ( -9.128266873825190000, -8.590895704143306900, -0.2971776012361381200 ) ) ;
#3737 =( BOUNDED_SURFACE ( )  B_SPLINE_SURFACE ( 3, 2, ( 
 ( #7849, #2256, #5971 ),
 ( #2875, #2304, #6579 ),
 ( #2927, #3546, #7830 ),
 ( #4155, #484, #6604 ) ),
 .UNSPECIFIED., .F., .F., .F. ) 
 B_SPLINE_SURFACE_WITH_KNOTS ( ( 4, 4 ),
 ( 3, 3 ),
 ( 0.0000000000000000000, 5.757178801709682900E-005 ),
 ( 0.0000000000000000000, 1.000000000000000000 ),
 .UNSPECIFIED. ) 
 GEOMETRIC_REPRESENTATION_ITEM ( )  RATIONAL_B_SPLINE_SURFACE ( (
 ( 1.000000000000000000, 0.7878155363303367400, 1.000000000000000000),
 ( 1.000000000000000000, 0.7878108801246355200, 1.000000000000000000),
 ( 1.000000000000000000, 0.7868350848357015300, 1.000000000000000000),
 ( 1.000000000000000000, 0.7848802522875141200, 1.000000000000000000) ) ) 
 REPRESENTATION_ITEM ( '' )  SURFACE ( )  );
#3738 = CARTESIAN_POINT ( 'NONE',  ( -10.86325338064789900, -8.372264427882342400, 0.3333333333333337000 ) ) ;
#3739 = ORIENTED_EDGE ( 'NONE', *, *, #2820, .T. ) ;
#3740 = CARTESIAN_POINT ( 'NONE',  ( -10.84477787161347500, -0.6666666666666666300, -0.5863373495073532800 ) ) ;
#3741 = CARTESIAN_POINT ( 'NONE',  ( -11.27811176020570200, -6.087334148132184100, -3.000000000000008400 ) ) ;
#3742 = ORIENTED_EDGE ( 'NONE', *, *, #3091, .F. ) ;
#3743 = ORIENTED_EDGE ( 'NONE', *, *, #3112, .T. ) ;
#3744 = CARTESIAN_POINT ( 'NONE',  ( -10.61618999397227000, -8.432806995708313400, 2.898464790936376100 ) ) ;
#3745 = ORIENTED_EDGE ( 'NONE', *, *, #5682, .F. ) ;
#3746 = CARTESIAN_POINT ( 'NONE',  ( -10.76336378647492800, -3.189583333333334100, -2.862500000000007400 ) ) ;
#3747 = EDGE_LOOP ( 'NONE', ( #7516, #4722, #4586, #2507 ) ) ;
#3748 = EDGE_CURVE ( 'NONE', #133, #262, #4667, .T. ) ;
#3749 = AXIS2_PLACEMENT_3D ( 'NONE', #6055, #3017, #3610 ) ;
#3750 = DIRECTION ( 'NONE',  ( -0.0000000000000000000, 1.000000000000000000, -0.0000000000000000000 ) ) ;
#3751 = DIRECTION ( 'NONE',  ( 0.0000000000000000000, 0.0000000000000000000, 1.000000000000000000 ) ) ;
#3752 = CARTESIAN_POINT ( 'NONE',  ( 0.0000000000000000000, -0.8041666666666664700, 0.0000000000000000000 ) ) ;
#3753 = ORIENTED_EDGE ( 'NONE', *, *, #2388, .F. ) ;
#3754 = ORIENTED_EDGE ( 'NONE', *, *, #2771, .T. ) ;
#3755 = B_SPLINE_CURVE_WITH_KNOTS ( 'NONE', 3,
 ( #6631, #6020, #615, #7870, #542, #4901, #5997, #2332, #2948, #1146, #5429, #1762, #2378, #1296, #1325, #6147 ),
 .UNSPECIFIED., .F., .F.,
 ( 4, 3, 3, 3, 3, 4 ),
 ( 0.0000000000000000000, 3.024851078116435900E-005, 7.683549526968282800E-005, 0.0001235013624029794600, 0.0001702245786063262000, 0.0002169695832984429600 ),
 .UNSPECIFIED. ) ;
#3756 = CARTESIAN_POINT ( 'NONE',  ( 11.50368023849109500, -4.946053714713293900, 3.000000000000003600 ) ) ;
#3757 = DIRECTION ( 'NONE',  ( 0.06233218258534672900, -0.0000000000000000000, 0.9980554588870034200 ) ) ;
#3758 = CARTESIAN_POINT ( 'NONE',  ( 0.0000000000000000000, 0.4189344802651160400, 0.0000000000000000000 ) ) ;
#3759 = CIRCLE ( 'NONE', #6987, 13.00000000000000000 ) ;
#3760 = ORIENTED_EDGE ( 'NONE', *, *, #4818, .T. ) ;
#3761 = LOCAL_TIME ( 8, 14, 7.000000000000000000, #5392 ) ;
#3762 = ADVANCED_FACE ( 'NONE', ( #4013 ), #7178, .F. ) ;
#3763 = EDGE_CURVE ( 'NONE', #2530, #3486, #5067, .T. ) ;
#3764 = VERTEX_POINT ( 'NONE', #3730 ) ;
#3765 = CARTESIAN_POINT ( 'NONE',  ( -8.467878669921217800, -8.842123283033933100, 3.050196032703882800 ) ) ;
#3766 = LINE ( 'NONE', #3473, #2718 ) ;
#3767 = CARTESIAN_POINT ( 'NONE',  ( -10.99121484052193600, -8.459897246090646300, 0.4767787649646396700 ) ) ;
#3768 = CARTESIAN_POINT ( 'NONE',  ( 0.0000000000000000000, -8.513508640916526800, 0.0000000000000000000 ) ) ;
#3769 = EDGE_LOOP ( 'NONE', ( #4113, #371, #1656, #3715 ) ) ;
#3770 = EDGE_CURVE ( 'NONE', #6073, #103, #1993, .T. ) ;
#3771 = ORIENTED_EDGE ( 'NONE', *, *, #4094, .F. ) ;
#3772 = CARTESIAN_POINT ( 'NONE',  ( -10.51182419603454200, -8.285609833563631500, -3.000000000000009800 ) ) ;
#3773 = LINE ( 'NONE', #7217, #6550 ) ;
#3774 = CARTESIAN_POINT ( 'NONE',  ( 9.124258039841038200, -0.8306741964220324400, -0.3706585177877607700 ) ) ;
#3775 = CARTESIAN_POINT ( 'NONE',  ( 10.24848643076206000, -8.702521582577741600, -3.523035483127372900 ) ) ;
#3776 = CARTESIAN_POINT ( 'NONE',  ( -10.28681265725892600, -8.740170664811371300, -3.445108495286169200 ) ) ;
#3777 = CARTESIAN_POINT ( 'NONE',  ( -11.59165847425898800, -2.422145448688052000, 0.3333333333333341500 ) ) ;
#3778 = ORIENTED_EDGE ( 'NONE', *, *, #7495, .T. ) ;
#3779 = FACE_OUTER_BOUND ( 'NONE', #2499, .T. ) ;
#3780 = ORIENTED_EDGE ( 'NONE', *, *, #2884, .F. ) ;
#3781 = LINE ( 'NONE', #5121, #4847 ) ;
#3782 = CARTESIAN_POINT ( 'NONE',  ( -11.02217088113246400, -8.325238983641995100, -0.3333333333333339300 ) ) ;
#3783 = DIRECTION ( 'NONE',  ( -0.0000000000000000000, 1.000000000000000000, -0.0000000000000000000 ) ) ;
#3784 = DIRECTION ( 'NONE',  ( 0.0000000000000000000, 1.000000000000000000, 0.0000000000000000000 ) ) ;
#3785 = EDGE_CURVE ( 'NONE', #1725, #7941, #5829, .T. ) ;
#3786 = AXIS2_PLACEMENT_3D ( 'NONE', #3363, #5835, #2142 ) ;
#3787 = CIRCLE ( 'NONE', #5840, 0.1374999999999996200 ) ;
#3788 = EDGE_LOOP ( 'NONE', ( #1912, #5399, #5467, #7233 ) ) ;
#3789 = CARTESIAN_POINT ( 'NONE',  ( 11.13377420464552600, -2.532523828650059100, 3.000000000000005300 ) ) ;
#3790 = DIRECTION ( 'NONE',  ( -1.065814103640150400E-014, 0.0000000000000000000, -1.000000000000000000 ) ) ;
#3791 = CARTESIAN_POINT ( 'NONE',  ( -10.99604904946702700, -8.484002524078437800, 0.3264637191209126000 ) ) ;
#3792 = CARTESIAN_POINT ( 'NONE',  ( 0.0000000000000000000, -4.937500000000000900, 0.0000000000000000000 ) ) ;
#3793 = CIRCLE ( 'NONE', #3726, 11.00000000000000000 ) ;
#3794 = EDGE_CURVE ( 'NONE', #6044, #6939, #170, .T. ) ;
#3795 = EDGE_CURVE ( 'NONE', #3697, #7035, #861, .T. ) ;
#3796 = AXIS2_PLACEMENT_3D ( 'NONE', #7353, #3042, #3653 ) ;
#3797 = DIRECTION ( 'NONE',  ( -0.0000000000000000000, 1.000000000000000000, -0.0000000000000000000 ) ) ;
#3798 = ADVANCED_FACE ( 'NONE', ( #7553 ), #7367, .T. ) ;
#3799 = DATE_TIME_ROLE ( 'creation_date' ) ;
#3800 = CARTESIAN_POINT ( 'NONE',  ( 10.99588597502070700, -1.657638888888889300, 0.3333333333333323700 ) ) ;
#3801 = DIRECTION ( 'NONE',  ( 0.0000000000000000000, 0.0000000000000000000, 1.000000000000000000 ) ) ;
#3802 = CARTESIAN_POINT ( 'NONE',  ( 11.64538703507234100, -4.921381413544973600, -2.895679678999227800 ) ) ;
#3803 = FACE_OUTER_BOUND ( 'NONE', #2932, .T. ) ;
#3804 = CARTESIAN_POINT ( 'NONE',  ( -10.37769005406134900, -8.548117770974803500, -3.651279164229559900 ) ) ;
#3805 = DIRECTION ( 'NONE',  ( 0.0000000000000000000, 0.0000000000000000000, 1.000000000000000000 ) ) ;
#3806 = LINE ( 'NONE', #4984, #4777 ) ;
#3807 = AXIS2_PLACEMENT_3D ( 'NONE', #3564, #7274, #3611 ) ;
#3808 = B_SPLINE_CURVE_WITH_KNOTS ( 'NONE', 3,
 ( #3699, #23, #1411, #5717, #2062, #7555 ),
 .UNSPECIFIED., .F., .F.,
 ( 4, 2, 4 ),
 ( 0.0000000000000000000, 0.0001622663994588302100, 0.0003245327989176604200 ),
 .UNSPECIFIED. ) ;
#3809 = CARTESIAN_POINT ( 'NONE',  ( -8.546978422949374400, -8.544855861365874700, -2.819425444596447900 ) ) ;
#3810 = FACE_OUTER_BOUND ( 'NONE', #6993, .T. ) ;
#3811 = CARTESIAN_POINT ( 'NONE',  ( 0.0000000000000000000, -2.168404344971008900E-015, 0.0000000000000000000 ) ) ;
#3812 = ORIENTED_EDGE ( 'NONE', *, *, #2661, .T. ) ;
#3813 = FACE_OUTER_BOUND ( 'NONE', #4082, .T. ) ;
#3814 = CARTESIAN_POINT ( 'NONE',  ( 11.27996010631243200, -2.423611111111112000, 3.000000000000005300 ) ) ;
#3815 = EDGE_LOOP ( 'NONE', ( #4370, #2923, #849, #493 ) ) ;
#3816 = DIRECTION ( 'NONE',  ( 0.0000000000000000000, 0.0000000000000000000, -1.000000000000000000 ) ) ;
#3817 = CARTESIAN_POINT ( 'NONE',  ( 10.85136076264639700, -0.8305130390848501900, -0.3707511040343876600 ) ) ;
#3818 = CARTESIAN_POINT ( 'NONE',  ( 10.62309640185124100, -0.7166781969283599900, -2.855993183144976700 ) ) ;
#3819 = CARTESIAN_POINT ( 'NONE',  ( 10.32176695001877000, -8.653426573626605400, -3.803708405321368300 ) ) ;
#3820 = CARTESIAN_POINT ( 'NONE',  ( -11.51102889320952500, -2.358908568005426300, 0.4756492605867415100 ) ) ;
#3821 = CARTESIAN_POINT ( 'NONE',  ( 12.92696701773796700, 0.5403851024289089100, 1.583096878095620500E-015 ) ) ;
#3822 = ORIENTED_EDGE ( 'NONE', *, *, #4614, .T. ) ;
#3823 = ORIENTED_EDGE ( 'NONE', *, *, #1081, .F. ) ;
#3824 = DIRECTION ( 'NONE',  ( -0.0000000000000000000, 1.000000000000000000, -0.0000000000000000000 ) ) ;
#3825 = VERTEX_POINT ( 'NONE', #3184 ) ;
#3826 = DATE_TIME_ROLE ( 'classification_date' ) ;
#3827 = CARTESIAN_POINT ( 'NONE',  ( -8.975257740366252800, -0.8041666666666667000, 0.6668946648426820100 ) ) ;
#3828 = VERTEX_POINT ( 'NONE', #84 ) ;
#3829 = CARTESIAN_POINT ( 'NONE',  ( 10.68505490098947800, -3.037723910345272200, -2.880922423192276300 ) ) ;
#3830 = ORIENTED_EDGE ( 'NONE', *, *, #6522, .T. ) ;
#3831 = AXIS2_PLACEMENT_3D ( 'NONE', #3009, #7346, #1200 ) ;
#3832 = EDGE_CURVE ( 'NONE', #5978, #7889, #940, .T. ) ;
#3833 = CARTESIAN_POINT ( 'NONE',  ( 8.550773367748174500, -8.751101466636537700, -3.255875621616712000 ) ) ;
#3834 = ORIENTED_EDGE ( 'NONE', *, *, #1162, .F. ) ;
#3835 =( BOUNDED_SURFACE ( )  B_SPLINE_SURFACE ( 3, 2, ( 
 ( #1345, #141, #5620 ),
 ( #1968, #4433, #659 ),
 ( #764, #1879, #1369 ),
 ( #6165, #2500, #6777 ) ),
 .UNSPECIFIED., .F., .F., .F. ) 
 B_SPLINE_SURFACE_WITH_KNOTS ( ( 4, 4 ),
 ( 3, 3 ),
 ( 0.0000000000000000000, 9.750670057934410100E-005 ),
 ( 0.0000000000000000000, 1.000000000000000000 ),
 .UNSPECIFIED. ) 
 GEOMETRIC_REPRESENTATION_ITEM ( )  RATIONAL_B_SPLINE_SURFACE ( (
 ( 1.000000000000000000, 0.6917287800646398900, 1.000000000000000000),
 ( 1.000000000000000000, 0.6887153610865708300, 1.000000000000000000),
 ( 1.000000000000000000, 0.6889467345799353800, 1.000000000000000000),
 ( 1.000000000000000000, 0.6922748253407057200, 1.000000000000000000) ) ) 
 REPRESENTATION_ITEM ( '' )  SURFACE ( )  );
#3836 = ORIENTED_EDGE ( 'NONE', *, *, #4811, .T. ) ;
#3837 = ADVANCED_FACE ( 'NONE', ( #654 ), #4205, .T. ) ;
#3838 = CARTESIAN_POINT ( 'NONE',  ( 10.51182419603452800, -8.285609833563624300, 3.000000000000000900 ) ) ;
#3839 = EDGE_CURVE ( 'NONE', #1741, #3217, #3256, .T. ) ;
#3840 = AXIS2_PLACEMENT_3D ( 'NONE', #7857, #7266, #3605 ) ;
#3841 = ORIENTED_EDGE ( 'NONE', *, *, #361, .F. ) ;
#3842 = CARTESIAN_POINT ( 'NONE',  ( -11.85315241706704200, -4.908258363060235200, -0.3333333333333340900 ) ) ;
#3843 = DIRECTION ( 'NONE',  ( 0.0000000000000000000, -1.000000000000000000, -7.274646834741446500E-016 ) ) ;
#3844 = ORIENTED_EDGE ( 'NONE', *, *, #7659, .F. ) ;
#3845 = VECTOR ( 'NONE', #6000, 1000.000000000000000 ) ;
#3846 = ORIENTED_EDGE ( 'NONE', *, *, #2820, .F. ) ;
#3847 = CARTESIAN_POINT ( 'NONE',  ( 10.60839925008270000, -8.513508640916521500, 2.908928557191594200 ) ) ;
#3848 = CARTESIAN_POINT ( 'NONE',  ( 0.0000000000000000000, 0.0000000000000000000, 0.0000000000000000000 ) ) ;
#3849 = CARTESIAN_POINT ( 'NONE',  ( -11.51195031260993500, -2.561111111111112200, 2.862500000000005600 ) ) ;
#3850 = CARTESIAN_POINT ( 'NONE',  ( -10.84137742216007400, -0.8041666666666667000, -0.6770833333333347000 ) ) ;
#3851 = ORIENTED_EDGE ( 'NONE', *, *, #5437, .F. ) ;
#3852 = AXIS2_PLACEMENT_3D ( 'NONE', #1474, #1523, #7638 ) ;
#3853 = DIRECTION ( 'NONE',  ( -0.0000000000000000000, 1.000000000000000000, -0.0000000000000000000 ) ) ;
#3854 = CARTESIAN_POINT ( 'NONE',  ( -10.32147870667857600, -8.652034532780211500, 3.804483175388254000 ) ) ;
#3855 = CARTESIAN_POINT ( 'NONE',  ( 11.05555020236434800, -3.037210468312292500, -0.4739030631196229400 ) ) ;
#3856 = CIRCLE ( 'NONE', #105, 11.36249999999999900 ) ;
#3857 = ADVANCED_FACE ( 'NONE', ( #6680 ), #3835, .T. ) ;
#3858 = ORIENTED_EDGE ( 'NONE', *, *, #7854, .T. ) ;
#3859 = LINE ( 'NONE', #1859, #1827 ) ;
#3860 = CARTESIAN_POINT ( 'NONE',  ( 11.51195031260993900, -4.889079012875070500, 2.862500000000003400 ) ) ;
#3861 = ORIENTED_EDGE ( 'NONE', *, *, #2719, .T. ) ;
#3862 = CARTESIAN_POINT ( 'NONE',  ( -11.97716594857773000, -4.984036849272108300, -0.4760820234339754300 ) ) ;
#3863 = CARTESIAN_POINT ( 'NONE',  ( -9.125361484468557500, -8.416666666666671400, 0.4708333333333337100 ) ) ;
#3864 = CIRCLE ( 'NONE', #3044, 0.1374999999999995100 ) ;
#3865 = CC_DESIGN_PERSON_AND_ORGANIZATION_ASSIGNMENT ( #1838, #827, ( #3321 ) ) ;
#3866 = CARTESIAN_POINT ( 'NONE',  ( -10.58113715611289000, -8.491041670269718000, -3.008349072869111600 ) ) ;
#3867 = VERTEX_POINT ( 'NONE', #5095 ) ;
#3868 = CARTESIAN_POINT ( 'NONE',  ( 10.99588597502071100, -1.010416666666666500, 0.3333333333333324300 ) ) ;
#3869 = CARTESIAN_POINT ( 'NONE',  ( -11.34521359224995500, -5.950750560514022100, -2.895173542070084600 ) ) ;
#3870 = DIRECTION ( 'NONE',  ( 0.0000000000000000000, 0.0000000000000000000, 1.000000000000000000 ) ) ;
#3871 = ORIENTED_EDGE ( 'NONE', *, *, #5033, .T. ) ;
#3872 = CARTESIAN_POINT ( 'NONE',  ( -8.529433897183189100, -8.670337133545679400, -2.873603267791836800 ) ) ;
#3873 = CIRCLE ( 'NONE', #6263, 0.1374999999999999300 ) ;
#3874 = EDGE_CURVE ( 'NONE', #974, #287, #7270, .T. ) ;
#3875 = CARTESIAN_POINT ( 'NONE',  ( 9.125361484468548700, -8.416666666666671400, 0.3333333333333338100 ) ) ;
#3876 = CYLINDRICAL_SURFACE ( 'NONE', #3130, 11.00000000000000000 ) ;
#3877 = ADVANCED_FACE ( 'NONE', ( #4879 ), #3973, .F. ) ;
#3878 = APPLICATION_CONTEXT ( 'configuration controlled 3d designs of mechanical parts and assemblies' ) ;
#3879 = AXIS2_PLACEMENT_3D ( 'NONE', #4081, #4795, #1016 ) ;
#3880 = DIRECTION ( 'NONE',  ( -0.2413066385669130100, -0.0000000000000000000, -0.9704489199249681800 ) ) ;
#3881 = ORIENTED_EDGE ( 'NONE', *, *, #1452, .T. ) ;
#3882 = CARTESIAN_POINT ( 'NONE',  ( 8.998849098244480900, -8.716098521194693300, 0.1706878491170341600 ) ) ;
#3883 = FACE_OUTER_BOUND ( 'NONE', #938, .T. ) ;
#3884 = CARTESIAN_POINT ( 'NONE',  ( -10.99009943064561600, -8.513508640916526800, -0.4665988689687420300 ) ) ;
#3885 = CARTESIAN_POINT ( 'NONE',  ( -10.41637246706339500, -8.873444747321512300, 3.537406662295187000 ) ) ;
#3886 = CARTESIAN_POINT ( 'NONE',  ( -10.47854951794378300, -1.657638888888889300, 3.000000000000005800 ) ) ;
#3887 = FACE_OUTER_BOUND ( 'NONE', #6897, .T. ) ;
#3888 = ORIENTED_EDGE ( 'NONE', *, *, #2571, .F. ) ;
#3889 = CARTESIAN_POINT ( 'NONE',  ( 10.51182419603454400, -8.285609833563626100, -3.000000000000009800 ) ) ;
#3890 = CARTESIAN_POINT ( 'NONE',  ( -11.63191935903348900, -4.984036849272101200, 2.894410177868505000 ) ) ;
#3891 = CARTESIAN_POINT ( 'NONE',  ( 10.47854951794378300, -2.914583333333333700, -2.862500000000007400 ) ) ;
#3892 = CARTESIAN_POINT ( 'NONE',  ( -10.88442328056748900, -8.285609833563633200, 0.3333333333333337000 ) ) ;
#3893 = CARTESIAN_POINT ( 'NONE',  ( -10.99442124812328100, -8.432806995708313400, 0.4767489394116604700 ) ) ;
#3894 = EDGE_CURVE ( 'NONE', #7343, #4918, #6502, .T. ) ;
#3895 = CIRCLE ( 'NONE', #7327, 9.000000000000000000 ) ;
#3896 = DIRECTION ( 'NONE',  ( 0.0000000000000000000, -1.000000000000000000, 0.0000000000000000000 ) ) ;
#3897 = CARTESIAN_POINT ( 'NONE',  ( -9.125361484468559300, -1.010416666666666500, 0.4708333333333342700 ) ) ;
#3898 = EDGE_LOOP ( 'NONE', ( #3760, #191, #7390, #4970 ) ) ;
#3899 = DIRECTION ( 'NONE',  ( 0.0000000000000000000, -1.000000000000000000, 0.0000000000000000000 ) ) ;
#3900 = ADVANCED_FACE ( 'NONE', ( #6297 ), #1218, .T. ) ;
#3901 = CARTESIAN_POINT ( 'NONE',  ( -11.55375944524958100, -5.247695693170964400, -2.894615482741643500 ) ) ;
#3902 = CARTESIAN_POINT ( 'NONE',  ( 8.424857674809752300, -8.888340622071865500, 3.168263745426632900 ) ) ;
#3903 = CARTESIAN_POINT ( 'NONE',  ( 2.221449702374167500E-015, 2.000000000000000000, 0.0000000000000000000 ) ) ;
#3904 = EDGE_CURVE ( 'NONE', #1408, #2733, #7928, .T. ) ;
#3905 = CARTESIAN_POINT ( 'NONE',  ( -8.611334613699364500, -0.8041666666666669200, 2.616279069767447400 ) ) ;
#3906 = CARTESIAN_POINT ( 'NONE',  ( -10.94696290254661800, -7.199896532501840700, 3.000000000000000900 ) ) ;
#3907 = EDGE_LOOP ( 'NONE', ( #6622, #4298, #6202, #4533 ) ) ;
#3908 = CARTESIAN_POINT ( 'NONE',  ( 8.990876536626130300, -8.662011358464504000, -0.4143106393682984300 ) ) ;
#3909 = LINE ( 'NONE', #6621, #1890 ) ;
#3910 = DIRECTION ( 'NONE',  ( 0.0000000000000000000, 0.0000000000000000000, 1.000000000000000000 ) ) ;
#3911 = CARTESIAN_POINT ( 'NONE',  ( 10.85243897038251000, -8.462677838221692300, -0.3309456534684259700 ) ) ;
#3912 = CARTESIAN_POINT ( 'NONE',  ( 8.182944223007737600, -8.545608739568868000, 3.746921915805597500 ) ) ;
#3913 = VERTEX_POINT ( 'NONE', #6295 ) ;
#3914 = ORIENTED_EDGE ( 'NONE', *, *, #5839, .T. ) ;
#3915 = CARTESIAN_POINT ( 'NONE',  ( 10.88442328056748900, -8.285609833563626100, -0.4708333333333339400 ) ) ;
#3916 = CARTESIAN_POINT ( 'NONE',  ( -11.49012263724674900, 0.0000000000000000000, 0.4765309864319775500 ) ) ;
#3917 = CARTESIAN_POINT ( 'NONE',  ( 10.48446196509712200, -8.416666666666671400, 3.000000000000000900 ) ) ;
#3918 = CARTESIAN_POINT ( 'NONE',  ( 10.50519423665308200, -0.7032831312574610000, 2.834828722606280900 ) ) ;
#3919 = B_SPLINE_CURVE_WITH_KNOTS ( 'NONE', 3,
 ( #2123, #919, #2096, #5197, #1525, #2716, #2686, #2794, #865, #2745 ),
 .UNSPECIFIED., .F., .F.,
 ( 4, 3, 3, 4 ),
 ( 0.0000000000000000000, 0.0002750000000003548800, 0.001375000000048022700, 0.003474998049134718000 ),
 .UNSPECIFIED. ) ;
#3920 = EDGE_LOOP ( 'NONE', ( #3268, #7850, #6992, #5359 ) ) ;
#3921 = CARTESIAN_POINT ( 'NONE',  ( -9.128237156398022000, -8.590362046880414900, 0.2977985261407328200 ) ) ;
#3922 = ORIENTED_EDGE ( 'NONE', *, *, #6753, .F. ) ;
#3923 = EDGE_CURVE ( 'NONE', #304, #4139, #5279, .T. ) ;
#3924 = CARTESIAN_POINT ( 'NONE',  ( 8.307961375826336000, 2.000000000000004400, 3.804166666666661400 ) ) ;
#3925 = CARTESIAN_POINT ( 'NONE',  ( 11.85315241706703800, -4.889079012875070500, -0.3333333333333340900 ) ) ;
#3926 = AXIS2_PLACEMENT_3D ( 'NONE', #2546, #6817, #7444 ) ;
#3927 = ORIENTED_EDGE ( 'NONE', *, *, #4926, .F. ) ;
#3928 = CARTESIAN_POINT ( 'NONE',  ( -11.85315241706704000, -3.189583333333334100, -0.4708333333333341600 ) ) ;
#3929 = ORIENTED_EDGE ( 'NONE', *, *, #6301, .F. ) ;
#3930 = CARTESIAN_POINT ( 'NONE',  ( 0.0000000000000000000, -10.00000000000000200, 0.0000000000000000000 ) ) ;
#3931 = CARTESIAN_POINT ( 'NONE',  ( 11.85042255390516400, -4.927621774756276300, -0.3333333333333340900 ) ) ;
#3932 = VERTEX_POINT ( 'NONE', #3290 ) ;
#3933 = CARTESIAN_POINT ( 'NONE',  ( -11.00484948401824600, -8.396866232893371400, 0.3333333333331737800 ) ) ;
#3934 = CARTESIAN_POINT ( 'NONE',  ( -10.17458707870850900, -8.416666666666671400, 3.666666666666673200 ) ) ;
#3935 = ORIENTED_EDGE ( 'NONE', *, *, #1865, .T. ) ;
#3936 = CARTESIAN_POINT ( 'NONE',  ( 11.52490872554273900, -6.059245009825815500, 0.3333333333333338700 ) ) ;
#3937 = ADVANCED_FACE ( 'NONE', ( #6973 ), #6875, .T. ) ;
#3938 = EDGE_CURVE ( 'NONE', #6273, #2512, #5897, .T. ) ;
#3939 = AXIS2_PLACEMENT_3D ( 'NONE', #3056, #12, #4308 ) ;
#3940 =( BOUNDED_SURFACE ( )  B_SPLINE_SURFACE ( 3, 2, ( 
 ( #6012, #4711, #5298 ),
 ( #1654, #2273, #7202 ),
 ( #7151, #3540, #2322 ),
 ( #477, #6549, #2891 ),
 ( #4765, #7175, #1627 ),
 ( #1063, #2246, #5372 ) ),
 .UNSPECIFIED., .F., .F., .F. ) 
 B_SPLINE_SURFACE_WITH_KNOTS ( ( 4, 2, 4 ),
 ( 3, 3 ),
 ( 0.0000000000000000000, 0.0001612674665914555600, 0.0003225349331829111200 ),
 ( 0.0000000000000000000, 1.000000000000000000 ),
 .UNSPECIFIED. ) 
 GEOMETRIC_REPRESENTATION_ITEM ( )  RATIONAL_B_SPLINE_SURFACE ( (
 ( 1.000000000000000000, 0.7250957136058995300, 1.000000000000000000),
 ( 1.000000000000000000, 0.7250637822366703400, 1.000000000000000000),
 ( 1.000000000000000000, 0.7241892769459982200, 1.000000000000000000),
 ( 1.000000000000000000, 0.7187957536766623700, 1.000000000000000000),
 ( 1.000000000000000000, 0.7140905693588880400, 1.000000000000000000),
 ( 1.000000000000000000, 0.7071067811865768800, 1.000000000000000000) ) ) 
 REPRESENTATION_ITEM ( '' )  SURFACE ( )  );
#3941 = B_SPLINE_CURVE_WITH_KNOTS ( 'NONE', 3,
 ( #579, #6670, #4326, #7912, #3072, #1794 ),
 .UNSPECIFIED., .F., .F.,
 ( 4, 2, 4 ),
 ( 0.0000000000000000000, 0.0001600242264610377600, 0.0003200484529220756800 ),
 .UNSPECIFIED. ) ;
#3942 = ORIENTED_EDGE ( 'NONE', *, *, #3992, .F. ) ;
#3943 = CARTESIAN_POINT ( 'NONE',  ( -10.51182419603452600, -8.285609833563629700, -3.000000000000009800 ) ) ;
#3944 = CARTESIAN_POINT ( 'NONE',  ( 10.47854951794378700, -0.9190220799092997400, 3.000000000000005300 ) ) ;
#3945 = CARTESIAN_POINT ( 'NONE',  ( 0.0000000000000000000, -9.790000000000002700, 0.0000000000000000000 ) ) ;
#3946 = ORIENTED_EDGE ( 'NONE', *, *, #4302, .T. ) ;
#3947 = VERTEX_POINT ( 'NONE', #4537 ) ;
#3948 = CARTESIAN_POINT ( 'NONE',  ( 10.60209150170461400, -8.352977534924905400, 2.999999999999914300 ) ) ;
#3949 = EDGE_CURVE ( 'NONE', #5259, #6530, #759, .T. ) ;
#3950 = EDGE_CURVE ( 'NONE', #409, #4840, #5440, .T. ) ;
#3951 = VECTOR ( 'NONE', #7768, 1000.000000000000000 ) ;
#3952 = CARTESIAN_POINT ( 'NONE',  ( -11.85315241706703800, -2.561111111111112200, 0.3333333333333341500 ) ) ;
#3953 = DIRECTION ( 'NONE',  ( -0.0000000000000000000, 1.000000000000000000, -0.0000000000000000000 ) ) ;
#3954 = ORIENTED_EDGE ( 'NONE', *, *, #2836, .F. ) ;
#3955 = CARTESIAN_POINT ( 'NONE',  ( -13.00000000000000000, -0.6666666666666666300, 0.3333333333333342600 ) ) ;
#3956 = LINE ( 'NONE', #4982, #4917 ) ;
#3957 = DIRECTION ( 'NONE',  ( 0.0000000000000000000, -1.000000000000000000, 0.0000000000000000000 ) ) ;
#3958 = ORIENTED_EDGE ( 'NONE', *, *, #3026, .T. ) ;
#3959 = DIRECTION ( 'NONE',  ( 0.0000000000000000000, 0.0000000000000000000, 1.000000000000000000 ) ) ;
#3960 = ADVANCED_FACE ( 'NONE', ( #3813 ), #4490, .T. ) ;
#3961 = VECTOR ( 'NONE', #4202, 1000.000000000000000 ) ;
#3962 = CARTESIAN_POINT ( 'NONE',  ( 11.09116414474554800, -1.795138888890206900, 0.4723671360249893600 ) ) ;
#3963 = CARTESIAN_POINT ( 'NONE',  ( 8.994773051108490200, -8.507089039417179400, -0.3333333116889175600 ) ) ;
#3964 = AXIS2_PLACEMENT_3D ( 'NONE', #1491, #4665, #7045 ) ;
#3965 = CARTESIAN_POINT ( 'NONE',  ( -11.02217088113241100, -8.325238983641988000, 0.3333333333333337000 ) ) ;
#3966 = ORIENTED_EDGE ( 'NONE', *, *, #5786, .T. ) ;
#3967 = CARTESIAN_POINT ( 'NONE',  ( -11.01644946929642500, -8.323592968122445900, -0.4765444609626243700 ) ) ;
#3968 = ORIENTED_EDGE ( 'NONE', *, *, #2197, .T. ) ;
#3969 = CIRCLE ( 'NONE', #5919, 0.1375000000000000400 ) ;
#3970 = CARTESIAN_POINT ( 'NONE',  ( -8.207540747914492800, -8.667419422622687700, 3.693942521953727200 ) ) ;
#3971 = CARTESIAN_POINT ( 'NONE',  ( 8.677557259966642200, -8.416666666666671400, 3.000000000000000900 ) ) ;
#3972 = CARTESIAN_POINT ( 'NONE',  ( -11.17389292030989100, -6.059485666573539000, 3.000000000000002700 ) ) ;
#3973 = PLANE ( 'NONE',  #719 ) ;
#3974 = ORIENTED_EDGE ( 'NONE', *, *, #1733, .T. ) ;
#3975 = CIRCLE ( 'NONE', #3939, 11.00000000000000000 ) ;
#3976 =( GEOMETRIC_REPRESENTATION_CONTEXT ( 3 ) GLOBAL_UNCERTAINTY_ASSIGNED_CONTEXT ( ( #5409 ) ) GLOBAL_UNIT_ASSIGNED_CONTEXT ( ( #1463, #6369, #5037 ) ) REPRESENTATION_CONTEXT ( 'NONE', 'WORKASPACE' ) );
#3977 = ORIENTED_EDGE ( 'NONE', *, *, #1469, .T. ) ;
#3978 = CARTESIAN_POINT ( 'NONE',  ( -11.12754340464337100, -3.052083333333333900, -0.4708333333333340500 ) ) ;
#3979 = CARTESIAN_POINT ( 'NONE',  ( 10.92720391798157900, -7.357226302971367800, -2.896355694858678400 ) ) ;
#3980 = ADVANCED_FACE ( 'NONE', ( #5353 ), #3714, .T. ) ;
#3981 = CARTESIAN_POINT ( 'NONE',  ( 11.49012263724674900, 0.0000000000000000000, 0.4765309864319775500 ) ) ;
#3982 = DIRECTION ( 'NONE',  ( 0.0000000000000000000, 0.0000000000000000000, 1.000000000000000000 ) ) ;
#3983 = DIRECTION ( 'NONE',  ( 0.0000000000000000000, -1.000000000000000000, 0.0000000000000000000 ) ) ;
#3984 = LINE ( 'NONE', #2331, #2351 ) ;
#3985 = ORIENTED_EDGE ( 'NONE', *, *, #7782, .T. ) ;
#3986 = ADVANCED_FACE ( 'NONE', ( #564 ), #842, .T. ) ;
#3987 = EDGE_CURVE ( 'NONE', #2040, #5301, #7076, .T. ) ;
#3988 =( BOUNDED_SURFACE ( )  B_SPLINE_SURFACE ( 3, 2, ( 
 ( #6865, #201, #2563 ),
 ( #90, #4412, #2025 ),
 ( #173, #5602, #4468 ),
 ( #4382, #799, #4494 ),
 ( #5080, #821, #2643 ),
 ( #7544, #720, #5000 ),
 ( #3324, #1534, #5819 ),
 ( #3921, #7055, #2074 ),
 ( #7004, #5131, #6358 ),
 ( #4541, #228, #2692 ) ),
 .UNSPECIFIED., .F., .F., .F. ) 
 B_SPLINE_SURFACE_WITH_KNOTS ( ( 4, 2, 2, 2, 4 ),
 ( 3, 3 ),
 ( 0.0000000000000000000, 0.0003679937838013924900, 0.0007359875676027849900, 0.001103981351404177400, 0.001471975135205570000 ),
 ( 0.0000000000000000000, 1.000000000000000000 ),
 .UNSPECIFIED. ) 
 GEOMETRIC_REPRESENTATION_ITEM ( )  RATIONAL_B_SPLINE_SURFACE ( (
 ( 1.000000000000000000, 0.7250957136058995300, 1.000000000000000000),
 ( 1.000000000000000000, 0.7253071578423888600, 1.000000000000000000),
 ( 1.000000000000000000, 0.7208498283687485600, 1.000000000000000000),
 ( 1.000000000000000000, 0.7114649841963178700, 1.000000000000000000),
 ( 1.000000000000000000, 0.7071132958936702200, 1.000000000000000000),
 ( 1.000000000000000000, 0.7071002835554477400, 1.000000000000000000),
 ( 1.000000000000000000, 0.7113963463678485400, 1.000000000000000000),
 ( 1.000000000000000000, 0.7208932414460862400, 1.000000000000000000),
 ( 1.000000000000000000, 0.7252518880990341800, 1.000000000000000000),
 ( 1.000000000000000000, 0.7250957136058996400, 1.000000000000000000) ) ) 
 REPRESENTATION_ITEM ( '' )  SURFACE ( )  );
#3989 = CARTESIAN_POINT ( 'NONE',  ( -10.60154228188320900, -8.630999259984758300, -2.933934828358183600 ) ) ;
#3990 = DIRECTION ( 'NONE',  ( 0.0000000000000000000, 0.0000000000000000000, 1.000000000000000000 ) ) ;
#3991 = CIRCLE ( 'NONE', #1723, 9.137499999999999300 ) ;
#3992 = EDGE_CURVE ( 'NONE', #32, #3518, #5927, .T. ) ;
#3993 = CARTESIAN_POINT ( 'NONE',  ( -11.00055430151966900, -8.433532612369525300, 0.3333333333333337600 ) ) ;
#3994 = DIRECTION ( 'NONE',  ( 0.0000000000000000000, 0.0000000000000000000, 1.000000000000000000 ) ) ;
#3995 = CARTESIAN_POINT ( 'NONE',  ( 11.48407370846695000, -2.531256360774635400, 0.3333333333333340900 ) ) ;
#3996 = CARTESIAN_POINT ( 'NONE',  ( -11.06713829267079600, -8.147406267158775300, -0.4765180069357566300 ) ) ;
#3997 = B_SPLINE_CURVE_WITH_KNOTS ( 'NONE', 3,
 ( #5992, #1708, #6577, #433, #7156, #7206 ),
 .UNSPECIFIED., .F., .F.,
 ( 4, 2, 4 ),
 ( 1.084202172485504400E-019, 0.0002707443806404697300, 0.0005414887612809393500 ),
 .UNSPECIFIED. ) ;
#3998 = CARTESIAN_POINT ( 'NONE',  ( 11.85315241706703800, -2.561111111111112200, 0.3333333333333341500 ) ) ;
#3999 = DIRECTION ( 'NONE',  ( 0.0000000000000000000, -1.000000000000000000, 0.0000000000000000000 ) ) ;
#4000 = VECTOR ( 'NONE', #7721, 1000.000000000000000 ) ;
#4001 = DIRECTION ( 'NONE',  ( 0.0000000000000000000, 0.0000000000000000000, -1.000000000000000000 ) ) ;
#4002 = CARTESIAN_POINT ( 'NONE',  ( -11.27996010631243200, -2.561111111111112200, 3.000000000000005300 ) ) ;
#4003 = CARTESIAN_POINT ( 'NONE',  ( 10.47579425945666300, -8.485227356401077600, -3.007127044408287400 ) ) ;
#4004 = EDGE_CURVE ( 'NONE', #1254, #4311, #2664, .T. ) ;
#4005 = FACE_OUTER_BOUND ( 'NONE', #2207, .T. ) ;
#4006 = CIRCLE ( 'NONE', #6340, 0.1375000000000000400 ) ;
#4007 = CARTESIAN_POINT ( 'NONE',  ( 11.63191935903348700, -4.984036849272101200, -2.894410177868525400 ) ) ;
#4008 = CARTESIAN_POINT ( 'NONE',  ( 0.0000000000000000000, -1.795138888888889300, 0.0000000000000000000 ) ) ;
#4009 = CARTESIAN_POINT ( 'NONE',  ( -8.658008261200478700, -8.601850317571068800, 3.042609831978909900 ) ) ;
#4010 = DIRECTION ( 'NONE',  ( -0.06233218258534672900, 0.0000000000000000000, -0.9980554588870034200 ) ) ;
#4011 = B_SPLINE_CURVE_WITH_KNOTS ( 'NONE', 3,
 ( #254, #1451, #4569, #2128, #1424, #3979, #7677, #4520, #5734, #4007 ),
 .UNSPECIFIED., .F., .F.,
 ( 4, 3, 3, 4 ),
 ( 0.0000000000000000000, 0.0002750000007263697200, 0.001375000082968201000, 0.003483945887657695200 ),
 .UNSPECIFIED. ) ;
#4012 = VERTEX_POINT ( 'NONE', #2830 ) ;
#4013 = FACE_OUTER_BOUND ( 'NONE', #6299, .T. ) ;
#4014 = EDGE_CURVE ( 'NONE', #2994, #6112, #466, .T. ) ;
#4015 = AXIS2_PLACEMENT_3D ( 'NONE', #7884, #1701, #4865 ) ;
#4016 = CIRCLE ( 'NONE', #4148, 11.50000000000000000 ) ;
#4017 = CARTESIAN_POINT ( 'NONE',  ( 10.85229110474936400, -1.976045895013905900E-017, -0.4708333333333341600 ) ) ;
#4018 = CARTESIAN_POINT ( 'NONE',  ( 10.61933720851193300, -2.958903744835712900, -2.896753976227430400 ) ) ;
#4019 = CARTESIAN_POINT ( 'NONE',  ( -11.10231044566787000, -2.286111111111111900, 3.000000000000004900 ) ) ;
#4020 = ORIENTED_EDGE ( 'NONE', *, *, #1418, .T. ) ;
#4021 = CARTESIAN_POINT ( 'NONE',  ( 8.459745588292703300, -8.749385618508354100, 3.420080260974539300 ) ) ;
#4022 = ORIENTED_EDGE ( 'NONE', *, *, #7357, .T. ) ;
#4023 = CARTESIAN_POINT ( 'NONE',  ( -11.97716594857773000, -4.984036849272101200, 0.4760820234339753200 ) ) ;
#4024 = ADVANCED_FACE ( 'NONE', ( #7757 ), #1029, .F. ) ;
#4025 = CARTESIAN_POINT ( 'NONE',  ( -10.99009943064561200, -8.513508640916526800, -0.4665988689687423600 ) ) ;
#4026 = AXIS2_PLACEMENT_3D ( 'NONE', #491, #4831, #569 ) ;
#4027 = DIRECTION ( 'NONE',  ( -0.0000000000000000000, 1.000000000000000000, -0.0000000000000000000 ) ) ;
#4028 = ADVANCED_FACE ( 'NONE', ( #1043 ), #1128, .T. ) ;
#4029 = DIRECTION ( 'NONE',  ( 0.0000000000000000000, -1.000000000000000000, -1.133581677370982300E-015 ) ) ;
#4030 = CARTESIAN_POINT ( 'NONE',  ( 10.88442328056748900, -8.285609833563626100, -0.3333333333333339300 ) ) ;
#4031 = CARTESIAN_POINT ( 'NONE',  ( 11.97716594857773000, -4.984036849272108300, 0.4760820234339753800 ) ) ;
#4032 = VERTEX_POINT ( 'NONE', #2183 ) ;
#4033 = CARTESIAN_POINT ( 'NONE',  ( 0.0000000000000000000, -4.937500000000000900, 0.0000000000000000000 ) ) ;
#4034 = VERTEX_POINT ( 'NONE', #7169 ) ;
#4035 = B_SPLINE_CURVE_WITH_KNOTS ( 'NONE', 3,
 ( #3604, #7876, #4208, #5388, #6611, #4832, #593, #1717, #2955, #7243, #1742, #3579, #5414, #6025, #2360, #4907 ),
 .UNSPECIFIED., .F., .F.,
 ( 4, 3, 3, 3, 3, 4 ),
 ( 1.735570302229820800E-018, 3.059960594286428100E-005, 7.728019212830304600E-005, 0.0001238834526644785300, 0.0001704262778875502600, 0.0002169435683465409300 ),
 .UNSPECIFIED. ) ;
#4036 = EDGE_LOOP ( 'NONE', ( #3509, #5117, #1308, #7536 ) ) ;
#4037 = CARTESIAN_POINT ( 'NONE',  ( 8.988044143389004100, -1.010416666666666500, 0.4637482900136808400 ) ) ;
#4038 = EDGE_CURVE ( 'NONE', #3266, #5598, #6514, .T. ) ;
#4039 = DIRECTION ( 'NONE',  ( 0.2854934147699853500, -0.9583806707790872800, 0.0000000000000000000 ) ) ;
#4040 = CARTESIAN_POINT ( 'NONE',  ( 11.34205444407879400, -7.212717477020032900, 0.3333333333363459100 ) ) ;
#4041 = CARTESIAN_POINT ( 'NONE',  ( 0.0000000000000000000, 2.000000000000000000, 0.0000000000000000000 ) ) ;
#4042 = ORIENTED_EDGE ( 'NONE', *, *, #4599, .F. ) ;
#4043 = CARTESIAN_POINT ( 'NONE',  ( -10.47854951794378700, -1.731582833182304000, 3.000000000000005300 ) ) ;
#4044 = AXIS2_PLACEMENT_3D ( 'NONE', #6421, #1511, #2168 ) ;
#4045 = ORIENTED_EDGE ( 'NONE', *, *, #351, .T. ) ;
#4046 = CARTESIAN_POINT ( 'NONE',  ( 0.0000000000000000000, -1.932638888888889200, 0.0000000000000000000 ) ) ;
#4047 = CARTESIAN_POINT ( 'NONE',  ( -10.99860860382850800, -8.450673309936135500, -0.3321641900174726000 ) ) ;
#4048 = CARTESIAN_POINT ( 'NONE',  ( 10.61362418823684100, -8.315935181604883700, 3.000000000000000900 ) ) ;
#4049 = VERTEX_POINT ( 'NONE', #4647 ) ;
#4050 = CARTESIAN_POINT ( 'NONE',  ( -11.13345569895799900, -2.532291041429016500, 3.000000000000005300 ) ) ;
#4051 = DIRECTION ( 'NONE',  ( 0.2445339470655930600, -0.0000000000000000000, 0.9696407317829226500 ) ) ;
#4052 = DIRECTION ( 'NONE',  ( 0.03969090270460140500, 0.0000000000000000000, -0.9992120056537020500 ) ) ;
#4053 = EDGE_CURVE ( 'NONE', #6426, #133, #2953, .T. ) ;
#4054 = AXIS2_PLACEMENT_3D ( 'NONE', #1288, #6222, #3212 ) ;
#4055 = VERTEX_POINT ( 'NONE', #2268 ) ;
#4056 = B_SPLINE_CURVE_WITH_KNOTS ( 'NONE', 3,
 ( #4601, #5707, #4074, #7769, #2863, #2216 ),
 .UNSPECIFIED., .F., .F.,
 ( 4, 2, 4 ),
 ( 0.0000000000000000000, 0.0002729427611971409900, 0.0005458855223942819900 ),
 .UNSPECIFIED. ) ;
#4057 = CARTESIAN_POINT ( 'NONE',  ( -10.85615918285223600, -8.627382810789251600, 0.2693451212249745000 ) ) ;
#4058 = EDGE_LOOP ( 'NONE', ( #6157, #964, #6536, #3644 ) ) ;
#4059 = CARTESIAN_POINT ( 'NONE',  ( 8.307961375826334200, -8.416666666666669600, -3.666666666666675800 ) ) ;
#4060 = CARTESIAN_POINT ( 'NONE',  ( -10.61706255562778600, -2.955486050020477600, -2.897305968003928800 ) ) ;
#4061 = CARTESIAN_POINT ( 'NONE',  ( 10.74593716537212500, -1.795138888888889500, 2.866560233841231900 ) ) ;
#4062 = DIRECTION ( 'NONE',  ( 1.000000000000000000, 0.0000000000000000000, 0.0000000000000000000 ) ) ;
#4063 = CIRCLE ( 'NONE', #7660, 0.2100000000000001300 ) ;
#4064 = ORIENTED_EDGE ( 'NONE', *, *, #3832, .F. ) ;
#4065 = VECTOR ( 'NONE', #1808, 1000.000000000000000 ) ;
#4066 = CARTESIAN_POINT ( 'NONE',  ( -11.64088229691267900, -4.953065796067794400, 2.895255626311164400 ) ) ;
#4067 = EDGE_CURVE ( 'NONE', #7298, #6112, #4196, .T. ) ;
#4068 = ORIENTED_EDGE ( 'NONE', *, *, #4721, .T. ) ;
#4069 = CARTESIAN_POINT ( 'NONE',  ( -10.58352600524641800, -1.702199050120350800, 3.000000000000054200 ) ) ;
#4070 = EDGE_CURVE ( 'NONE', #3428, #4803, #295, .T. ) ;
#4071 = AXIS2_PLACEMENT_3D ( 'NONE', #3273, #2671, #1354 ) ;
#4072 = ADVANCED_FACE ( 'NONE', ( #3158 ), #1509, .T. ) ;
#4073 = CARTESIAN_POINT ( 'NONE',  ( 1.102182119232617700E-015, 2.000000000000000000, -9.000000000000000000 ) ) ;
#4074 = CARTESIAN_POINT ( 'NONE',  ( -10.48479464085366100, -0.8298047959598973100, -2.962192348981720300 ) ) ;
#4075 = EDGE_LOOP ( 'NONE', ( #3673, #7411, #788, #4400 ) ) ;
#4076 = CARTESIAN_POINT ( 'NONE',  ( -10.85272318776254600, -8.513508640916528600, -0.4607663831066325900 ) ) ;
#4077 = TOROIDAL_SURFACE ( 'NONE', #3468, 9.209999999999999100, 0.2099999999999999900 ) ;
#4078 = DIRECTION ( 'NONE',  ( 0.0000000000000000000, 0.0000000000000000000, 1.000000000000000000 ) ) ;
#4079 = ADVANCED_FACE ( 'NONE', ( #4972 ), #749, .T. ) ;
#4080 = ORIENTED_EDGE ( 'NONE', *, *, #4565, .T. ) ;
#4081 = CARTESIAN_POINT ( 'NONE',  ( 8.307961375826332400, -8.416666666666671400, 3.804166666666673400 ) ) ;
#4082 = EDGE_LOOP ( 'NONE', ( #5963, #1748, #5344 ) ) ;
#4083 = CARTESIAN_POINT ( 'NONE',  ( 10.64265717838355700, -2.998215073894683300, -2.891111857542617300 ) ) ;
#4084 = CARTESIAN_POINT ( 'NONE',  ( -10.98204907180757500, -0.8041668022164674100, -0.6305887663037982300 ) ) ;
#4085 = CARTESIAN_POINT ( 'NONE',  ( -10.99442124812328100, -8.432806995708313400, 0.4767489394116604700 ) ) ;
#4086 = DIRECTION ( 'NONE',  ( -0.9930737109695735300, -0.1174929980089014200, 0.0000000000000000000 ) ) ;
#4087 = CIRCLE ( 'NONE', #1253, 0.1375000000000000400 ) ;
#4088 = CARTESIAN_POINT ( 'NONE',  ( -10.85615495942596100, -8.627259888822667500, -0.2693907690873264500 ) ) ;
#4089 = VERTEX_POINT ( 'NONE', #2289 ) ;
#4090 = CARTESIAN_POINT ( 'NONE',  ( 0.0000000000000000000, -1.040949779275250100E-015, 0.0000000000000000000 ) ) ;
#4091 = CARTESIAN_POINT ( 'NONE',  ( 11.20467811345321800, -7.172430905626910700, -0.3333333333333339800 ) ) ;
#4092 = CARTESIAN_POINT ( 'NONE',  ( -10.74593716537211900, -3.052083333333333500, -2.866560233841234200 ) ) ;
#4093 = DIRECTION ( 'NONE',  ( 1.000000000000000000, -0.0000000000000000000, 0.0000000000000000000 ) ) ;
#4094 = EDGE_CURVE ( 'NONE', #6442, #5016, #2965, .T. ) ;
#4095 = B_SPLINE_CURVE_WITH_KNOTS ( 'NONE', 3,
 ( #7890, #3076, #7359, #6040 ),
 .UNSPECIFIED., .F., .F.,
 ( 4, 4 ),
 ( 0.0000000000000000000, 5.757178801709571700E-005 ),
 .UNSPECIFIED. ) ;
#4096 = FACE_OUTER_BOUND ( 'NONE', #2582, .T. ) ;
#4097 = ORIENTED_EDGE ( 'NONE', *, *, #2001, .T. ) ;
#4098 = CARTESIAN_POINT ( 'NONE',  ( 8.579141765853441000, -0.8252360897717177000, -2.720278734354676200 ) ) ;
#4099 = CARTESIAN_POINT ( 'NONE',  ( 10.99602200798088300, -2.286111111111111900, 3.000000000000005300 ) ) ;
#4100 = CARTESIAN_POINT ( 'NONE',  ( -13.00000000000000000, -3.189583333333334100, -0.4708333333333341000 ) ) ;
#4101 = CARTESIAN_POINT ( 'NONE',  ( 11.84512056720710200, -4.946053714713292100, 0.3333333333333339300 ) ) ;
#4102 =( BOUNDED_SURFACE ( )  B_SPLINE_SURFACE ( 3, 2, ( 
 ( #2977, #7852, #512 ),
 ( #2405, #6606, #7313 ),
 ( #3643, #589, #4186 ),
 ( #1781, #1713, #6072 ),
 ( #7286, #4231, #7237 ),
 ( #3575, #7938, #4855 ) ),
 .UNSPECIFIED., .F., .F., .F. ) 
 B_SPLINE_SURFACE_WITH_KNOTS ( ( 4, 2, 4 ),
 ( 3, 3 ),
 ( 0.0000000000000000000, 0.0002186379982943746700, 0.0004372759965887493400 ),
 ( 0.0000000000000000000, 1.000000000000000000 ),
 .UNSPECIFIED. ) 
 GEOMETRIC_REPRESENTATION_ITEM ( )  RATIONAL_B_SPLINE_SURFACE ( (
 ( 1.000000000000000000, 0.7071067811865475700, 1.000000000000000000),
 ( 1.000000000000000000, 0.7305031502734743400, 1.000000000000000000),
 ( 1.000000000000000000, 0.7530573677913379200, 1.000000000000000000),
 ( 1.000000000000000000, 0.7852964550604459900, 1.000000000000000000),
 ( 1.000000000000000000, 0.7949447145220959200, 1.000000000000000000),
 ( 1.000000000000000000, 0.7948337212391497500, 1.000000000000000000) ) ) 
 REPRESENTATION_ITEM ( '' )  SURFACE ( )  );
#4103 = CARTESIAN_POINT ( 'NONE',  ( -10.99602200798088500, -1.795138888888889300, 2.862500000000005600 ) ) ;
#4104 = CARTESIAN_POINT ( 'NONE',  ( -10.53272244899199500, -0.6666666666666669600, 2.656250000000005800 ) ) ;
#4105 = FACE_OUTER_BOUND ( 'NONE', #1796, .T. ) ;
#4106 = CARTESIAN_POINT ( 'NONE',  ( 8.283321226038593100, -8.839317184797598900, -3.520728042668610900 ) ) ;
#4107 = AXIS2_PLACEMENT_3D ( 'NONE', #6158, #5540, #3805 ) ;
#4108 = CARTESIAN_POINT ( 'NONE',  ( 10.57532235353500600, -8.580298540553471300, 3.028643665211387500 ) ) ;
#4109 = CARTESIAN_POINT ( 'NONE',  ( 10.97113639147601700, -7.210677688373920100, 2.896202161517046100 ) ) ;
#4110 = DIRECTION ( 'NONE',  ( -0.0000000000000000000, 1.000000000000000000, 0.0000000000000000000 ) ) ;
#4111 = CIRCLE ( 'NONE', #2042, 0.1375000000000000400 ) ;
#4112 = ADVANCED_FACE ( 'NONE', ( #1309 ), #2417, .T. ) ;
#4113 = ORIENTED_EDGE ( 'NONE', *, *, #4212, .T. ) ;
#4114 = CARTESIAN_POINT ( 'NONE',  ( 10.17458707870851100, -8.416666666666671400, 3.804166666666673800 ) ) ;
#4115 = FACE_OUTER_BOUND ( 'NONE', #5956, .T. ) ;
#4116 = CARTESIAN_POINT ( 'NONE',  ( 10.88223286323962900, -3.058464659815745400, -0.3333333333333340900 ) ) ;
#4117 = CARTESIAN_POINT ( 'NONE',  ( 9.125361484468557500, -0.9195927176922758000, 0.3333333333333342000 ) ) ;
#4118 = EDGE_CURVE ( 'NONE', #1871, #6467, #5432, .T. ) ;
#4119 = AXIS2_PLACEMENT_3D ( 'NONE', #3090, #3145, #7902 ) ;
#4120 = VERTEX_POINT ( 'NONE', #1698 ) ;
#4121 = CARTESIAN_POINT ( 'NONE',  ( -10.84137742216007400, -0.6666666666666666300, 0.6770833333333342600 ) ) ;
#4122 = CARTESIAN_POINT ( 'NONE',  ( -10.61618999397227000, -8.432806995708313400, 2.898464790936376100 ) ) ;
#4123 = CARTESIAN_POINT ( 'NONE',  ( 10.62318973682475600, -0.7163712983208858600, 2.855647456778492600 ) ) ;
#4124 = B_SPLINE_CURVE_WITH_KNOTS ( 'NONE', 3,
 ( #3490, #2869, #2349, #479, #1707, #2277, #4106, #6017, #432, #3520 ),
 .UNSPECIFIED., .F., .F.,
 ( 4, 2, 2, 2, 4 ),
 ( 0.0000000000000000000, 0.0003791129821037789100, 0.0007582259642075578300, 0.001137338946311336700, 0.001516451928415115700 ),
 .UNSPECIFIED. ) ;
#4125 = ORIENTED_EDGE ( 'NONE', *, *, #703, .F. ) ;
#4126 = CARTESIAN_POINT ( 'NONE',  ( 10.19360779294096600, -8.586929060810097900, 3.631023320235931900 ) ) ;
#4127 = ORIENTED_EDGE ( 'NONE', *, *, #819, .F. ) ;
#4128 = CARTESIAN_POINT ( 'NONE',  ( 10.37811674738998800, -8.820124157429759700, 3.647142902847250800 ) ) ;
#4129 = CARTESIAN_POINT ( 'NONE',  ( 10.61118938525953000, -2.914583333333333700, -2.898734177215196000 ) ) ;
#4130 = CARTESIAN_POINT ( 'NONE',  ( -8.988044143389004100, -8.416666666666671400, 0.4637482900136804000 ) ) ;
#4131 = CARTESIAN_POINT ( 'NONE',  ( -10.47854951794381200, -1.010416666666631700, -3.000000000000123000 ) ) ;
#4132 = PLANE ( 'NONE',  #1036 ) ;
#4133 = ORIENTED_EDGE ( 'NONE', *, *, #5417, .F. ) ;
#4134 = ORIENTED_EDGE ( 'NONE', *, *, #2938, .F. ) ;
#4135 = CARTESIAN_POINT ( 'NONE',  ( -10.66582764644188300, -3.020037976908974900, -2.885543017670474600 ) ) ;
#4136 = CARTESIAN_POINT ( 'NONE',  ( 10.98966187822720600, -0.9555466971807704500, 0.4767932489451485700 ) ) ;
#4137 = CARTESIAN_POINT ( 'NONE',  ( 11.99054406784442700, -4.889079012875070500, -0.4762908324552167500 ) ) ;
#4138 = VERTEX_POINT ( 'NONE', #4779 ) ;
#4139 = VERTEX_POINT ( 'NONE', #5955 ) ;
#4140 = CARTESIAN_POINT ( 'NONE',  ( 10.68944673648238600, -1.932638888888889500, 3.000000000000005300 ) ) ;
#4141 = CARTESIAN_POINT ( 'NONE',  ( 9.000004298240492400, -8.887584690731081600, -0.1215708894358251800 ) ) ;
#4142 = EDGE_CURVE ( 'NONE', #3480, #5455, #5830, .T. ) ;
#4143 = ADVANCED_FACE ( 'NONE', ( #4005 ), #7453, .T. ) ;
#4144 = CARTESIAN_POINT ( 'NONE',  ( -8.487411565805507200, -8.489380444361671600, 3.000000044820348800 ) ) ;
#4145 = ORIENTED_EDGE ( 'NONE', *, *, #624, .T. ) ;
#4146 = AXIS2_PLACEMENT_3D ( 'NONE', #4189, #3038, #2336 ) ;
#4147 = ORIENTED_EDGE ( 'NONE', *, *, #2356, .F. ) ;
#4148 = AXIS2_PLACEMENT_3D ( 'NONE', #3106, #3159, #685 ) ;
#4149 = CARTESIAN_POINT ( 'NONE',  ( -8.982633378099599500, -0.8269099194040439000, 0.5600863183739882600 ) ) ;
#4150 = CIRCLE ( 'NONE', #5445, 0.1374999999999994600 ) ;
#4151 = CARTESIAN_POINT ( 'NONE',  ( 10.55826099421342900, -8.659136366485256500, 3.088037616476656800 ) ) ;
#4152 = ORIENTED_EDGE ( 'NONE', *, *, #5799, .T. ) ;
#4153 = CARTESIAN_POINT ( 'NONE',  ( 10.86325338064784600, -8.372264427882321100, 0.3333333333333337000 ) ) ;
#4154 = COORDINATED_UNIVERSAL_TIME_OFFSET ( 6, 0, .BEHIND. ) ;
#4155 = CARTESIAN_POINT ( 'NONE',  ( -11.50368023849109300, -4.946053714713293000, -3.000000000000008400 ) ) ;
#4156 = CARTESIAN_POINT ( 'NONE',  ( 11.84512056720710200, -4.946053714713293000, 0.3333333333333339300 ) ) ;
#4157 = CARTESIAN_POINT ( 'NONE',  ( 10.97861004775703500, -0.8041666666666667000, -0.6856540084388198500 ) ) ;
#4158 = VERTEX_POINT ( 'NONE', #2384 ) ;
#4159 = EDGE_CURVE ( 'NONE', #527, #3406, #7264, .T. ) ;
#4160 = AXIS2_PLACEMENT_3D ( 'NONE', #3071, #3099, #4942 ) ;
#4161 = LINE ( 'NONE', #270, #3207 ) ;
#4162 = CARTESIAN_POINT ( 'NONE',  ( 11.09248247032443400, -8.059312849325637600, 0.4765049168151907500 ) ) ;
#4163 = CARTESIAN_POINT ( 'NONE',  ( 10.99880052175744700, -8.395807456933758000, -0.4767081896817227900 ) ) ;
#4164 = DIRECTION ( 'NONE',  ( 0.0000000000000000000, 0.0000000000000000000, 1.000000000000000000 ) ) ;
#4165 = ORIENTED_EDGE ( 'NONE', *, *, #1644, .T. ) ;
#4166 = DIRECTION ( 'NONE',  ( 0.0000000000000000000, 0.0000000000000000000, 1.000000000000000000 ) ) ;
#4167 = ORIENTED_EDGE ( 'NONE', *, *, #1784, .T. ) ;
#4168 = FACE_OUTER_BOUND ( 'NONE', #111, .T. ) ;
#4169 = CARTESIAN_POINT ( 'NONE',  ( 10.47854951794378300, -1.657638888888889300, 3.000000000000005800 ) ) ;
#4170 = EDGE_CURVE ( 'NONE', #1797, #3480, #4558, .T. ) ;
#4171 = AXIS2_PLACEMENT_3D ( 'NONE', #3152, #7455, #6218 ) ;
#4172 = CARTESIAN_POINT ( 'NONE',  ( 11.64538703909962100, -4.889079012875070500, 2.895679662802954200 ) ) ;
#4173 = ORIENTED_EDGE ( 'NONE', *, *, #2922, .T. ) ;
#4174 = CARTESIAN_POINT ( 'NONE',  ( 9.137504340084120700, -8.750059630710142100, -0.08674518512370300900 ) ) ;
#4175 = CARTESIAN_POINT ( 'NONE',  ( 8.219692640733827100, -8.520409890676901900, -3.666666642009810900 ) ) ;
#4176 = DIRECTION ( 'NONE',  ( -0.0000000000000000000, 1.000000000000000000, -0.0000000000000000000 ) ) ;
#4177 = CIRCLE ( 'NONE', #2870, 0.1375000000000000400 ) ;
#4178 = ORIENTED_EDGE ( 'NONE', *, *, #6594, .F. ) ;
#4179 = FACE_OUTER_BOUND ( 'NONE', #3920, .T. ) ;
#4180 = CARTESIAN_POINT ( 'NONE',  ( 10.46890258785920500, -8.569885759123023300, 3.024920197635207600 ) ) ;
#4181 = DIRECTION ( 'NONE',  ( 0.0000000000000000000, 0.0000000000000000000, 1.000000000000000000 ) ) ;
#4182 = DIRECTION ( 'NONE',  ( 0.0000000000000000000, 1.000000000000000000, 0.0000000000000000000 ) ) ;
#4183 = FACE_OUTER_BOUND ( 'NONE', #7402, .T. ) ;
#4184 = CARTESIAN_POINT ( 'NONE',  ( -10.47579425945666500, -8.513508640916528600, 2.872566950226701300 ) ) ;
#4185 = EDGE_LOOP ( 'NONE', ( #4457, #2612, #188, #6589 ) ) ;
#4186 = CARTESIAN_POINT ( 'NONE',  ( -10.61693644112686600, -3.161110131181461600, -3.000000000000007500 ) ) ;
#4187 = CARTESIAN_POINT ( 'NONE',  ( -8.554568694922370000, -0.9012066702941752300, 2.796593068615297600 ) ) ;
#4188 = FACE_OUTER_BOUND ( 'NONE', #3387, .T. ) ;
#4189 = CARTESIAN_POINT ( 'NONE',  ( 0.0000000000000000000, -2.423611111111112000, 0.0000000000000000000 ) ) ;
#4190 = VERTEX_POINT ( 'NONE', #671 ) ;
#4191 = CARTESIAN_POINT ( 'NONE',  ( -10.47579425945666500, -8.485227356401082900, -3.007127044408288300 ) ) ;
#4192 = EDGE_CURVE ( 'NONE', #2733, #1725, #7644, .T. ) ;
#4193 = AXIS2_PLACEMENT_3D ( 'NONE', #194, #3783, #6221 ) ;
#4194 = CARTESIAN_POINT ( 'NONE',  ( 8.307961375826328900, 0.0000000000000000000, -3.666666666666666100 ) ) ;
#4195 = ORIENTED_EDGE ( 'NONE', *, *, #2272, .F. ) ;
#4196 = CIRCLE ( 'NONE', #3460, 0.1375000000000000400 ) ;
#4197 = FACE_OUTER_BOUND ( 'NONE', #1085, .T. ) ;
#4198 = DIRECTION ( 'NONE',  ( -0.0000000000000000000, 1.000000000000000000, -0.0000000000000000000 ) ) ;
#4199 = EDGE_CURVE ( 'NONE', #6216, #478, #3358, .T. ) ;
#4200 = AXIS2_PLACEMENT_3D ( 'NONE', #1802, #3110, #3618 ) ;
#4201 = CARTESIAN_POINT ( 'NONE',  ( 11.51195031260993300, -4.889079012875070500, -3.000000000000008400 ) ) ;
#4202 = DIRECTION ( 'NONE',  ( 1.000000000000000000, -0.0000000000000000000, -0.0000000000000000000 ) ) ;
#4203 = ORIENTED_EDGE ( 'NONE', *, *, #7350, .T. ) ;
#4204 = CARTESIAN_POINT ( 'NONE',  ( -10.62318973682475800, -0.7163712983208763200, -2.855647456778481100 ) ) ;
#4205 = CYLINDRICAL_SURFACE ( 'NONE', #5787, 0.1375000000000000400 ) ;
#4206 = FACE_OUTER_BOUND ( 'NONE', #1103, .T. ) ;
#4207 = CARTESIAN_POINT ( 'NONE',  ( 8.578924664822215700, -0.8256323080712576500, -2.720961216716976800 ) ) ;
#4208 = CARTESIAN_POINT ( 'NONE',  ( -11.10710022145241600, -3.050942749100395100, -0.4716976490956544300 ) ) ;
#4209 = ORIENTED_EDGE ( 'NONE', *, *, #1977, .T. ) ;
#4210 = DIRECTION ( 'NONE',  ( 0.0000000000000000000, 0.0000000000000000000, 1.000000000000000000 ) ) ;
#4211 = EDGE_CURVE ( 'NONE', #7805, #2040, #6394, .T. ) ;
#4212 = EDGE_CURVE ( 'NONE', #6426, #5678, #1501, .T. ) ;
#4213 = AXIS2_PLACEMENT_3D ( 'NONE', #6373, #2739, #7017 ) ;
#4214 = VERTEX_POINT ( 'NONE', #1898 ) ;
#4215 = ORIENTED_EDGE ( 'NONE', *, *, #5958, .T. ) ;
#4216 = CARTESIAN_POINT ( 'NONE',  ( -10.47854951794378700, -2.914583333333333700, -3.000000000000007500 ) ) ;
#4217 = CARTESIAN_POINT ( 'NONE',  ( 8.982633378099597700, -0.8269099194040434600, -0.5600863183739890300 ) ) ;
#4218 = DIRECTION ( 'NONE',  ( 0.0000000000000000000, 1.000000000000000000, 0.0000000000000000000 ) ) ;
#4219 = CARTESIAN_POINT ( 'NONE',  ( 8.677557259966652800, -1.010416666666666500, -3.000000000000006700 ) ) ;
#4220 = ORIENTED_EDGE ( 'NONE', *, *, #5936, .F. ) ;
#4221 = ORIENTED_EDGE ( 'NONE', *, *, #778, .F. ) ;
#4222 = B_SPLINE_CURVE_WITH_KNOTS ( 'NONE', 3,
 ( #1677, #1105, #743, #2668, #4297, #1825 ),
 .UNSPECIFIED., .F., .F.,
 ( 4, 2, 4 ),
 ( 0.0000000000000000000, 0.0002717611676059466700, 0.0005435223352118933500 ),
 .UNSPECIFIED. ) ;
#4223 = EDGE_CURVE ( 'NONE', #2876, #5259, #1714, .T. ) ;
#4224 = AXIS2_PLACEMENT_3D ( 'NONE', #5058, #1379, #5655 ) ;
#4225 = EDGE_LOOP ( 'NONE', ( #2758, #6028, #6366, #1517 ) ) ;
#4226 = CARTESIAN_POINT ( 'NONE',  ( -11.50368023849109500, -4.946053714713285900, 2.862500000000003400 ) ) ;
#4227 = DIRECTION ( 'NONE',  ( 0.9992120056537020500, 0.0000000000000000000, -0.03969090270460155800 ) ) ;
#4228 = ORIENTED_EDGE ( 'NONE', *, *, #4364, .T. ) ;
#4229 = CARTESIAN_POINT ( 'NONE',  ( -11.64538703909961500, -4.889079012875070500, 2.895679662802956900 ) ) ;
#4230 = CARTESIAN_POINT ( 'NONE',  ( -10.48990864937905300, -8.372213980322987600, 3.000000000000000900 ) ) ;
#4231 = CARTESIAN_POINT ( 'NONE',  ( -10.58352595058472000, -2.959668346222996700, -2.999999999999958300 ) ) ;
#4232 =( BOUNDED_SURFACE ( )  B_SPLINE_SURFACE ( 3, 2, ( 
 ( #3433, #2860, #4762 ),
 ( #7790, #4679, #5293 ),
 ( #7148, #976, #7198 ),
 ( #1561, #5855, #5882 ) ),
 .UNSPECIFIED., .F., .F., .F. ) 
 B_SPLINE_SURFACE_WITH_KNOTS ( ( 4, 4 ),
 ( 3, 3 ),
 ( 0.0000000000000000000, 9.774886487599237000E-005 ),
 ( 0.0000000000000000000, 1.000000000000000000 ),
 .UNSPECIFIED. ) 
 GEOMETRIC_REPRESENTATION_ITEM ( )  RATIONAL_B_SPLINE_SURFACE ( (
 ( 1.000000000000000000, 0.7942172611763413900, 1.000000000000000000),
 ( 1.000000000000000000, 0.7920774126379356300, 1.000000000000000000),
 ( 1.000000000000000000, 0.7918271982286595500, 1.000000000000000000),
 ( 1.000000000000000000, 0.7933454013390656100, 1.000000000000000000) ) ) 
 REPRESENTATION_ITEM ( '' )  SURFACE ( )  );
#4233 = ORIENTED_EDGE ( 'NONE', *, *, #5290, .T. ) ;
#4234 = CARTESIAN_POINT ( 'NONE',  ( -10.48495298938307700, -0.8283011880886155300, 2.961218997983243300 ) ) ;
#4235 = ORIENTED_EDGE ( 'NONE', *, *, #6741, .T. ) ;
#4236 = DIRECTION ( 'NONE',  ( 0.9925769624232591000, -0.1216181469461528500, 0.0000000000000000000 ) ) ;
#4237 = CARTESIAN_POINT ( 'NONE',  ( 10.86325305599045300, -8.372267217126765400, -0.3333333333333339300 ) ) ;
#4238 = CARTESIAN_POINT ( 'NONE',  ( 10.85229110474936800, -1.010416666666666500, -0.3333333333333342600 ) ) ;
#4239 = DIRECTION ( 'NONE',  ( -0.07409940720474206300, 0.0000000000000000000, -0.9972508600406950800 ) ) ;
#4240 = FACE_OUTER_BOUND ( 'NONE', #617, .T. ) ;
#4241 = ORIENTED_EDGE ( 'NONE', *, *, #1366, .F. ) ;
#4242 = ORIENTED_EDGE ( 'NONE', *, *, #1528, .F. ) ;
#4243 = CARTESIAN_POINT ( 'NONE',  ( 10.48990829323579100, -8.372216940414709500, -3.000000000000009800 ) ) ;
#4244 = CARTESIAN_POINT ( 'NONE',  ( 8.182944173180521500, -8.416666666666671400, -3.746922024623806600 ) ) ;
#4245 = DIRECTION ( 'NONE',  ( 0.0000000000000000000, 0.0000000000000000000, 1.000000000000000000 ) ) ;
#4246 = VECTOR ( 'NONE', #1110, 1000.000000000000000 ) ;
#4247 = EDGE_CURVE ( 'NONE', #7204, #276, #4963, .T. ) ;
#4248 = VECTOR ( 'NONE', #4754, 1000.000000000000000 ) ;
#4249 = AXIS2_PLACEMENT_3D ( 'NONE', #2371, #3051, #557 ) ;
#4250 = CARTESIAN_POINT ( 'NONE',  ( 11.00617784242760600, -8.359281979612246600, -0.4766395773534680100 ) ) ;
#4251 = ORIENTED_EDGE ( 'NONE', *, *, #207, .T. ) ;
#4252 = CARTESIAN_POINT ( 'NONE',  ( 11.51195031260993500, -2.561111111111112200, 2.862500000000005200 ) ) ;
#4253 = ORIENTED_EDGE ( 'NONE', *, *, #5109, .F. ) ;
#4254 = CARTESIAN_POINT ( 'NONE',  ( -10.60154230156092600, -8.630998922817198600, 2.933934756596676700 ) ) ;
#4255 = CARTESIAN_POINT ( 'NONE',  ( 10.59286255273472600, -0.8416928537889444300, -2.967045754987588200 ) ) ;
#4256 = TOROIDAL_SURFACE ( 'NONE', #4270, 9.209999999999999100, 0.2099999999999999900 ) ;
#4257 = DIRECTION ( 'NONE',  ( 0.9568149570780254400, 0.0000000000000000000, -0.2906976744175574500 ) ) ;
#4258 = CARTESIAN_POINT ( 'NONE',  ( 10.99106168844349100, -8.619997367798800900, -0.4439342000639359700 ) ) ;
#4259 = ORIENTED_EDGE ( 'NONE', *, *, #3077, .F. ) ;
#4260 = EDGE_CURVE ( 'NONE', #3266, #1245, #5816, .T. ) ;
#4261 = FACE_OUTER_BOUND ( 'NONE', #3174, .T. ) ;
#4262 = VERTEX_POINT ( 'NONE', #6794 ) ;
#4263 = CIRCLE ( 'NONE', #51, 0.1375000000000000400 ) ;
#4264 = CARTESIAN_POINT ( 'NONE',  ( 11.78365326668829600, -5.656756645396544800, 0.4761676340455050500 ) ) ;
#4265 = CARTESIAN_POINT ( 'NONE',  ( -10.17458707870850900, -8.416666666666671400, 3.804166666666673400 ) ) ;
#4266 = CARTESIAN_POINT ( 'NONE',  ( -8.677557259966652800, -8.416666666666671400, -3.000000000000004400 ) ) ;
#4267 = CARTESIAN_POINT ( 'NONE',  ( -10.85229110474936400, -1.976045895013905900E-017, -0.4708333333333341600 ) ) ;
#4268 = CIRCLE ( 'NONE', #1881, 0.1375000000000000400 ) ;
#4269 = ORIENTED_EDGE ( 'NONE', *, *, #3649, .T. ) ;
#4270 = AXIS2_PLACEMENT_3D ( 'NONE', #107, #6746, #3097 ) ;
#4271 = CARTESIAN_POINT ( 'NONE',  ( 11.12754340464337100, -3.189583333333333700, -0.3333333333333341500 ) ) ;
#4272 = CARTESIAN_POINT ( 'NONE',  ( 10.85415376384368000, -8.439682309897474300, -0.3333333333343158100 ) ) ;
#4273 = CARTESIAN_POINT ( 'NONE',  ( -11.99054406774485300, -4.921343975277618900, -0.4762908349618781300 ) ) ;
#4274 = CARTESIAN_POINT ( 'NONE',  ( -11.05491434676699700, -3.189583229242464000, -0.3333333333333341500 ) ) ;
#4275 = CIRCLE ( 'NONE', #4816, 11.02675172173726100 ) ;
#4276 = CARTESIAN_POINT ( 'NONE',  ( 8.579055430358909700, -0.8254535018504480800, 2.720548348241746500 ) ) ;
#4277 = DIRECTION ( 'NONE',  ( -0.0000000000000000000, 1.000000000000000000, -0.0000000000000000000 ) ) ;
#4278 = DIRECTION ( 'NONE',  ( 0.0000000000000000000, 0.0000000000000000000, 1.000000000000000000 ) ) ;
#4279 = CARTESIAN_POINT ( 'NONE',  ( 10.99299827664700800, -2.944646916225461800, -0.4766454864644515400 ) ) ;
#4280 = CARTESIAN_POINT ( 'NONE',  ( -10.48446196509712700, -8.416666666666671400, 3.000000000000000900 ) ) ;
#4281 = CIRCLE ( 'NONE', #4660, 0.1375000000000000400 ) ;
#4282 =( BOUNDED_SURFACE ( )  B_SPLINE_SURFACE ( 3, 2, ( 
 ( #7136, #651, #4347 ),
 ( #2415, #4373, #4888 ),
 ( #4290, #6159, #6185 ),
 ( #7926, #1228, #5513 ) ),
 .UNSPECIFIED., .F., .F., .F. ) 
 B_SPLINE_SURFACE_WITH_KNOTS ( ( 4, 4 ),
 ( 3, 3 ),
 ( 0.0000000000000000000, 0.0001336939827389734200 ),
 ( 0.0000000000000000000, 1.000000000000000000 ),
 .UNSPECIFIED. ) 
 GEOMETRIC_REPRESENTATION_ITEM ( )  RATIONAL_B_SPLINE_SURFACE ( (
 ( 1.000000000000000000, 0.6922660349650390200, 1.000000000000000000),
 ( 1.000000000000000000, 0.6920154745225709500, 1.000000000000000000),
 ( 1.000000000000000000, 0.6918359803472597900, 1.000000000000000000),
 ( 1.000000000000000000, 0.6917287800646398900, 1.000000000000000000) ) ) 
 REPRESENTATION_ITEM ( '' )  SURFACE ( )  );
#4283 = CARTESIAN_POINT ( 'NONE',  ( -10.64458686817914100, -0.6751290593610950200, 2.774972531198169000 ) ) ;
#4284 = ADVANCED_FACE ( 'NONE', ( #6014 ), #1705, .T. ) ;
#4285 = CARTESIAN_POINT ( 'NONE',  ( 10.99442124812328100, -8.432806995708313400, 0.4767489394116604700 ) ) ;
#4286 = CARTESIAN_POINT ( 'NONE',  ( 9.112379733621891000, -0.6666666666656450000, -0.6770833333329530100 ) ) ;
#4287 = DIRECTION ( 'NONE',  ( 0.0000000000000000000, 0.0000000000000000000, 1.000000000000000000 ) ) ;
#4288 = CIRCLE ( 'NONE', #4758, 12.00000000000000000 ) ;
#4289 = CARTESIAN_POINT ( 'NONE',  ( 10.99442124812328100, -8.432806995708313400, 0.4767489394116604700 ) ) ;
#4290 = CARTESIAN_POINT ( 'NONE',  ( -10.99880052175740100, -8.395807456933758000, -0.4767081896815660300 ) ) ;
#4291 = EDGE_CURVE ( 'NONE', #1621, #169, #5780, .T. ) ;
#4292 = AXIS2_PLACEMENT_3D ( 'NONE', #1732, #6623, #2970 ) ;
#4293 = VERTEX_POINT ( 'NONE', #4884 ) ;
#4294 = LINE ( 'NONE', #7113, #2570 ) ;
#4295 = DIRECTION ( 'NONE',  ( -0.9980554588870034200, 0.0000000000000000000, -0.06233218258534672900 ) ) ;
#4296 = DIRECTION ( 'NONE',  ( 1.000000000000000000, -0.0000000000000000000, -0.0000000000000000000 ) ) ;
#4297 = CARTESIAN_POINT ( 'NONE',  ( 10.47854951794378500, -0.9190833935725769600, -3.000000000000007100 ) ) ;
#4298 = ORIENTED_EDGE ( 'NONE', *, *, #2607, .F. ) ;
#4299 = ORIENTED_EDGE ( 'NONE', *, *, #5277, .F. ) ;
#4300 = DIRECTION ( 'NONE',  ( 0.0000000000000000000, 0.0000000000000000000, 1.000000000000000000 ) ) ;
#4301 = DIRECTION ( 'NONE',  ( 0.0000000000000000000, 0.0000000000000000000, 1.000000000000000000 ) ) ;
#4302 = EDGE_CURVE ( 'NONE', #5663, #2406, #2568, .T. ) ;
#4303 = AXIS2_PLACEMENT_3D ( 'NONE', #4967, #6776, #2477 ) ;
#4304 = CARTESIAN_POINT ( 'NONE',  ( 11.85315241706704200, -3.189583333333333700, -0.4708333333333341600 ) ) ;
#4305 = DIRECTION ( 'NONE',  ( -0.0000000000000000000, 1.000000000000000000, -0.0000000000000000000 ) ) ;
#4306 = CARTESIAN_POINT ( 'NONE',  ( 10.63933082173412200, -8.323592968122440500, 2.897221634347988000 ) ) ;
#4307 = CARTESIAN_POINT ( 'NONE',  ( 11.04135359049369900, -3.021905774863646400, -0.4745239828631813700 ) ) ;
#4308 = DIRECTION ( 'NONE',  ( 4.440892098500625400E-015, 0.0000000000000000000, 1.000000000000000000 ) ) ;
#4309 = DIRECTION ( 'NONE',  ( -1.000000000000000000, 0.0000000000000000000, 0.0000000000000000000 ) ) ;
#4310 = ORIENTED_EDGE ( 'NONE', *, *, #2494, .F. ) ;
#4311 = VERTEX_POINT ( 'NONE', #5483 ) ;
#4312 = CARTESIAN_POINT ( 'NONE',  ( -13.00000000000000000, -8.416666666666671400, -3.333333333333337500 ) ) ;
#4313 = DIRECTION ( 'NONE',  ( 0.0000000000000000000, 0.0000000000000000000, -1.000000000000000000 ) ) ;
#4314 = CARTESIAN_POINT ( 'NONE',  ( -11.23210821878722300, -6.331955319798293400, 2.895478558925272900 ) ) ;
#4315 = CARTESIAN_POINT ( 'NONE',  ( 10.49903856070128900, -8.328530283329096000, 3.000000000000000900 ) ) ;
#4316 = EDGE_CURVE ( 'NONE', #1741, #6442, #1133, .T. ) ;
#4317 = AXIS2_PLACEMENT_3D ( 'NONE', #4076, #7742, #2217 ) ;
#4318 = ORIENTED_EDGE ( 'NONE', *, *, #3724, .F. ) ;
#4319 = CARTESIAN_POINT ( 'NONE',  ( 10.86249797896770300, -8.749966963020135300, 0.07647486787461003900 ) ) ;
#4320 = ORIENTED_EDGE ( 'NONE', *, *, #7764, .F. ) ;
#4321 = B_SPLINE_CURVE_WITH_KNOTS ( 'NONE', 3,
 ( #854, #158, #2678, #6904 ),
 .UNSPECIFIED., .F., .F.,
 ( 4, 4 ),
 ( 1.734723475976807100E-018, 0.0001336939827389800600 ),
 .UNSPECIFIED. ) ;
#4322 = CARTESIAN_POINT ( 'NONE',  ( -8.993346805682609400, -0.8337687114177555500, -0.3694664438638701200 ) ) ;
#4323 = CARTESIAN_POINT ( 'NONE',  ( 10.61025830592786600, -8.486963670435846700, 2.902148876547680200 ) ) ;
#4324 = DIRECTION ( 'NONE',  ( 0.0000000000000000000, -1.000000000000000000, 0.0000000000000000000 ) ) ;
#4325 = ORIENTED_EDGE ( 'NONE', *, *, #6696, .T. ) ;
#4326 = CARTESIAN_POINT ( 'NONE',  ( -8.982625775421524800, -0.8268390084202066300, -0.5602095781352634000 ) ) ;
#4327 = EDGE_LOOP ( 'NONE', ( #4022, #1876, #1835, #4310 ) ) ;
#4328 = ADVANCED_FACE ( 'NONE', ( #5615 ), #7845, .F. ) ;
#4329 = CARTESIAN_POINT ( 'NONE',  ( 8.710124326119839100, -0.7021447658980559700, 2.832687092294745600 ) ) ;
#4330 = CARTESIAN_POINT ( 'NONE',  ( 11.12908718079453000, -2.286111111111132300, 2.897139713971403000 ) ) ;
#4331 = CARTESIAN_POINT ( 'NONE',  ( 10.47579425945666300, -8.485227356401077600, 3.007127044408282900 ) ) ;
#4332 =( BOUNDED_SURFACE ( )  B_SPLINE_SURFACE ( 3, 2, ( 
 ( #6613, #4887, #6665 ),
 ( #3606, #7246, #1746 ),
 ( #595, #7877, #7268 ),
 ( #7294, #3625, #2414 ) ),
 .UNSPECIFIED., .F., .F., .F. ) 
 B_SPLINE_SURFACE_WITH_KNOTS ( ( 4, 4 ),
 ( 3, 3 ),
 ( 0.0000000000000000000, 0.003483735564003922100 ),
 ( 0.0000000000000000000, 1.000000000000000000 ),
 .UNSPECIFIED. ) 
 GEOMETRIC_REPRESENTATION_ITEM ( )  RATIONAL_B_SPLINE_SURFACE ( (
 ( 1.000000000000000000, 0.7848802522875147900, 1.000000000000000000),
 ( 1.000000000000000000, 0.7868760636724296800, 1.000000000000000000),
 ( 1.000000000000000000, 0.7890241995345233000, 1.000000000000000000),
 ( 1.000000000000000000, 0.7913662164498372900, 1.000000000000000000) ) ) 
 REPRESENTATION_ITEM ( '' )  SURFACE ( )  );
#4333 = VERTEX_POINT ( 'NONE', #2521 ) ;
#4334 = CARTESIAN_POINT ( 'NONE',  ( 9.119817322740523500, -0.7037632907559062700, 0.4977238257562220400 ) ) ;
#4335 = CARTESIAN_POINT ( 'NONE',  ( -10.84137742216007400, -0.6666666666666666300, -0.6770833333333347000 ) ) ;
#4336 = DIRECTION ( 'NONE',  ( -0.0000000000000000000, 1.000000000000000000, -0.0000000000000000000 ) ) ;
#4337 = CARTESIAN_POINT ( 'NONE',  ( -8.333787802939937700, -8.595994219068105100, -3.627230944445182900 ) ) ;
#4338 = VERTEX_POINT ( 'NONE', #3827 ) ;
#4339 = EDGE_CURVE ( 'NONE', #7480, #2419, #932, .T. ) ;
#4340 = FACE_OUTER_BOUND ( 'NONE', #4528, .T. ) ;
#4341 = ORIENTED_EDGE ( 'NONE', *, *, #363, .T. ) ;
#4342 = CARTESIAN_POINT ( 'NONE',  ( 10.60154228188320900, -8.630999259984752900, 2.933934828358176100 ) ) ;
#4343 = ORGANIZATION ( 'UNSPECIFIED', 'UNSPECIFIED', '' ) ;
#4344 = AXIS2_PLACEMENT_3D ( 'NONE', #4312, #1895, #4981 ) ;
#4345 = ORIENTED_EDGE ( 'NONE', *, *, #3377, .T. ) ;
#4346 = CARTESIAN_POINT ( 'NONE',  ( -10.35834435142093600, -8.756250747606305400, -3.290541095514188300 ) ) ;
#4347 = CARTESIAN_POINT ( 'NONE',  ( -10.88442328056748900, -8.285609833563631500, -0.3333333333333339300 ) ) ;
#4348 = FACE_OUTER_BOUND ( 'NONE', #6958, .T. ) ;
#4349 = CARTESIAN_POINT ( 'NONE',  ( -8.982583416986685200, -0.8264246671776018800, -0.5608983745127802400 ) ) ;
#4350 = EDGE_LOOP ( 'NONE', ( #3871, #2633, #4459, #3974 ) ) ;
#4351 = CARTESIAN_POINT ( 'NONE',  ( -10.63850057618412300, -0.8254779227710031800, 2.797127401516937600 ) ) ;
#4352 = EDGE_CURVE ( 'NONE', #3217, #4262, #2369, .T. ) ;
#4353 = ORIENTED_EDGE ( 'NONE', *, *, #2078, .T. ) ;
#4354 = VECTOR ( 'NONE', #6894, 1000.000000000000000 ) ;
#4355 = ORIENTED_EDGE ( 'NONE', *, *, #3126, .T. ) ;
#4356 = DIRECTION ( 'NONE',  ( 0.1216181469461495000, 0.9925769624232595500, 3.068710612542291200E-015 ) ) ;
#4357 = CARTESIAN_POINT ( 'NONE',  ( -9.125361484468561100, -8.416666666666671400, 0.3333333333333338100 ) ) ;
#4358 = LINE ( 'NONE', #4497, #3220 ) ;
#4359 = CARTESIAN_POINT ( 'NONE',  ( -10.53272244899199500, -0.6666666666666669600, 2.656250000000005800 ) ) ;
#4360 = CARTESIAN_POINT ( 'NONE',  ( -10.85415376384371400, -8.439682309897504500, 0.3333333333343166900 ) ) ;
#4361 = ORIENTED_EDGE ( 'NONE', *, *, #5839, .F. ) ;
#4362 = FACE_OUTER_BOUND ( 'NONE', #5020, .T. ) ;
#4363 = EDGE_CURVE ( 'NONE', #3166, #929, #553, .T. ) ;
#4364 = EDGE_CURVE ( 'NONE', #4840, #2998, #4386, .T. ) ;
#4365 = AXIS2_PLACEMENT_3D ( 'NONE', #1603, #3421, #7725 ) ;
#4366 = CARTESIAN_POINT ( 'NONE',  ( 0.0000000000000000000, -1.657638888888889300, 0.0000000000000000000 ) ) ;
#4367 = FACE_OUTER_BOUND ( 'NONE', #2773, .T. ) ;
#4368 = ADVANCED_FACE ( 'NONE', ( #7066 ), #7853, .T. ) ;
#4369 = CARTESIAN_POINT ( 'NONE',  ( 11.00617784242756300, -8.359281979612241300, 0.4766395773534690700 ) ) ;
#4370 = ORIENTED_EDGE ( 'NONE', *, *, #3501, .T. ) ;
#4371 = CARTESIAN_POINT ( 'NONE',  ( 10.98981137004389200, -8.486943335504429700, 0.4733837432270571700 ) ) ;
#4372 = CARTESIAN_POINT ( 'NONE',  ( 10.99604904946702900, -8.484002524078430700, -0.3264637191209117100 ) ) ;
#4373 = CARTESIAN_POINT ( 'NONE',  ( -11.01205097355016900, -8.360775495790846900, -0.3333333333333339300 ) ) ;
#4374 = VECTOR ( 'NONE', #1555, 1000.000000000000000 ) ;
#4375 = B_SPLINE_CURVE_WITH_KNOTS ( 'NONE', 3,
 ( #3890, #271, #3340, #2180 ),
 .UNSPECIFIED., .F., .F.,
 ( 4, 4 ),
 ( 0.0000000000000000000, 9.591652981404046700E-005 ),
 .UNSPECIFIED. ) ;
#4376 = DIRECTION ( 'NONE',  ( -0.0000000000000000000, 1.000000000000000000, -0.0000000000000000000 ) ) ;
#4377 = DIRECTION ( 'NONE',  ( -0.0000000000000000000, 1.000000000000000000, -0.0000000000000000000 ) ) ;
#4378 = FACE_OUTER_BOUND ( 'NONE', #5854, .T. ) ;
#4379 = CARTESIAN_POINT ( 'NONE',  ( 0.0000000000000000000, -2.168404344971008900E-015, 0.0000000000000000000 ) ) ;
#4380 = CARTESIAN_POINT ( 'NONE',  ( 10.60839925008270000, -8.513508640916521500, 2.908928557191594200 ) ) ;
#4381 = CARTESIAN_POINT ( 'NONE',  ( 10.85229110474976500, -1.010416666666304100, -0.3333333333323818500 ) ) ;
#4382 = CARTESIAN_POINT ( 'NONE',  ( -9.134599564384519300, -8.713860094438986800, -0.1742088668518545500 ) ) ;
#4383 = DIRECTION ( 'NONE',  ( 0.0000000000000000000, -1.182766006347823100E-016, -1.000000000000000000 ) ) ;
#4384 = ORIENTED_EDGE ( 'NONE', *, *, #2917, .F. ) ;
#4385 = CARTESIAN_POINT ( 'NONE',  ( -10.85800004235576700, -8.416666666666802900, 0.3333333333343258500 ) ) ;
#4386 = CIRCLE ( 'NONE', #2463, 0.1374999999999994600 ) ;
#4387 = VECTOR ( 'NONE', #2089, 1000.000000000000000 ) ;
#4388 = DIRECTION ( 'NONE',  ( 1.000000000000000000, 0.0000000000000000000, 0.0000000000000000000 ) ) ;
#4389 = CARTESIAN_POINT ( 'NONE',  ( 10.98966187822720600, -1.010416666666666500, 0.4767932489451486300 ) ) ;
#4390 = CARTESIAN_POINT ( 'NONE',  ( 0.0000000000000000000, -4.984036849272101200, 0.0000000000000000000 ) ) ;
#4391 = ORIENTED_EDGE ( 'NONE', *, *, #6139, .T. ) ;
#4392 = CARTESIAN_POINT ( 'NONE',  ( 10.41637246706337900, -8.873444747321611800, -3.537406662295230900 ) ) ;
#4393 = CARTESIAN_POINT ( 'NONE',  ( -10.61281942990204300, -8.459911178796458500, 2.898646283099986400 ) ) ;
#4394 = CARTESIAN_POINT ( 'NONE',  ( 10.61118942053673200, -0.9547527760715152100, 2.898734048078674100 ) ) ;
#4395 = CARTESIAN_POINT ( 'NONE',  ( -11.49012263742633700, -2.322433532603435300, 0.4765309820725869300 ) ) ;
#4396 = FACE_OUTER_BOUND ( 'NONE', #1252, .T. ) ;
#4397 = EDGE_CURVE ( 'NONE', #7505, #850, #3806, .T. ) ;
#4398 = AXIS2_PLACEMENT_3D ( 'NONE', #7759, #1671, #7216 ) ;
#4399 = AXIS2_PLACEMENT_3D ( 'NONE', #5600, #3135, #66 ) ;
#4400 = ORIENTED_EDGE ( 'NONE', *, *, #3269, .T. ) ;
#4401 = DIRECTION ( 'NONE',  ( 0.0000000000000000000, 0.0000000000000000000, 1.000000000000000000 ) ) ;
#4402 = DIRECTION ( 'NONE',  ( 0.0000000000000000000, -1.219727444046190300E-016, -1.000000000000000000 ) ) ;
#4403 = DIRECTION ( 'NONE',  ( -0.0000000000000000000, 1.000000000000000000, -0.0000000000000000000 ) ) ;
#4404 = ORIENTED_EDGE ( 'NONE', *, *, #361, .T. ) ;
#4405 = ADVANCED_FACE ( 'NONE', ( #6204 ), #7623, .T. ) ;
#4406 = ORIENTED_EDGE ( 'NONE', *, *, #6608, .T. ) ;
#4407 = PLANE ( 'NONE',  #6085 ) ;
#4408 = DIRECTION ( 'NONE',  ( 0.0000000000000000000, -1.000000000000000000, 0.0000000000000000000 ) ) ;
#4409 = EDGE_CURVE ( 'NONE', #2491, #3202, #5170, .T. ) ;
#4410 = AXIS2_PLACEMENT_3D ( 'NONE', #3047, #1287, #6748 ) ;
#4411 = CARTESIAN_POINT ( 'NONE',  ( 11.27996010631243200, -2.423611111111112000, 2.862500000000005200 ) ) ;
#4412 = CARTESIAN_POINT ( 'NONE',  ( -8.994773052642601700, -8.505906954118339400, -0.3333332639697534300 ) ) ;
#4413 = ORIENTED_EDGE ( 'NONE', *, *, #2950, .T. ) ;
#4414 = CARTESIAN_POINT ( 'NONE',  ( 10.60839925008270000, -8.513508640916521500, -2.908928557191599000 ) ) ;
#4415 = CARTESIAN_POINT ( 'NONE',  ( -11.49683707754335800, -2.331209787007103800, 0.4762470169640463700 ) ) ;
#4416 = ORIENTED_EDGE ( 'NONE', *, *, #3666, .T. ) ;
#4417 = ORIENTED_EDGE ( 'NONE', *, *, #7324, .F. ) ;
#4418 = CARTESIAN_POINT ( 'NONE',  ( -10.85229110474936400, -1.010416666666666500, 0.3333333333333342600 ) ) ;
#4419 = VERTEX_POINT ( 'NONE', #4503 ) ;
#4420 = SECURITY_CLASSIFICATION_LEVEL ( 'unclassified' ) ;
#4421 = CARTESIAN_POINT ( 'NONE',  ( 11.85315241706704000, -2.561111111111112200, 0.4708333333333341000 ) ) ;
#4422 = CARTESIAN_POINT ( 'NONE',  ( 10.46907514795277000, -8.567765822168546200, -3.024474638046918500 ) ) ;
#4423 = CARTESIAN_POINT ( 'NONE',  ( 11.61944730194670000, -4.889079012875068700, -3.000000000000009800 ) ) ;
#4424 = AXIS2_PLACEMENT_3D ( 'NONE', #4041, #1597, #3380 ) ;
#4425 = DIRECTION ( 'NONE',  ( 0.0000000000000000000, 0.0000000000000000000, 1.000000000000000000 ) ) ;
#4426 = CARTESIAN_POINT ( 'NONE',  ( 10.86073804519179300, -8.723654363157960400, -0.1506872321218758200 ) ) ;
#4427 = CARTESIAN_POINT ( 'NONE',  ( 10.61660319364909100, -3.160864506719036200, -3.000000000000007500 ) ) ;
#4428 = ORIENTED_EDGE ( 'NONE', *, *, #1405, .T. ) ;
#4429 = VERTEX_POINT ( 'NONE', #829 ) ;
#4430 = B_SPLINE_CURVE_WITH_KNOTS ( 'NONE', 3,
 ( #3279, #2036, #7606, #240, #4481, #2652, #6878, #6936, #5745, #3884 ),
 .UNSPECIFIED., .F., .F.,
 ( 4, 2, 2, 2, 4 ),
 ( 0.0000000000000000000, 0.0003218974381789829200, 0.0006437948763579658500, 0.0009656923145369487700, 0.001287589752715931700 ),
 .UNSPECIFIED. ) ;
#4431 = CARTESIAN_POINT ( 'NONE',  ( -11.12754340464337400, -1.932638888888889200, 0.3333333333333341500 ) ) ;
#4432 = DIRECTION ( 'NONE',  ( 0.0000000000000000000, 0.0000000000000000000, 1.000000000000000000 ) ) ;
#4433 = CARTESIAN_POINT ( 'NONE',  ( 10.99860860382859000, -8.450673309936149700, 0.3321641900172613800 ) ) ;
#4434 = LINE ( 'NONE', #340, #5967 ) ;
#4435 = ORIENTED_EDGE ( 'NONE', *, *, #2343, .F. ) ;
#4436 = PERSON_AND_ORGANIZATION ( #1598, #4343 ) ;
#4437 = AXIS2_PLACEMENT_3D ( 'NONE', #2421, #4894, #4866 ) ;
#4438 = EDGE_LOOP ( 'NONE', ( #6357, #4215 ) ) ;
#4439 = CARTESIAN_POINT ( 'NONE',  ( 11.12599567033474600, -2.373689307450271600, 3.000000000000005800 ) ) ;
#4440 = CARTESIAN_POINT ( 'NONE',  ( 10.58887856671766800, -8.429460590040193300, 2.999999999999336100 ) ) ;
#4441 = CARTESIAN_POINT ( 'NONE',  ( -9.137495648481536400, -8.749940212187475200, -0.08720286389695237900 ) ) ;
#4442 = CARTESIAN_POINT ( 'NONE',  ( 10.99588596220283100, -0.9187571910790037800, 0.3333336981813014300 ) ) ;
#4443 = SPHERICAL_SURFACE ( 'NONE', #7508, 0.1375000000000000100 ) ;
#4444 = CARTESIAN_POINT ( 'NONE',  ( 0.0000000000000000000, -0.8041666666666661400, 0.0000000000000000000 ) ) ;
#4445 = CARTESIAN_POINT ( 'NONE',  ( -11.56775273875580500, -2.410750507891792300, 0.4732874763805792200 ) ) ;
#4446 = FACE_OUTER_BOUND ( 'NONE', #7746, .T. ) ;
#4447 = EDGE_LOOP ( 'NONE', ( #4020, #2900, #985, #4125 ) ) ;
#4448 = EDGE_CURVE ( 'NONE', #2515, #32, #4591, .T. ) ;
#4449 = ORIENTED_EDGE ( 'NONE', *, *, #7891, .F. ) ;
#4450 = ADVANCED_FACE ( 'NONE', ( #5246 ), #1097, .T. ) ;
#4451 = TOROIDAL_SURFACE ( 'NONE', #3749, 11.36249999999999900, 0.1375000000000000100 ) ;
#4452 = PERSON_AND_ORGANIZATION_ROLE ( 'creator' ) ;
#4453 = AXIS2_PLACEMENT_3D ( 'NONE', #2006, #6930, #4500 ) ;
#4454 = CARTESIAN_POINT ( 'NONE',  ( -11.51195031260993300, -4.889079012875070500, 3.000000000000003600 ) ) ;
#4455 = CARTESIAN_POINT ( 'NONE',  ( -10.17458711536164300, -8.500710624676923300, 3.666666666666673200 ) ) ;
#4456 = CARTESIAN_POINT ( 'NONE',  ( 10.47854951794378700, -2.914583333333333700, -3.000000000000007500 ) ) ;
#4457 = ORIENTED_EDGE ( 'NONE', *, *, #751, .T. ) ;
#4458 = CIRCLE ( 'NONE', #4827, 0.1374999999999994600 ) ;
#4459 = ORIENTED_EDGE ( 'NONE', *, *, #897, .T. ) ;
#4460 = FACE_OUTER_BOUND ( 'NONE', #7008, .T. ) ;
#4461 = CARTESIAN_POINT ( 'NONE',  ( 11.64538703909961500, -4.889079012875070500, 2.895679662802956900 ) ) ;
#4462 = CARTESIAN_POINT ( 'NONE',  ( -11.50913026339230200, -4.927653274402519700, 3.000000000000003600 ) ) ;
#4463 = DIRECTION ( 'NONE',  ( -0.0000000000000000000, -1.000000000000000000, -1.219727444046190300E-016 ) ) ;
#4464 = AXIS2_PLACEMENT_3D ( 'NONE', #7332, #7931, #5564 ) ;
#4465 = CIRCLE ( 'NONE', #7231, 0.1375000000000008400 ) ;
#4466 = VERTEX_POINT ( 'NONE', #3331 ) ;
#4467 = CARTESIAN_POINT ( 'NONE',  ( -10.24988487723927800, -8.704285993142020700, 3.520226586883644900 ) ) ;
#4468 = CARTESIAN_POINT ( 'NONE',  ( -8.990905333090596600, -8.662751877469229800, -0.4134600456486141100 ) ) ;
#4469 = ADVANCED_FACE ( 'NONE', ( #4787 ), #238, .F. ) ;
#4470 = CARTESIAN_POINT ( 'NONE',  ( -11.63191935903348700, -4.984036849272108300, -2.894410177868509000 ) ) ;
#4471 = CARTESIAN_POINT ( 'NONE',  ( -10.63933082173411600, -8.323592968122445900, -2.897221634347996400 ) ) ;
#4472 = DIRECTION ( 'NONE',  ( 1.000000000000000000, 0.0000000000000000000, 0.0000000000000000000 ) ) ;
#4473 = EDGE_CURVE ( 'NONE', #1770, #3428, #1319, .T. ) ;
#4474 = EDGE_CURVE ( 'NONE', #323, #7805, #3345, .T. ) ;
#4475 = AXIS2_PLACEMENT_3D ( 'NONE', #6460, #6082, #2827 ) ;
#4476 = DIRECTION ( 'NONE',  ( -0.0000000000000000000, 1.000000000000000000, -0.0000000000000000000 ) ) ;
#4477 = CARTESIAN_POINT ( 'NONE',  ( 0.0000000000000000000, -4.984036849272108300, 0.0000000000000000000 ) ) ;
#4478 = CARTESIAN_POINT ( 'NONE',  ( -10.63933082173411800, -8.323592968122447600, 2.897221634347988000 ) ) ;
#4479 = CARTESIAN_POINT ( 'NONE',  ( 10.35908194236917800, -8.756392853169281000, -3.288943635840360500 ) ) ;
#4480 = LINE ( 'NONE', #891, #4374 ) ;
#4481 = CARTESIAN_POINT ( 'NONE',  ( -11.00000202355576600, -8.887546101484375100, 0.1083825458013101500 ) ) ;
#4482 = DIRECTION ( 'NONE',  ( -0.2906976744186061700, 0.0000000000000000000, 0.9568149570777069200 ) ) ;
#4483 = CARTESIAN_POINT ( 'NONE',  ( -11.62797154374838900, -2.561111111111112200, 0.3333333333333341500 ) ) ;
#4484 = CIRCLE ( 'NONE', #28, 0.1375000000000002300 ) ;
#4485 = CARTESIAN_POINT ( 'NONE',  ( 10.99602200798088500, -1.932638888888889200, 3.000000000000005800 ) ) ;
#4486 = CARTESIAN_POINT ( 'NONE',  ( -11.50368023849109500, -4.946053714713285900, 3.000000000000003600 ) ) ;
#4487 = CARTESIAN_POINT ( 'NONE',  ( 11.12908718079473400, -2.286111111111111900, 2.897139713971403500 ) ) ;
#4488 = ADVANCED_FACE ( 'NONE', ( #6021 ), #359, .T. ) ;
#4489 = VERTEX_POINT ( 'NONE', #5218 ) ;
#4490 = SPHERICAL_SURFACE ( 'NONE', #1483, 0.1375000000000000100 ) ;
#4491 = DIRECTION ( 'NONE',  ( -0.0000000000000000000, 1.000000000000000000, 6.994852725712929000E-017 ) ) ;
#4492 = ORIENTED_EDGE ( 'NONE', *, *, #253, .F. ) ;
#4493 = DIRECTION ( 'NONE',  ( 0.0000000000000000000, 1.000000000000000000, 1.133581677370982300E-015 ) ) ;
#4494 = CARTESIAN_POINT ( 'NONE',  ( -8.997143216407641500, -8.836452394628487600, -0.2423672036284259800 ) ) ;
#4495 = EDGE_CURVE ( 'NONE', #6690, #7505, #6671, .T. ) ;
#4496 = CARTESIAN_POINT ( 'NONE',  ( -10.63933082173411800, -8.323592968122445900, -2.897221634347996400 ) ) ;
#4497 = CARTESIAN_POINT ( 'NONE',  ( -10.85229110474936400, -2.914583333333333700, -0.3333333333333341500 ) ) ;
#4498 = CARTESIAN_POINT ( 'NONE',  ( -2.221449702374167100E-015, 2.000000000000000000, -4.442899404748334200E-015 ) ) ;
#4499 = ORIENTED_EDGE ( 'NONE', *, *, #6896, .F. ) ;
#4500 = DIRECTION ( 'NONE',  ( 0.0000000000000000000, 0.0000000000000000000, -1.000000000000000000 ) ) ;
#4501 = APPROVAL_STATUS ( 'not_yet_approved' ) ;
#4502 = DIRECTION ( 'NONE',  ( -1.000000000000000000, -0.0000000000000000000, -0.0000000000000000000 ) ) ;
#4503 = CARTESIAN_POINT ( 'NONE',  ( -10.17458707870851100, -8.416666666666671400, -3.666666666666675800 ) ) ;
#4504 = CARTESIAN_POINT ( 'NONE',  ( -10.61362418823683700, -8.315935181604890800, 3.000000000000000900 ) ) ;
#4505 = ORIENTED_EDGE ( 'NONE', *, *, #1373, .F. ) ;
#4506 = CARTESIAN_POINT ( 'NONE',  ( 10.86072481801054200, -8.723410253209976900, 0.1510935597636630700 ) ) ;
#4507 = CARTESIAN_POINT ( 'NONE',  ( 10.58352587923466400, -2.914583333333332900, -3.000000000000007100 ) ) ;
#4508 = ORIENTED_EDGE ( 'NONE', *, *, #1229, .F. ) ;
#4509 = ADVANCED_FACE ( 'NONE', ( #6869 ), #996, .T. ) ;
#4510 = ORIENTED_EDGE ( 'NONE', *, *, #4885, .T. ) ;
#4511 = DIRECTION ( 'NONE',  ( 0.0000000000000000000, 0.0000000000000000000, -1.000000000000000000 ) ) ;
#4512 = CARTESIAN_POINT ( 'NONE',  ( -8.685423434296055200, -0.8272115319760915400, -2.960548358464060800 ) ) ;
#4513 = ORIENTED_EDGE ( 'NONE', *, *, #5033, .F. ) ;
#4514 = CARTESIAN_POINT ( 'NONE',  ( -13.00000000000000000, -1.010416666666666500, 0.6770833333333342600 ) ) ;
#4515 = ORIENTED_EDGE ( 'NONE', *, *, #1081, .T. ) ;
#4516 = CARTESIAN_POINT ( 'NONE',  ( 10.48446196509712900, -8.416666666666671400, 3.000000000000000900 ) ) ;
#4517 = EDGE_CURVE ( 'NONE', #7410, #3828, #6400, .T. ) ;
#4518 = AXIS2_PLACEMENT_3D ( 'NONE', #5662, #3278, #1980 ) ;
#4519 = ORIENTED_EDGE ( 'NONE', *, *, #3649, .F. ) ;
#4520 = CARTESIAN_POINT ( 'NONE',  ( 11.23210821878718900, -6.331955319798411500, -2.895478558925278700 ) ) ;
#4521 = CARTESIAN_POINT ( 'NONE',  ( -13.00000000000000000, -1.010416666666666700, 2.656250000000005800 ) ) ;
#4522 = CARTESIAN_POINT ( 'NONE',  ( 10.17458707870850200, 0.0000000000000000000, 3.666666666666664300 ) ) ;
#4523 = VERTEX_POINT ( 'NONE', #2873 ) ;
#4524 = VERTEX_POINT ( 'NONE', #5944 ) ;
#4525 = PERSON_AND_ORGANIZATION_ROLE ( 'design_owner' ) ;
#4526 = CARTESIAN_POINT ( 'NONE',  ( 11.98608459299545200, -4.953012634110762300, -0.4762213221149663200 ) ) ;
#4527 = CARTESIAN_POINT ( 'NONE',  ( 9.137495662123878800, -8.749940389149289300, 0.08718925415700321000 ) ) ;
#4528 = EDGE_LOOP ( 'NONE', ( #1646, #765, #5740, #1679 ) ) ;
#4529 = AXIS2_PLACEMENT_3D ( 'NONE', #1586, #2204, #3338 ) ;
#4530 = CARTESIAN_POINT ( 'NONE',  ( -10.48990829323601300, -8.372216940414801900, 3.000000000000000900 ) ) ;
#4531 = LINE ( 'NONE', #2509, #6815 ) ;
#4532 =( BOUNDED_SURFACE ( )  B_SPLINE_SURFACE ( 3, 2, ( 
 ( #3934, #882, #808 ),
 ( #4455, #5718, #7531 ),
 ( #265, #4556, #3854 ),
 ( #5166, #2653, #189 ),
 ( #3280, #7556, #3885 ),
 ( #7016, #4610, #7750 ),
 ( #962, #935, #3474 ),
 ( #1637, #5221, #909 ),
 ( #3388, #7101, #6484 ),
 ( #2171, #2200, #1546 ) ),
 .UNSPECIFIED., .F., .F., .F. ) 
 B_SPLINE_SURFACE_WITH_KNOTS ( ( 4, 2, 2, 2, 4 ),
 ( 3, 3 ),
 ( 0.0000000000000000000, 0.0003532056949386945300, 0.0007064113898773890500, 0.001059617084816083500, 0.001412822779754778100 ),
 ( 0.0000000000000000000, 1.000000000000000000 ),
 .UNSPECIFIED. ) 
 GEOMETRIC_REPRESENTATION_ITEM ( )  RATIONAL_B_SPLINE_SURFACE ( (
 ( 1.000000000000000000, 0.5699951883726152000, 1.000000000000000000),
 ( 1.000000000000000000, 0.5694753133331340600, 1.000000000000000000),
 ( 1.000000000000000000, 0.5879077430627340800, 1.000000000000000000),
 ( 1.000000000000000000, 0.6378691051418962100, 1.000000000000000000),
 ( 1.000000000000000000, 0.6688338943560902000, 1.000000000000000000),
 ( 1.000000000000000000, 0.7224806400502600300, 1.000000000000000000),
 ( 1.000000000000000000, 0.7460579029200086200, 1.000000000000000000),
 ( 1.000000000000000000, 0.7793288749926420300, 1.000000000000000000),
 ( 1.000000000000000000, 0.7897956985958881600, 1.000000000000000000),
 ( 1.000000000000000000, 0.7933454013390701700, 1.000000000000000000) ) ) 
 REPRESENTATION_ITEM ( '' )  SURFACE ( )  );
#4533 = ORIENTED_EDGE ( 'NONE', *, *, #5395, .F. ) ;
#4534 = VECTOR ( 'NONE', #3276, 1000.000000000000000 ) ;
#4535 = ORIENTED_EDGE ( 'NONE', *, *, #6522, .F. ) ;
#4536 = CARTESIAN_POINT ( 'NONE',  ( -10.62851905541191600, -8.359357545201049800, -2.897801131781116100 ) ) ;
#4537 = CARTESIAN_POINT ( 'NONE',  ( -12.92696701773796900, 0.5403851024289089100, 0.0000000000000000000 ) ) ;
#4538 = CIRCLE ( 'NONE', #6314, 0.1375000000000000400 ) ;
#4539 = DIRECTION ( 'NONE',  ( -1.000000000000000000, 0.0000000000000000000, 0.0000000000000000000 ) ) ;
#4540 = EDGE_LOOP ( 'NONE', ( #3946, #6361, #2818, #7662, #881, #4355, #2885, #2133, #1661, #787, #41, #2604, #5648 ) ) ;
#4541 = CARTESIAN_POINT ( 'NONE',  ( -9.125361484468559300, -8.416666666666671400, 0.3333333333333339300 ) ) ;
#4542 = ADVANCED_FACE ( 'NONE', ( #4579 ), #6593, .T. ) ;
#4543 = CARTESIAN_POINT ( 'NONE',  ( 8.709726083479699500, -0.7033155471903382900, 2.834774213363463700 ) ) ;
#4544 = CARTESIAN_POINT ( 'NONE',  ( 8.546978422949370800, -8.416666666666671400, 2.819425444596451100 ) ) ;
#4545 = VERTEX_POINT ( 'NONE', #4662 ) ;
#4546 = CARTESIAN_POINT ( 'NONE',  ( -13.00000000000000000, -0.6666666666666669600, 2.656250000000005800 ) ) ;
#4547 = FACE_OUTER_BOUND ( 'NONE', #2029, .T. ) ;
#4548 = VERTEX_POINT ( 'NONE', #6506 ) ;
#4549 = EDGE_CURVE ( 'NONE', #6166, #1718, #7754, .T. ) ;
#4550 = CARTESIAN_POINT ( 'NONE',  ( -10.85229110474936400, -1.010416666666666500, 0.4708333333333342700 ) ) ;
#4551 = FACE_OUTER_BOUND ( 'NONE', #7861, .T. ) ;
#4552 = CARTESIAN_POINT ( 'NONE',  ( -10.85272318776254300, -8.485227356401081200, -0.3262062889250501000 ) ) ;
#4553 = ORIENTED_EDGE ( 'NONE', *, *, #5178, .T. ) ;
#4554 = FACE_OUTER_BOUND ( 'NONE', #7024, .T. ) ;
#4555 = CARTESIAN_POINT ( 'NONE',  ( -11.12908719199684000, -2.322752763048920400, 2.897139670939583100 ) ) ;
#4556 = CARTESIAN_POINT ( 'NONE',  ( -10.37761942189283100, -8.547797340158814100, 3.651489442087976200 ) ) ;
#4557 = CARTESIAN_POINT ( 'NONE',  ( -11.20998903740970800, -7.650880908784222000, 0.4764431014594642200 ) ) ;
#4558 = B_SPLINE_CURVE_WITH_KNOTS ( 'NONE', 3,
 ( #547, #4117, #6080, #1840, #1248, #7422 ),
 .UNSPECIFIED., .F., .F.,
 ( 4, 2, 4 ),
 ( 0.0000000000000000000, 0.0002708266700418757700, 0.0005416533400837515400 ),
 .UNSPECIFIED. ) ;
#4559 = LINE ( 'NONE', #3723, #6084 ) ;
#4560 = ORIENTED_EDGE ( 'NONE', *, *, #2313, .F. ) ;
#4561 = CARTESIAN_POINT ( 'NONE',  ( 10.86250202060690200, -8.750033003196529400, -0.07619726652800429300 ) ) ;
#4562 = CARTESIAN_POINT ( 'NONE',  ( -8.546978498079971200, -0.9549310193677564800, -2.819425216840958400 ) ) ;
#4563 = CARTESIAN_POINT ( 'NONE',  ( 11.27996010631243200, -2.561111111111112200, 2.862500000000005200 ) ) ;
#4564 = DIRECTION ( 'NONE',  ( 0.0000000000000000000, 1.000000000000000000, 0.0000000000000000000 ) ) ;
#4565 = EDGE_CURVE ( 'NONE', #5934, #3668, #7134, .T. ) ;
#4566 = AXIS2_PLACEMENT_3D ( 'NONE', #4843, #3100, #7381 ) ;
#4567 = CIRCLE ( 'NONE', #288, 9.209999999999999100 ) ;
#4568 = ORIENTED_EDGE ( 'NONE', *, *, #3950, .T. ) ;
#4569 = CARTESIAN_POINT ( 'NONE',  ( 10.69170510381660800, -8.147899996510577800, -2.897061252343659600 ) ) ;
#4570 = CARTESIAN_POINT ( 'NONE',  ( -11.26736125846870900, -2.423611111111112000, 2.865332389028171400 ) ) ;
#4571 = CARTESIAN_POINT ( 'NONE',  ( -11.00000000000000000, -3.052083333333333900, -2.862500000000007400 ) ) ;
#4572 = CARTESIAN_POINT ( 'NONE',  ( -10.84137742216007400, -0.6666666666666666300, 0.6770833333333342600 ) ) ;
#4573 = CIRCLE ( 'NONE', #5419, 11.50000000000000000 ) ;
#4574 = EDGE_CURVE ( 'NONE', #7793, #5276, #7021, .T. ) ;
#4575 =( BOUNDED_SURFACE ( )  B_SPLINE_SURFACE ( 3, 2, ( 
 ( #1204, #7407, #5519 ),
 ( #657, #1877, #2476 ),
 ( #6163, #6692, #4272 ),
 ( #6113, #31, #1848 ) ),
 .UNSPECIFIED., .F., .F., .F. ) 
 B_SPLINE_SURFACE_WITH_KNOTS ( ( 4, 4 ),
 ( 3, 3 ),
 ( 0.0000000000000000000, 9.750670057934316600E-005 ),
 ( 0.0000000000000000000, 1.000000000000000000 ),
 .UNSPECIFIED. ) 
 GEOMETRIC_REPRESENTATION_ITEM ( )  RATIONAL_B_SPLINE_SURFACE ( (
 ( 1.000000000000000000, 0.6922748253407102800, 1.000000000000000000),
 ( 1.000000000000000000, 0.6889467345799031900, 1.000000000000000000),
 ( 1.000000000000000000, 0.6887153610866337800, 1.000000000000000000),
 ( 1.000000000000000000, 0.6917287800645884900, 1.000000000000000000) ) ) 
 REPRESENTATION_ITEM ( '' )  SURFACE ( )  );
#4576 = CARTESIAN_POINT ( 'NONE',  ( -10.99121484052110300, -8.459897246076897300, -0.4767787650120926000 ) ) ;
#4577 = VERTEX_POINT ( 'NONE', #5245 ) ;
#4578 = CARTESIAN_POINT ( 'NONE',  ( -13.00000000000000000, -1.010416666666666500, -2.656250000000006700 ) ) ;
#4579 = FACE_OUTER_BOUND ( 'NONE', #6847, .T. ) ;
#4580 = CARTESIAN_POINT ( 'NONE',  ( -10.85229110474936600, -1.010416666666666300, -0.3333333333333347000 ) ) ;
#4581 = CARTESIAN_POINT ( 'NONE',  ( -10.53272244899199500, -0.6666666666666665200, -2.656250000000007500 ) ) ;
#4582 = CARTESIAN_POINT ( 'NONE',  ( 11.35274073614922900, -2.358771669018252700, 0.3333333333333341500 ) ) ;
#4583 = VECTOR ( 'NONE', #2117, 1000.000000000000000 ) ;
#4584 = DIRECTION ( 'NONE',  ( -0.0000000000000000000, 1.000000000000000000, -0.0000000000000000000 ) ) ;
#4585 = ADVANCED_FACE ( 'NONE', ( #4396 ), #7463, .T. ) ;
#4586 = ORIENTED_EDGE ( 'NONE', *, *, #25, .F. ) ;
#4587 = CARTESIAN_POINT ( 'NONE',  ( -8.331931553156454800, -8.886531897097432500, 3.405152694245141600 ) ) ;
#4588 = ADVANCED_FACE ( 'NONE', ( #3150 ), #5061, .T. ) ;
#4589 = DIRECTION ( 'NONE',  ( -0.9696407317829227600, 0.0000000000000000000, -0.2445339470655930300 ) ) ;
#4590 = CARTESIAN_POINT ( 'NONE',  ( -11.84512056720710400, -4.946053714713285000, 0.3333333333333339300 ) ) ;
#4591 = LINE ( 'NONE', #6393, #275 ) ;
#4592 = B_SPLINE_CURVE_WITH_KNOTS ( 'NONE', 3,
 ( #792, #6885, #4462, #4486 ),
 .UNSPECIFIED., .F., .F.,
 ( 4, 4 ),
 ( 8.673617379884034500E-019, 5.757178801708970700E-005 ),
 .UNSPECIFIED. ) ;
#4593 = VERTEX_POINT ( 'NONE', #4201 ) ;
#4594 = CARTESIAN_POINT ( 'NONE',  ( -11.50368023849109300, -4.946053714713288600, 3.000000000000004000 ) ) ;
#4595 = CARTESIAN_POINT ( 'NONE',  ( 10.61618999397226800, -8.432806995708311600, -2.898464790936385000 ) ) ;
#4596 = ORIENTED_EDGE ( 'NONE', *, *, #2615, .F. ) ;
#4597 = CARTESIAN_POINT ( 'NONE',  ( 11.01982960024993300, -1.743473818741201800, 0.4754637008326889600 ) ) ;
#4598 = ORIENTED_EDGE ( 'NONE', *, *, #1784, .F. ) ;
#4599 = EDGE_CURVE ( 'NONE', #2126, #7601, #7655, .T. ) ;
#4600 = CARTESIAN_POINT ( 'NONE',  ( -11.13192154276239000, -2.316478273561847000, 2.896474521033932000 ) ) ;
#4601 = CARTESIAN_POINT ( 'NONE',  ( -10.47854951794378300, -1.010416666666666500, -3.000000000000006700 ) ) ;
#4602 = DIRECTION ( 'NONE',  ( 0.0000000000000000000, 0.0000000000000000000, 1.000000000000000000 ) ) ;
#4603 = CARTESIAN_POINT ( 'NONE',  ( 0.0000000000000000000, -0.6666666666666666300, -1.677125235563512200E-017 ) ) ;
#4604 = AXIS2_PLACEMENT_3D ( 'NONE', #2675, #3824, #5063 ) ;
#4605 = ORIENTED_EDGE ( 'NONE', *, *, #1220, .F. ) ;
#4606 = DIRECTION ( 'NONE',  ( 0.0000000000000000000, -4.196911635427758100E-017, -1.000000000000000000 ) ) ;
#4607 = ORIENTED_EDGE ( 'NONE', *, *, #5124, .F. ) ;
#4608 = DIRECTION ( 'NONE',  ( 0.0000000000000000000, 0.0000000000000000000, -1.000000000000000000 ) ) ;
#4609 = CARTESIAN_POINT ( 'NONE',  ( -10.85229109567312200, -0.9203900539697982300, -0.3333333333333348100 ) ) ;
#4610 = CARTESIAN_POINT ( 'NONE',  ( -10.48316575720644500, -8.761935142356517000, 3.333068766315352900 ) ) ;
#4611 = CARTESIAN_POINT ( 'NONE',  ( 8.677557259966649300, -8.416666666666671400, 2.862500000000000700 ) ) ;
#4612 = ORIENTED_EDGE ( 'NONE', *, *, #6976, .T. ) ;
#4613 = CARTESIAN_POINT ( 'NONE',  ( -10.61118938525953000, -1.010416666666666500, -2.898734177215196400 ) ) ;
#4614 = EDGE_CURVE ( 'NONE', #276, #3764, #3096, .T. ) ;
#4615 = B_SPLINE_CURVE_WITH_KNOTS ( 'NONE', 3,
 ( #1306, #6213, #6240, #130, #3776, #4346, #6797, #2492, #1337, #1983 ),
 .UNSPECIFIED., .F., .F.,
 ( 4, 2, 2, 2, 4 ),
 ( 0.0000000000000000000, 0.0002588572549148502200, 0.0005177145098297004400, 0.0007765717647445506600, 0.001035429019659400900 ),
 .UNSPECIFIED. ) ;
#4616 = ORIENTED_EDGE ( 'NONE', *, *, #5524, .F. ) ;
#4617 = CARTESIAN_POINT ( 'NONE',  ( -8.283321226038593100, -8.839317184797606000, 3.520728042668610100 ) ) ;
#4618 = CARTESIAN_POINT ( 'NONE',  ( -8.595463352402076000, -0.8041668110441314600, -2.668518428844902000 ) ) ;
#4619 = CARTESIAN_POINT ( 'NONE',  ( 0.0000000000000000000, 0.0000000000000000000, 0.0000000000000000000 ) ) ;
#4620 = VERTEX_POINT ( 'NONE', #509 ) ;
#4621 = ORIENTED_EDGE ( 'NONE', *, *, #2693, .F. ) ;
#4622 = CARTESIAN_POINT ( 'NONE',  ( -11.61553676467807600, -4.948162245174610300, 2.999999999999991600 ) ) ;
#4623 = EDGE_CURVE ( 'NONE', #956, #5151, #1905, .T. ) ;
#4624 = ADVANCED_FACE ( 'NONE', ( #6582 ), #3241, .T. ) ;
#4625 = CARTESIAN_POINT ( 'NONE',  ( -10.98381826955002100, -1.902893139263812900, 0.3333333333333341500 ) ) ;
#4626 = CARTESIAN_POINT ( 'NONE',  ( 11.33671155742683800, -7.210414040761836700, 0.4763767350221412300 ) ) ;
#4627 = EDGE_LOOP ( 'NONE', ( #7302, #5068, #5858 ) ) ;
#4628 = DIRECTION ( 'NONE',  ( 0.0000000000000000000, 0.0000000000000000000, -1.000000000000000000 ) ) ;
#4629 = SHAPE_DEFINITION_REPRESENTATION ( #3534, #1045 ) ;
#4630 = B_SPLINE_CURVE_WITH_KNOTS ( 'NONE', 3,
 ( #3578, #3647, #4207, #545, #20, #2519 ),
 .UNSPECIFIED., .F., .F.,
 ( 4, 2, 4 ),
 ( 0.0000000000000000000, 0.0001637157146973623700, 0.0003274314293947247400 ),
 .UNSPECIFIED. ) ;
#4631 = CARTESIAN_POINT ( 'NONE',  ( -11.99161100192528200, -4.954069349571750700, 0.3333333333333507500 ) ) ;
#4632 = VERTEX_POINT ( 'NONE', #2400 ) ;
#4633 = FACE_OUTER_BOUND ( 'NONE', #3213, .T. ) ;
#4634 = CARTESIAN_POINT ( 'NONE',  ( 10.76336378647493000, -3.052083333333333900, -2.862500000000007400 ) ) ;
#4635 = CIRCLE ( 'NONE', #5807, 9.000000000000000000 ) ;
#4636 = AXIS2_PLACEMENT_3D ( 'NONE', #5141, #3853, #3910 ) ;
#4637 = CARTESIAN_POINT ( 'NONE',  ( -8.988044143389004100, -8.416666666666671400, 0.4637482900136804000 ) ) ;
#4638 = DIRECTION ( 'NONE',  ( 0.0000000000000000000, -1.000000000000000000, -1.133581677370982300E-015 ) ) ;
#4639 = CARTESIAN_POINT ( 'NONE',  ( 8.553219139695274400, -8.750597190616808500, 3.251373980333197800 ) ) ;
#4640 = ORIENTED_EDGE ( 'NONE', *, *, #3839, .T. ) ;
#4641 = ORIENTED_EDGE ( 'NONE', *, *, #5626, .F. ) ;
#4642 = CYLINDRICAL_SURFACE ( 'NONE', #3309, 0.1374999999999999800 ) ;
#4643 = CARTESIAN_POINT ( 'NONE',  ( -10.60839925008269800, -8.513508640916526800, -2.908928557191599900 ) ) ;
#4644 = CARTESIAN_POINT ( 'NONE',  ( -8.333407791441137700, -8.595364202649218300, 3.627844172912674900 ) ) ;
#4645 = CARTESIAN_POINT ( 'NONE',  ( -10.63182555755374500, -2.983628241728783600, -2.893727821781119800 ) ) ;
#4646 = DIRECTION ( 'NONE',  ( 0.0000000000000000000, 0.0000000000000000000, -1.000000000000000000 ) ) ;
#4647 = CARTESIAN_POINT ( 'NONE',  ( -11.12754340464337200, -3.189583333333333700, -0.3333333333333341500 ) ) ;
#4648 = ORIENTED_EDGE ( 'NONE', *, *, #566, .T. ) ;
#4649 = LINE ( 'NONE', #5883, #6466 ) ;
#4650 = VERTEX_POINT ( 'NONE', #2999 ) ;
#4651 = VECTOR ( 'NONE', #3084, 1000.000000000000000 ) ;
#4652 = DIRECTION ( 'NONE',  ( 0.0000000000000000000, 1.000000000000000000, 0.0000000000000000000 ) ) ;
#4653 = CARTESIAN_POINT ( 'NONE',  ( -10.47854951794378700, -1.657638888888889300, 3.000000000000005800 ) ) ;
#4654 = CARTESIAN_POINT ( 'NONE',  ( 10.61118938525952900, -0.9546428267182879300, -2.898734177215196000 ) ) ;
#4655 = CARTESIAN_POINT ( 'NONE',  ( 10.88442328056748900, -8.285609833563626100, 0.3333333333333337000 ) ) ;
#4656 = CARTESIAN_POINT ( 'NONE',  ( 11.51195031260993700, -2.423611111111112000, 2.862500000000005600 ) ) ;
#4657 = CYLINDRICAL_SURFACE ( 'NONE', #5573, 0.1375000000000000400 ) ;
#4658 = VERTEX_POINT ( 'NONE', #5427 ) ;
#4659 = CARTESIAN_POINT ( 'NONE',  ( -13.00000000000000000, -8.416666666666671400, -0.3333333333333339300 ) ) ;
#4660 = AXIS2_PLACEMENT_3D ( 'NONE', #5122, #5727, #6351 ) ;
#4661 = CARTESIAN_POINT ( 'NONE',  ( 9.125361484468559300, -1.010416666666666500, -0.3333333333333342600 ) ) ;
#4662 = CARTESIAN_POINT ( 'NONE',  ( 10.85272318776254300, -8.485227356401077600, -0.3262062889250508800 ) ) ;
#4663 = SPHERICAL_SURFACE ( 'NONE', #134, 0.1375000000000000100 ) ;
#4664 = AXIS2_PLACEMENT_3D ( 'NONE', #5625, #1263, #6752 ) ;
#4665 = DIRECTION ( 'NONE',  ( 0.0000000000000000000, -1.000000000000000000, 0.0000000000000000000 ) ) ;
#4666 = ADVANCED_FACE ( 'NONE', ( #1775 ), #2872, .T. ) ;
#4667 = B_SPLINE_CURVE_WITH_KNOTS ( 'NONE', 3,
 ( #4219, #3678, #1988, #4968, #6193, #5647 ),
 .UNSPECIFIED., .F., .F.,
 ( 4, 2, 4 ),
 ( 0.0000000000000000000, 0.0002739485789638506400, 0.0005478971579277012900 ),
 .UNSPECIFIED. ) ;
#4668 = CARTESIAN_POINT ( 'NONE',  ( -10.99999913380772500, -8.749965809213813700, -0.07784254573341246900 ) ) ;
#4669 = CIRCLE ( 'NONE', #902, 0.1375000000000000400 ) ;
#4670 = DIRECTION ( 'NONE',  ( 0.9610304717865962900, -0.2764424574800920000, 0.0000000000000000000 ) ) ;
#4671 = CARTESIAN_POINT ( 'NONE',  ( 11.66216428481665400, -6.099374533723121800, -0.3333333333362851800 ) ) ;
#4672 = CARTESIAN_POINT ( 'NONE',  ( 11.35274073614923100, -2.286111111111111900, 0.3333333333333341500 ) ) ;
#4673 = CARTESIAN_POINT ( 'NONE',  ( -13.00000000000000000, -3.189583333333334100, -2.862500000000007400 ) ) ;
#4674 = CARTESIAN_POINT ( 'NONE',  ( 10.28686198827105100, -8.740196849742245500, -3.445004226269820200 ) ) ;
#4675 = EDGE_CURVE ( 'NONE', #5310, #4214, #6407, .T. ) ;
#4676 = AXIS2_PLACEMENT_3D ( 'NONE', #4860, #21, #1173 ) ;
#4677 = CARTESIAN_POINT ( 'NONE',  ( 8.487411582955443700, -1.010416666666655400, -3.000000000000043500 ) ) ;
#4678 = CIRCLE ( 'NONE', #4453, 12.00000000000000000 ) ;
#4679 = CARTESIAN_POINT ( 'NONE',  ( 10.58593491673128100, -8.450281924579963200, -3.000886091576843800 ) ) ;
#4680 = CARTESIAN_POINT ( 'NONE',  ( -11.16044185418001300, -2.369939845253936200, 2.889820429692989900 ) ) ;
#4681 = CARTESIAN_POINT ( 'NONE',  ( 11.51195031260993300, -4.889079012875070500, -3.000000000000008400 ) ) ;
#4682 =( BOUNDED_SURFACE ( )  B_SPLINE_SURFACE ( 3, 2, ( 
 ( #7265, #3622, #6684 ),
 ( #4163, #1809, #4237 ),
 ( #7319, #3648, #4859 ),
 ( #517, #1172, #7923 ) ),
 .UNSPECIFIED., .F., .F., .F. ) 
 B_SPLINE_SURFACE_WITH_KNOTS ( ( 4, 4 ),
 ( 3, 3 ),
 ( 0.0000000000000000000, 0.0001336939827389800300 ),
 ( 0.0000000000000000000, 1.000000000000000000 ),
 .UNSPECIFIED. ) 
 GEOMETRIC_REPRESENTATION_ITEM ( )  RATIONAL_B_SPLINE_SURFACE ( (
 ( 1.000000000000000000, 0.6917287800646445600, 1.000000000000000000),
 ( 1.000000000000000000, 0.6918359803472454700, 1.000000000000000000),
 ( 1.000000000000000000, 0.6920154745225811600, 1.000000000000000000),
 ( 1.000000000000000000, 0.6922660349650343600, 1.000000000000000000) ) ) 
 REPRESENTATION_ITEM ( '' )  SURFACE ( )  );
#4683 = CARTESIAN_POINT ( 'NONE',  ( -10.98201921293323800, -0.8041668743957319800, 0.6310668630312679100 ) ) ;
#4684 = DIRECTION ( 'NONE',  ( 0.0000000000000000000, 0.0000000000000000000, 1.000000000000000000 ) ) ;
#4685 = VERTEX_POINT ( 'NONE', #6122 ) ;
#4686 = LINE ( 'NONE', #3487, #6771 ) ;
#4687 = FACE_OUTER_BOUND ( 'NONE', #6836, .T. ) ;
#4688 = CARTESIAN_POINT ( 'NONE',  ( -8.677557259966652800, -1.010416666666667000, 3.000000000000006200 ) ) ;
#4689 = CARTESIAN_POINT ( 'NONE',  ( 10.35904185067168700, -8.756415928138430600, 3.289035212224651300 ) ) ;
#4690 = CARTESIAN_POINT ( 'NONE',  ( 10.75051468820332600, -3.052083333333333900, -2.865493715380850400 ) ) ;
#4691 = CARTESIAN_POINT ( 'NONE',  ( -10.98981137004389200, -8.486943335504435000, -0.4733837432270566700 ) ) ;
#4692 = ORIENTED_EDGE ( 'NONE', *, *, #6046, .F. ) ;
#4693 = CARTESIAN_POINT ( 'NONE',  ( 0.0000000000000000000, 0.5403851024289089100, -12.92696701773796700 ) ) ;
#4694 = DIRECTION ( 'NONE',  ( 0.0000000000000000000, 0.0000000000000000000, 1.000000000000000000 ) ) ;
#4695 = ORIENTED_EDGE ( 'NONE', *, *, #417, .F. ) ;
#4696 = VERTEX_POINT ( 'NONE', #2431 ) ;
#4697 = CARTESIAN_POINT ( 'NONE',  ( -10.85272318776254400, -8.485227356401082900, 0.3262062889250499400 ) ) ;
#4698 = PLANE ( 'NONE',  #1143 ) ;
#4699 = CARTESIAN_POINT ( 'NONE',  ( 11.55590292497999100, -2.408683736512880800, 0.4737735585817693900 ) ) ;
#4700 = CARTESIAN_POINT ( 'NONE',  ( 10.65263808636099800, -1.753130949698879400, 2.888702552245349300 ) ) ;
#4701 = EDGE_LOOP ( 'NONE', ( #5105, #1236, #16, #480, #5554 ) ) ;
#4702 = CARTESIAN_POINT ( 'NONE',  ( -11.35274073614923100, -1.932638888888889200, 0.4708333333333341600 ) ) ;
#4703 = VERTEX_POINT ( 'NONE', #5500 ) ;
#4704 = CARTESIAN_POINT ( 'NONE',  ( 8.505332865593567600, -0.8000886029787310800, -2.947775841976251900 ) ) ;
#4705 = CARTESIAN_POINT ( 'NONE',  ( 10.61280096752658500, -8.460059658897515400, -2.898647270027460400 ) ) ;
#4706 = ORIENTED_EDGE ( 'NONE', *, *, #5375, .F. ) ;
#4707 = CARTESIAN_POINT ( 'NONE',  ( 8.975257740366252800, -0.8041666666666667000, 0.6668946648426821200 ) ) ;
#4708 = EDGE_CURVE ( 'NONE', #1951, #3697, #5709, .T. ) ;
#4709 = ADVANCED_FACE ( 'NONE', ( #2083 ), #2361, .T. ) ;
#4710 = DIRECTION ( 'NONE',  ( -0.0000000000000000000, 1.000000000000000000, -0.0000000000000000000 ) ) ;
#4711 = CARTESIAN_POINT ( 'NONE',  ( -8.994773050389000000, -1.010416666666666700, 0.3333333333333342600 ) ) ;
#4712 = VERTEX_POINT ( 'NONE', #7936 ) ;
#4713 = CARTESIAN_POINT ( 'NONE',  ( 10.66604804961214900, -0.8041666666666669200, 2.689873417721524900 ) ) ;
#4714 = AXIS2_PLACEMENT_3D ( 'NONE', #65, #741, #6835 ) ;
#4715 = AXIS2_PLACEMENT_3D ( 'NONE', #5367, #3583, #7194 ) ;
#4716 = EDGE_LOOP ( 'NONE', ( #3631, #4706, #6408, #6999 ) ) ;
#4717 = CARTESIAN_POINT ( 'NONE',  ( 11.35274073614922900, -2.286111111111111900, 0.3333333333333341500 ) ) ;
#4718 = CARTESIAN_POINT ( 'NONE',  ( 10.85800004235542300, -8.416666666666671400, 0.3333333333333338100 ) ) ;
#4719 = EDGE_LOOP ( 'NONE', ( #2253, #3846, #7125, #6047 ) ) ;
#4720 = CARTESIAN_POINT ( 'NONE',  ( -10.97861004775707800, -0.6666666666656494400, -0.6856540084384406000 ) ) ;
#4721 = EDGE_CURVE ( 'NONE', #3223, #2876, #7405, .T. ) ;
#4722 = ORIENTED_EDGE ( 'NONE', *, *, #4781, .F. ) ;
#4723 = ORIENTED_EDGE ( 'NONE', *, *, #2938, .T. ) ;
#4724 = DIRECTION ( 'NONE',  ( 0.0000000000000000000, -1.000000000000000000, -3.917117526399240400E-016 ) ) ;
#4725 = CARTESIAN_POINT ( 'NONE',  ( -8.208007669046161000, -8.669076893412139400, 3.692910386164518500 ) ) ;
#4726 = CARTESIAN_POINT ( 'NONE',  ( -10.47854951794378300, -1.010416666666666300, -3.000000000000006700 ) ) ;
#4727 = DIRECTION ( 'NONE',  ( -0.0000000000000000000, 1.000000000000000000, -0.0000000000000000000 ) ) ;
#4728 = FACE_OUTER_BOUND ( 'NONE', #3011, .T. ) ;
#4729 = ORIENTED_EDGE ( 'NONE', *, *, #1594, .T. ) ;
#4730 = DATE_AND_TIME ( #1939, #1084 ) ;
#4731 = ORIENTED_EDGE ( 'NONE', *, *, #179, .F. ) ;
#4732 = CARTESIAN_POINT ( 'NONE',  ( 10.60839925008270000, -8.513508640916521500, -2.908928557191599000 ) ) ;
#4733 = EDGE_CURVE ( 'NONE', #4593, #952, #5424, .T. ) ;
#4734 = AXIS2_PLACEMENT_3D ( 'NONE', #4959, #6108, #1280 ) ;
#4735 = DIRECTION ( 'NONE',  ( 0.9991410988910215400, 0.0000000000000000000, -0.04143747708104147200 ) ) ;
#4736 = CARTESIAN_POINT ( 'NONE',  ( 8.979268545186501500, -0.8041666666655215000, -0.6129161148474390200 ) ) ;
#4737 = CARTESIAN_POINT ( 'NONE',  ( -8.307961375826336000, 2.000000000000004400, 3.804166666666661400 ) ) ;
#4738 = DIRECTION ( 'NONE',  ( 0.0000000000000000000, 0.0000000000000000000, 1.000000000000000000 ) ) ;
#4739 = CYLINDRICAL_SURFACE ( 'NONE', #2939, 0.1375000000000000400 ) ;
#4740 = ORIENTED_EDGE ( 'NONE', *, *, #6116, .T. ) ;
#4741 = CARTESIAN_POINT ( 'NONE',  ( 10.32161039037115900, -8.652448979805679800, 3.804118495213806300 ) ) ;
#4742 = ORIENTED_EDGE ( 'NONE', *, *, #6652, .F. ) ;
#4743 = LINE ( 'NONE', #3139, #6363 ) ;
#4744 = AXIS2_PLACEMENT_3D ( 'NONE', #7105, #1000, #3529 ) ;
#4745 = CARTESIAN_POINT ( 'NONE',  ( -10.98495034707618200, -0.8265289314417366700, -0.5765010794170355400 ) ) ;
#4746 = CARTESIAN_POINT ( 'NONE',  ( 11.49012263724674900, -2.301492012228850500, 0.4765309864319773900 ) ) ;
#4747 = DIRECTION ( 'NONE',  ( -1.224646799147350500E-016, 0.0000000000000000000, -1.000000000000000000 ) ) ;
#4748 = EDGE_LOOP ( 'NONE', ( #7755, #7783, #5987, #5881 ) ) ;
#4749 = ADVANCED_FACE ( 'NONE', ( #3550 ), #1815, .T. ) ;
#4750 = CYLINDRICAL_SURFACE ( 'NONE', #6754, 0.1375000000000000400 ) ;
#4751 = ORIENTED_EDGE ( 'NONE', *, *, #6399, .F. ) ;
#4752 = CARTESIAN_POINT ( 'NONE',  ( -11.19385918094189100, -7.706939177982997400, -0.4764525563329267100 ) ) ;
#4753 = FACE_BOUND ( 'NONE', #866, .T. ) ;
#4754 = DIRECTION ( 'NONE',  ( -0.0000000000000000000, 1.000000000000000000, -4.196911635427758100E-017 ) ) ;
#4755 = CARTESIAN_POINT ( 'NONE',  ( 10.69537899737589200, -1.781595471052806800, 2.878484795607704900 ) ) ;
#4756 = EDGE_CURVE ( 'NONE', #3326, #5352, #5507, .T. ) ;
#4757 = LINE ( 'NONE', #6103, #6855 ) ;
#4758 = AXIS2_PLACEMENT_3D ( 'NONE', #2058, #6338, #3328 ) ;
#4759 = EDGE_LOOP ( 'NONE', ( #7325, #4133, #2542, #5154 ) ) ;
#4760 = PLANE ( 'NONE',  #7745 ) ;
#4761 = CARTESIAN_POINT ( 'NONE',  ( 10.61025830592786600, -8.486963670435848400, -2.902148876547685100 ) ) ;
#4762 = CARTESIAN_POINT ( 'NONE',  ( 10.48446196509712500, -8.416666666666671400, -3.000000000000004400 ) ) ;
#4763 = CARTESIAN_POINT ( 'NONE',  ( 9.128237700613963700, -8.590372842931758500, -0.2977879076665680400 ) ) ;
#4764 = CARTESIAN_POINT ( 'NONE',  ( 8.283933821204762200, -8.840099866862079400, -3.519292181854499100 ) ) ;
#4765 = CARTESIAN_POINT ( 'NONE',  ( -9.116417677069833300, -0.6666666666657455900, 0.5865102788347981200 ) ) ;
#4766 = CIRCLE ( 'NONE', #7471, 0.1375000000000000400 ) ;
#4767 = EDGE_CURVE ( 'NONE', #2501, #4696, #1864, .T. ) ;
#4768 = CARTESIAN_POINT ( 'NONE',  ( -11.99054406784442500, 0.0000000000000000000, -0.4762908324552169200 ) ) ;
#4769 = AXIS2_PLACEMENT_3D ( 'NONE', #5329, #2865, #3517 ) ;
#4770 = CARTESIAN_POINT ( 'NONE',  ( 9.125361484468557500, -8.416666666666671400, -0.3333333333333339300 ) ) ;
#4771 = CARTESIAN_POINT ( 'NONE',  ( 2.221449702374167500E-015, 2.000000000000000000, 5.440982534958729400E-031 ) ) ;
#4772 = DIRECTION ( 'NONE',  ( 0.05631057858324823400, -0.9770660927694703200, 0.2053557135796828200 ) ) ;
#4773 = DIRECTION ( 'NONE',  ( -0.0000000000000000000, 1.000000000000000000, -0.0000000000000000000 ) ) ;
#4774 = CYLINDRICAL_SURFACE ( 'NONE', #2649, 11.00000000000000000 ) ;
#4775 = ORIENTED_EDGE ( 'NONE', *, *, #5034, .T. ) ;
#4776 = CARTESIAN_POINT ( 'NONE',  ( -10.63835110992125800, -0.8257941720224280000, 2.797694266743109300 ) ) ;
#4777 = VECTOR ( 'NONE', #783, 1000.000000000000000 ) ;
#4778 = CARTESIAN_POINT ( 'NONE',  ( -11.23728905727017800, 1.437280458815214200, 0.0000000000000000000 ) ) ;
#4779 = CARTESIAN_POINT ( 'NONE',  ( 11.51195031260993500, -2.561111111111112200, 3.000000000000005300 ) ) ;
#4780 = EDGE_CURVE ( 'NONE', #980, #2809, #3781, .T. ) ;
#4781 = EDGE_CURVE ( 'NONE', #1647, #6609, #4375, .T. ) ;
#4782 = CARTESIAN_POINT ( 'NONE',  ( 11.99054406784442300, -4.889079012875070500, 0.4762908324552166400 ) ) ;
#4783 =( BOUNDED_SURFACE ( )  B_SPLINE_SURFACE ( 3, 2, ( 
 ( #3330, #3800, #5038 ),
 ( #5635, #1979, #2599 ),
 ( #3230, #3385, #5187 ),
 ( #2112, #5863, #6505 ),
 ( #3962, #5801, #1573 ),
 ( #289, #6391, #5832 ) ),
 .UNSPECIFIED., .F., .F., .F. ) 
 B_SPLINE_SURFACE_WITH_KNOTS ( ( 4, 2, 4 ),
 ( 3, 3 ),
 ( 2.303929616531696900E-019, 0.0002148949975207793600, 0.0004297899950415585100 ),
 ( 0.0000000000000000000, 1.000000000000000000 ),
 .UNSPECIFIED. ) 
 GEOMETRIC_REPRESENTATION_ITEM ( )  RATIONAL_B_SPLINE_SURFACE ( (
 ( 1.000000000000000000, 0.6916123043970485700, 1.000000000000000000),
 ( 1.000000000000000000, 0.6915697101614529700, 1.000000000000000000),
 ( 1.000000000000000000, 0.6933666512420233500, 1.000000000000000000),
 ( 1.000000000000000000, 0.6991649265005541700, 1.000000000000000000),
 ( 1.000000000000000000, 0.7031691807541966500, 1.000000000000000000),
 ( 1.000000000000000000, 0.7071067811865308100, 1.000000000000000000) ) ) 
 REPRESENTATION_ITEM ( '' )  SURFACE ( )  );
#4784 = EDGE_LOOP ( 'NONE', ( #1182, #2239, #6041, #6026 ) ) ;
#4785 = CARTESIAN_POINT ( 'NONE',  ( -11.85315241706703800, -4.889079012875070500, -0.3333333333333340900 ) ) ;
#4786 = CARTESIAN_POINT ( 'NONE',  ( 11.51195024427854500, -4.908460220011213500, 3.000000000000003600 ) ) ;
#4787 = FACE_OUTER_BOUND ( 'NONE', #1283, .T. ) ;
#4788 = ADVANCED_FACE ( 'NONE', ( #4179 ), #4922, .T. ) ;
#4789 = CARTESIAN_POINT ( 'NONE',  ( -10.47579425945666600, -8.485227356401082900, -3.007127044408288300 ) ) ;
#4790 = CARTESIAN_POINT ( 'NONE',  ( 8.659462652110557100, -8.596774264462968800, -3.039512890810314200 ) ) ;
#4791 = DIRECTION ( 'NONE',  ( -0.9610304717865934000, 0.2764424574801011000, 0.0000000000000000000 ) ) ;
#4792 = AXIS2_PLACEMENT_3D ( 'NONE', #3109, #1195, #7895 ) ;
#4793 = ORIENTED_EDGE ( 'NONE', *, *, #3034, .T. ) ;
#4794 = VERTEX_POINT ( 'NONE', #2880 ) ;
#4795 = DIRECTION ( 'NONE',  ( 0.0000000000000000000, 1.000000000000000000, 0.0000000000000000000 ) ) ;
#4796 = ORIENTED_EDGE ( 'NONE', *, *, #6553, .T. ) ;
#4797 = CARTESIAN_POINT ( 'NONE',  ( 10.30337934383202000, -8.536385603243179100, 3.852320611929342900 ) ) ;
#4798 = CARTESIAN_POINT ( 'NONE',  ( -12.92696701773796700, 0.5403851024289089100, -3.166193756191241100E-015 ) ) ;
#4799 = CARTESIAN_POINT ( 'NONE',  ( -10.84477340488716700, -0.6666666666657582500, -0.5864564784528795100 ) ) ;
#4800 = CARTESIAN_POINT ( 'NONE',  ( 11.97716594857773000, -4.984036849272107400, 0.4760820234339753200 ) ) ;
#4801 = CARTESIAN_POINT ( 'NONE',  ( 11.50368023849098400, -4.946053714713651800, -2.862500000000008300 ) ) ;
#4802 = ORIENTED_EDGE ( 'NONE', *, *, #244, .T. ) ;
#4803 = VERTEX_POINT ( 'NONE', #6433 ) ;
#4804 = CARTESIAN_POINT ( 'NONE',  ( -10.51924221128551400, -0.6666666666666670700, 2.745337731025587300 ) ) ;
#4805 = DIRECTION ( 'NONE',  ( -0.0000000000000000000, 1.000000000000000000, -0.0000000000000000000 ) ) ;
#4806 = CARTESIAN_POINT ( 'NONE',  ( 11.85315235462375400, -4.908438029749942400, -0.3333333333333340900 ) ) ;
#4807 = CARTESIAN_POINT ( 'NONE',  ( -10.48313218335474600, -8.761946161124619400, -3.333174849908679100 ) ) ;
#4808 = ORIENTED_EDGE ( 'NONE', *, *, #6127, .F. ) ;
#4809 = EDGE_LOOP ( 'NONE', ( #3541, #1970, #5725, #2218, #7321, #7858 ) ) ;
#4810 = CARTESIAN_POINT ( 'NONE',  ( 10.63850057618412300, -0.8254779227710026300, -2.797127401516937600 ) ) ;
#4811 = EDGE_CURVE ( 'NONE', #3913, #7429, #5988, .T. ) ;
#4812 = CARTESIAN_POINT ( 'NONE',  ( 9.125361484468557500, -8.504776397863222900, -0.3333333333333337000 ) ) ;
#4813 = DIRECTION ( 'NONE',  ( 0.0000000000000000000, 1.000000000000000000, 0.0000000000000000000 ) ) ;
#4814 = ORIENTED_EDGE ( 'NONE', *, *, #2158, .T. ) ;
#4815 = CARTESIAN_POINT ( 'NONE',  ( -11.05678130354851700, -3.034040186509881400, -0.3333333333333456900 ) ) ;
#4816 = AXIS2_PLACEMENT_3D ( 'NONE', #697, #1276, #3696 ) ;
#4817 = ORIENTED_EDGE ( 'NONE', *, *, #6567, .T. ) ;
#4818 = EDGE_CURVE ( 'NONE', #3223, #4338, #629, .T. ) ;
#4819 = CIRCLE ( 'NONE', #5404, 0.1375000000000000400 ) ;
#4820 = CARTESIAN_POINT ( 'NONE',  ( 10.97861004775703700, -0.6666666666666649600, -0.6856540084388201800 ) ) ;
#4821 = ORIENTED_EDGE ( 'NONE', *, *, #4473, .F. ) ;
#4822 = CARTESIAN_POINT ( 'NONE',  ( -10.52652375412551700, -8.866770815104601400, 3.194049744381835900 ) ) ;
#4823 = DIRECTION ( 'NONE',  ( -0.0000000000000000000, 1.000000000000000000, -0.0000000000000000000 ) ) ;
#4824 = CARTESIAN_POINT ( 'NONE',  ( 11.49278447825221700, -2.317085820806734200, 0.4764181726110867700 ) ) ;
#4825 = CARTESIAN_POINT ( 'NONE',  ( 1.334252687671041300E-015, -10.00000000000000200, 10.78999999999999900 ) ) ;
#4826 = ORIENTED_EDGE ( 'NONE', *, *, #3874, .T. ) ;
#4827 = AXIS2_PLACEMENT_3D ( 'NONE', #3155, #3757, #2422 ) ;
#4828 =( BOUNDED_SURFACE ( )  B_SPLINE_SURFACE ( 3, 2, ( 
 ( #1377, #3868, #3244 ),
 ( #5101, #4442, #3192 ),
 ( #7490, #5057, #745 ),
 ( #7465, #1351, #5628 ),
 ( #7518, #6809, #6303 ),
 ( #3162, #6838, #1946 ) ),
 .UNSPECIFIED., .F., .F., .F. ) 
 B_SPLINE_SURFACE_WITH_KNOTS ( ( 4, 2, 4 ),
 ( 3, 3 ),
 ( 0.0000000000000000000, 0.0001612176971836088200, 0.0003224353943672176300 ),
 ( 0.0000000000000000000, 1.000000000000000000 ),
 .UNSPECIFIED. ) 
 GEOMETRIC_REPRESENTATION_ITEM ( )  RATIONAL_B_SPLINE_SURFACE ( (
 ( 1.000000000000000000, 0.6916123043970483500, 1.000000000000000000),
 ( 1.000000000000000000, 0.6916373197317953200, 1.000000000000000000),
 ( 1.000000000000000000, 0.6924183933373762000, 1.000000000000000000),
 ( 1.000000000000000000, 0.6971282413308161900, 1.000000000000000000),
 ( 1.000000000000000000, 0.7012222857483575400, 1.000000000000000000),
 ( 1.000000000000000000, 0.7071067811865235900, 1.000000000000000000) ) ) 
 REPRESENTATION_ITEM ( '' )  SURFACE ( )  );
#4829 = FACE_OUTER_BOUND ( 'NONE', #7208, .T. ) ;
#4830 = VECTOR ( 'NONE', #3530, 1000.000000000000000 ) ;
#4831 = DIRECTION ( 'NONE',  ( -0.0000000000000000000, 1.000000000000000000, -0.0000000000000000000 ) ) ;
#4832 = CARTESIAN_POINT ( 'NONE',  ( -11.06744467199494200, -3.039286761387026000, -0.4733933155971608000 ) ) ;
#4833 = CARTESIAN_POINT ( 'NONE',  ( 10.51079815848042800, -3.060421672873932000, -3.000000000000007500 ) ) ;
#4834 = ORIENTED_EDGE ( 'NONE', *, *, #3142, .F. ) ;
#4835 = CARTESIAN_POINT ( 'NONE',  ( -8.412010996713062700, -8.717388948767816000, -3.500507069402891700 ) ) ;
#4836 = ORIENTED_EDGE ( 'NONE', *, *, #4070, .F. ) ;
#4837 = VECTOR ( 'NONE', #3664, 1000.000000000000000 ) ;
#4838 = AXIS2_PLACEMENT_3D ( 'NONE', #5824, #981, #5184 ) ;
#4839 = CARTESIAN_POINT ( 'NONE',  ( 0.0000000000000000000, -0.8041666666666665900, 0.0000000000000000000 ) ) ;
#4840 = VERTEX_POINT ( 'NONE', #1178 ) ;
#4841 = DIRECTION ( 'NONE',  ( -0.0000000000000000000, 1.000000000000000000, -0.0000000000000000000 ) ) ;
#4842 = CARTESIAN_POINT ( 'NONE',  ( -10.61777112150252500, -0.9005673923701692500, 2.874813493285056900 ) ) ;
#4843 = CARTESIAN_POINT ( 'NONE',  ( 11.35274073614923100, -1.932638888888889200, 0.4708333333333341600 ) ) ;
#4844 = CIRCLE ( 'NONE', #2558, 0.1375000000000000400 ) ;
#4845 = EDGE_LOOP ( 'NONE', ( #5411, #6013, #2307, #767 ) ) ;
#4846 = B_SPLINE_CURVE_WITH_KNOTS ( 'NONE', 3,
 ( #6571, #4140, #3535, #7249, #7817, #4169 ),
 .UNSPECIFIED., .F., .F.,
 ( 4, 2, 4 ),
 ( 0.0000000000000000000, 0.0002186379982943760300, 0.0004372759965887520500 ),
 .UNSPECIFIED. ) ;
#4847 = VECTOR ( 'NONE', #2151, 1000.000000000000000 ) ;
#4848 = CARTESIAN_POINT ( 'NONE',  ( 8.595463352402072500, -0.8041668110441438900, 2.668518428844908600 ) ) ;
#4849 = DIRECTION ( 'NONE',  ( 0.2413066385669131700, 0.0000000000000000000, 0.9704489199249681800 ) ) ;
#4850 = CARTESIAN_POINT ( 'NONE',  ( -10.85243897038251100, -8.462677838221695800, -0.3309456534684255800 ) ) ;
#4851 = FACE_OUTER_BOUND ( 'NONE', #4185, .T. ) ;
#4852 = EDGE_CURVE ( 'NONE', #6109, #5363, #2347, .T. ) ;
#4853 = DIRECTION ( 'NONE',  ( 0.2906976744175546200, 4.224969300895618400E-013, 0.9568149570780264400 ) ) ;
#4854 = ORIENTED_EDGE ( 'NONE', *, *, #7752, .F. ) ;
#4855 = CARTESIAN_POINT ( 'NONE',  ( -10.47854951794362000, -2.914583333333366200, -3.000000000000007500 ) ) ;
#4856 = CARTESIAN_POINT ( 'NONE',  ( -10.61118944743347600, -0.9554101173895878100, 2.898733949619464400 ) ) ;
#4857 = FACE_OUTER_BOUND ( 'NONE', #3788, .T. ) ;
#4858 = CARTESIAN_POINT ( 'NONE',  ( 11.39660536863643600, -7.002189753638932100, 0.4763520683915974900 ) ) ;
#4859 = CARTESIAN_POINT ( 'NONE',  ( 10.87206213280855800, -8.328576165024896800, -0.3333333333333339300 ) ) ;
#4860 = CARTESIAN_POINT ( 'NONE',  ( 8.677557259966652800, -8.416666666666671400, -2.862500000000004300 ) ) ;
#4861 = CARTESIAN_POINT ( 'NONE',  ( 10.84763420327589100, -0.7038564472812312000, -0.4975731625550722200 ) ) ;
#4862 = CARTESIAN_POINT ( 'NONE',  ( 8.307961375826334200, -8.416666666666671400, -3.804166666666675600 ) ) ;
#4863 = EDGE_CURVE ( 'NONE', #3055, #2783, #442, .T. ) ;
#4864 = LINE ( 'NONE', #4768, #2753 ) ;
#4865 = DIRECTION ( 'NONE',  ( 0.0000000000000000000, 0.0000000000000000000, 1.000000000000000000 ) ) ;
#4866 = DIRECTION ( 'NONE',  ( 0.0000000000000000000, 0.0000000000000000000, 1.000000000000000000 ) ) ;
#4867 = DIRECTION ( 'NONE',  ( 0.0000000000000000000, 0.0000000000000000000, 1.000000000000000000 ) ) ;
#4868 = FACE_OUTER_BOUND ( 'NONE', #5181, .T. ) ;
#4869 = CARTESIAN_POINT ( 'NONE',  ( 10.60839925008270000, -8.513508640916521500, -2.908928557191599000 ) ) ;
#4870 = DIRECTION ( 'NONE',  ( 0.9588258908323488100, 0.2839945616901012900, 0.0000000000000000000 ) ) ;
#4871 = AXIS2_PLACEMENT_3D ( 'NONE', #3758, #61, #7408 ) ;
#4872 = CARTESIAN_POINT ( 'NONE',  ( -10.85420169784822700, -8.439395408491094500, -0.3333333333333338100 ) ) ;
#4873 = CARTESIAN_POINT ( 'NONE',  ( -6.253606744053678700, 1.999999999999999600, -1.531691896446328100E-015 ) ) ;
#4874 = CARTESIAN_POINT ( 'NONE',  ( -8.546978422949370800, -8.416666666666671400, -2.819425444596447900 ) ) ;
#4875 = CARTESIAN_POINT ( 'NONE',  ( 11.09644972654975500, -3.049423708232358100, -0.4721499692040212500 ) ) ;
#4876 = ORIENTED_EDGE ( 'NONE', *, *, #5383, .F. ) ;
#4877 = CARTESIAN_POINT ( 'NONE',  ( -9.125361484468557500, -8.416666666666671400, -0.3333333333333339300 ) ) ;
#4878 = CARTESIAN_POINT ( 'NONE',  ( -8.677557259966649300, 1.999999999999997800, 2.862500000000007400 ) ) ;
#4879 = FACE_OUTER_BOUND ( 'NONE', #4540, .T. ) ;
#4880 = ORIENTED_EDGE ( 'NONE', *, *, #5169, .T. ) ;
#4881 = CARTESIAN_POINT ( 'NONE',  ( 11.04179396009708300, -8.235499640408654900, 0.4765311876820209600 ) ) ;
#4882 = DIRECTION ( 'NONE',  ( 0.0000000000000000000, 0.0000000000000000000, -1.000000000000000000 ) ) ;
#4883 = ORIENTED_EDGE ( 'NONE', *, *, #6033, .F. ) ;
#4884 = CARTESIAN_POINT ( 'NONE',  ( -8.307961375826334200, -8.416666666666671400, 3.666666666666673200 ) ) ;
#4885 = EDGE_CURVE ( 'NONE', #1064, #7102, #5412, .T. ) ;
#4886 = EDGE_CURVE ( 'NONE', #133, #1770, #336, .T. ) ;
#4887 = CARTESIAN_POINT ( 'NONE',  ( 11.60776418017875500, -4.976882328835582600, -3.000000000000007500 ) ) ;
#4888 = CARTESIAN_POINT ( 'NONE',  ( -10.87206213280531100, -8.328576165024291100, -0.3333333333333339300 ) ) ;
#4889 = ORIENTED_EDGE ( 'NONE', *, *, #6411, .T. ) ;
#4890 = ORIENTED_EDGE ( 'NONE', *, *, #7797, .F. ) ;
#4891 = ORIENTED_EDGE ( 'NONE', *, *, #660, .T. ) ;
#4892 = CARTESIAN_POINT ( 'NONE',  ( 11.27996010631243200, -2.561111111111112200, 3.000000000000005300 ) ) ;
#4893 = ORIENTED_EDGE ( 'NONE', *, *, #1865, .F. ) ;
#4894 = DIRECTION ( 'NONE',  ( -0.0000000000000000000, 1.000000000000000000, -0.0000000000000000000 ) ) ;
#4895 = ORIENTED_EDGE ( 'NONE', *, *, #2930, .F. ) ;
#4896 = ORIENTED_EDGE ( 'NONE', *, *, #2158, .F. ) ;
#4897 = CARTESIAN_POINT ( 'NONE',  ( 11.64089380912402500, -4.953026027270261100, 2.895256698938526900 ) ) ;
#4898 = CARTESIAN_POINT ( 'NONE',  ( -9.112379733621851900, -0.6666666666666666300, 0.6770833333333342600 ) ) ;
#4899 = CARTESIAN_POINT ( 'NONE',  ( 10.47854957943277300, -0.9187391114951417600, -3.000000000000006700 ) ) ;
#4900 = ORIENTED_EDGE ( 'NONE', *, *, #7426, .F. ) ;
#4901 = CARTESIAN_POINT ( 'NONE',  ( -11.00240068359714100, -1.717375887250157000, 0.4762295050781453200 ) ) ;
#4902 = ORIENTED_EDGE ( 'NONE', *, *, #2504, .F. ) ;
#4903 = EDGE_CURVE ( 'NONE', #3665, #3055, #6179, .T. ) ;
#4904 = CARTESIAN_POINT ( 'NONE',  ( -11.00000000000000000, -1.795138888888889300, -7.681258945454893400E-014 ) ) ;
#4905 = ORIENTED_EDGE ( 'NONE', *, *, #1080, .F. ) ;
#4906 = DIRECTION ( 'NONE',  ( -0.0000000000000000000, 1.000000000000000000, 7.274646834741446500E-016 ) ) ;
#4907 = CARTESIAN_POINT ( 'NONE',  ( -10.98966187822720600, -2.914583333333333700, -0.4767932489451486300 ) ) ;
#4908 = CARTESIAN_POINT ( 'NONE',  ( -11.00000000000000000, -1.932638888888889200, 0.4708333333333341000 ) ) ;
#4909 = CARTESIAN_POINT ( 'NONE',  ( -10.85272318776254400, -8.485227356401081200, 0.3262062889250501600 ) ) ;
#4910 = ORIENTED_EDGE ( 'NONE', *, *, #7706, .T. ) ;
#4911 = ORIENTED_EDGE ( 'NONE', *, *, #2708, .F. ) ;
#4912 = CARTESIAN_POINT ( 'NONE',  ( -13.00000000000000000, -8.416666666666671400, 0.0000000000000000000 ) ) ;
#4913 = CARTESIAN_POINT ( 'NONE',  ( 0.0000000000000000000, -4.889079012875070500, 0.0000000000000000000 ) ) ;
#4914 = CARTESIAN_POINT ( 'NONE',  ( -11.00919080898547400, -2.983242074855368300, -0.3333333333333224300 ) ) ;
#4915 = LINE ( 'NONE', #3378, #3951 ) ;
#4916 = ORIENTED_EDGE ( 'NONE', *, *, #4170, .T. ) ;
#4917 = VECTOR ( 'NONE', #1224, 1000.000000000000000 ) ;
#4918 = VERTEX_POINT ( 'NONE', #3505 ) ;
#4919 = CARTESIAN_POINT ( 'NONE',  ( 10.99119778115646700, -8.460041373204182600, -0.4767789340285721300 ) ) ;
#4920 = CARTESIAN_POINT ( 'NONE',  ( -8.726480233492136300, -0.6666666666666664100, -2.746306289056745300 ) ) ;
#4921 = DIRECTION ( 'NONE',  ( -0.0000000000000000000, 1.000000000000000000, -0.0000000000000000000 ) ) ;
#4922 =( BOUNDED_SURFACE ( )  B_SPLINE_SURFACE ( 3, 2, ( 
 ( #7050, #1475, #2657 ),
 ( #1445, #6944, #4562 ),
 ( #4512, #5171, #3287 ),
 ( #3398, #1497, #2121 ),
 ( #6404, #6349, #4618 ),
 ( #5724, #2067, #2744 ) ),
 .UNSPECIFIED., .F., .F., .F. ) 
 B_SPLINE_SURFACE_WITH_KNOTS ( ( 4, 2, 4 ),
 ( 3, 3 ),
 ( 0.0000000000000000000, 0.0001650261309380983600, 0.0003300522618761967300 ),
 ( 0.0000000000000000000, 1.000000000000000000 ),
 .UNSPECIFIED. ) 
 GEOMETRIC_REPRESENTATION_ITEM ( )  RATIONAL_B_SPLINE_SURFACE ( (
 ( 1.000000000000000000, 0.5859737648376219800, 1.000000000000000000),
 ( 1.000000000000000000, 0.5854751198124266100, 1.000000000000000000),
 ( 1.000000000000000000, 0.6028685804983271400, 1.000000000000000000),
 ( 1.000000000000000000, 0.6506804956036371700, 1.000000000000000000),
 ( 1.000000000000000000, 0.6809090312270745800, 1.000000000000000000),
 ( 1.000000000000000000, 0.7071067811865477900, 1.000000000000000000) ) ) 
 REPRESENTATION_ITEM ( '' )  SURFACE ( )  );
#4923 = CARTESIAN_POINT ( 'NONE',  ( 8.975257740366254600, -0.8041666666666667000, 0.6668946648426822300 ) ) ;
#4924 = CYLINDRICAL_SURFACE ( 'NONE', #3357, 0.3437500000000000000 ) ;
#4925 = VERTEX_POINT ( 'NONE', #5282 ) ;
#4926 = EDGE_CURVE ( 'NONE', #1951, #6780, #2933, .T. ) ;
#4927 = VERTEX_POINT ( 'NONE', #4643 ) ;
#4928 = ADVANCED_FACE ( 'NONE', ( #5590 ), #6371, .F. ) ;
#4929 = VECTOR ( 'NONE', #6810, 1000.000000000000000 ) ;
#4930 = DIRECTION ( 'NONE',  ( -1.000000000000000000, 0.0000000000000000000, 0.0000000000000000000 ) ) ;
#4931 = CARTESIAN_POINT ( 'NONE',  ( 0.0000000000000000000, -0.8041666666666665900, 0.0000000000000000000 ) ) ;
#4932 = DIRECTION ( 'NONE',  ( -1.000000000000000000, -0.0000000000000000000, -0.0000000000000000000 ) ) ;
#4933 = CARTESIAN_POINT ( 'NONE',  ( -10.30337932021115000, -8.416666666666671400, -3.852320675105489000 ) ) ;
#4934 = CARTESIAN_POINT ( 'NONE',  ( 10.48494578076300200, -0.8282618275503423900, 2.961266393989899100 ) ) ;
#4935 = CARTESIAN_POINT ( 'NONE',  ( -10.60839925008270000, -8.513508640916526800, 2.908928557191595900 ) ) ;
#4936 = ORIENTED_EDGE ( 'NONE', *, *, #3343, .T. ) ;
#4937 = CIRCLE ( 'NONE', #2259, 0.1375000000000000400 ) ;
#4938 = ORIENTED_EDGE ( 'NONE', *, *, #3391, .T. ) ;
#4939 = CIRCLE ( 'NONE', #3796, 11.02675172173726100 ) ;
#4940 = AXIS2_PLACEMENT_3D ( 'NONE', #2991, #4841, #1702 ) ;
#4941 = B_SPLINE_CURVE_WITH_KNOTS ( 'NONE', 3,
 ( #6359, #2695, #1485, #6385, #6979, #7570 ),
 .UNSPECIFIED., .F., .F.,
 ( 4, 2, 4 ),
 ( 0.0000000000000000000, 0.0002739485789638394800, 0.0005478971579276789500 ),
 .UNSPECIFIED. ) ;
#4942 = DIRECTION ( 'NONE',  ( 0.0000000000000000000, -1.000000000000000000, 1.133581677370982300E-015 ) ) ;
#4943 = VECTOR ( 'NONE', #2429, 1000.000000000000000 ) ;
#4944 = ORIENTED_EDGE ( 'NONE', *, *, #1700, .T. ) ;
#4945 = CARTESIAN_POINT ( 'NONE',  ( 11.27996010631243200, -2.423611111111112000, 2.862500000000005200 ) ) ;
#4946 = CARTESIAN_POINT ( 'NONE',  ( 10.99009943064561600, -8.513508640916521500, -0.4665988689687435900 ) ) ;
#4947 = CARTESIAN_POINT ( 'NONE',  ( 8.981789061071875600, -0.6693019849751620200, 0.5789941111891902000 ) ) ;
#4948 = CARTESIAN_POINT ( 'NONE',  ( -10.50513904123421600, -0.7035439582883936700, 2.835175690690156600 ) ) ;
#4949 = CARTESIAN_POINT ( 'NONE',  ( -11.84512056720710200, -4.946053714713289500, 0.3333333333333339300 ) ) ;
#4950 = CARTESIAN_POINT ( 'NONE',  ( 8.975257740366252800, -0.8041666666666667000, 0.6668946648426821200 ) ) ;
#4951 = LINE ( 'NONE', #3430, #6189 ) ;
#4952 = ORIENTED_EDGE ( 'NONE', *, *, #5683, .T. ) ;
#4953 = CARTESIAN_POINT ( 'NONE',  ( 10.30337932021115000, -8.416666666666671400, 3.852320675105491700 ) ) ;
#4954 = CARTESIAN_POINT ( 'NONE',  ( 10.99878642144157200, -8.395926587374948000, 0.4767083211261983800 ) ) ;
#4955 = CARTESIAN_POINT ( 'NONE',  ( 11.85315241706704000, -2.423611111111112000, 0.4708333333333341000 ) ) ;
#4956 = DIRECTION ( 'NONE',  ( -0.0000000000000000000, 1.000000000000000000, -0.0000000000000000000 ) ) ;
#4957 = CIRCLE ( 'NONE', #6388, 9.000000000000000000 ) ;
#4958 = CARTESIAN_POINT ( 'NONE',  ( -10.47763955056263000, -8.462559343368626600, 3.002362775106378400 ) ) ;
#4959 = CARTESIAN_POINT ( 'NONE',  ( 10.76336378647493000, -3.189583333333333700, -2.862500000000007400 ) ) ;
#4960 = EDGE_CURVE ( 'NONE', #952, #6733, #3519, .T. ) ;
#4961 = AXIS2_PLACEMENT_3D ( 'NONE', #1513, #5216, #1543 ) ;
#4962 = ORIENTED_EDGE ( 'NONE', *, *, #1405, .F. ) ;
#4963 = CIRCLE ( 'NONE', #6302, 0.1375000000000000400 ) ;
#4964 = EDGE_CURVE ( 'NONE', #4032, #6690, #6842, .T. ) ;
#4965 = CIRCLE ( 'NONE', #5469, 0.1374999999999994000 ) ;
#4966 = CARTESIAN_POINT ( 'NONE',  ( 10.61280096752658500, -8.460059658897515400, 2.898647270027455900 ) ) ;
#4967 = CARTESIAN_POINT ( 'NONE',  ( -11.84512056720710200, -4.946053714713289500, 0.4708333333333339400 ) ) ;
#4968 = CARTESIAN_POINT ( 'NONE',  ( 8.709803200125691100, -0.7029970120965314300, -2.834372874755785700 ) ) ;
#4969 = ADVANCED_FACE ( 'NONE', ( #6650, #5219, #4362 ), #7756, .T. ) ;
#4970 = ORIENTED_EDGE ( 'NONE', *, *, #4721, .F. ) ;
#4971 = CARTESIAN_POINT ( 'NONE',  ( 10.58887856671731400, -8.429460590040090300, 3.000000000000001300 ) ) ;
#4972 = FACE_OUTER_BOUND ( 'NONE', #894, .T. ) ;
#4973 = EDGE_CURVE ( 'NONE', #2809, #6261, #6564, .T. ) ;
#4974 = AXIS2_PLACEMENT_3D ( 'NONE', #1395, #4564, #7566 ) ;
#4975 = CARTESIAN_POINT ( 'NONE',  ( 11.44952640276145700, -5.599234949560552900, 2.894890979170547500 ) ) ;
#4976 = CARTESIAN_POINT ( 'NONE',  ( 10.60154230156092600, -8.630998922817193300, -2.933934756596678000 ) ) ;
#4977 = DIRECTION ( 'NONE',  ( 0.0000000000000000000, 0.0000000000000000000, 1.000000000000000000 ) ) ;
#4978 = VERTEX_POINT ( 'NONE', #1052 ) ;
#4979 = ORIENTED_EDGE ( 'NONE', *, *, #4094, .T. ) ;
#4980 = ORIENTED_EDGE ( 'NONE', *, *, #3034, .F. ) ;
#4981 = DIRECTION ( 'NONE',  ( 0.0000000000000000000, 0.0000000000000000000, -1.000000000000000000 ) ) ;
#4982 = CARTESIAN_POINT ( 'NONE',  ( -13.00000000000000000, -1.010416666666666500, 0.3333333333333342600 ) ) ;
#4983 = DIRECTION ( 'NONE',  ( 0.0000000000000000000, -6.994852725712929000E-017, 1.000000000000000000 ) ) ;
#4984 = CARTESIAN_POINT ( 'NONE',  ( -8.546978422949372600, 2.000000000000000000, -2.819425444596448400 ) ) ;
#4985 = EDGE_CURVE ( 'NONE', #3303, #3676, #3225, .T. ) ;
#4986 = AXIS2_PLACEMENT_3D ( 'NONE', #6131, #3750, #1227 ) ;
#4987 = CARTESIAN_POINT ( 'NONE',  ( -10.28608234034510900, -8.739998103206057000, -3.446685291189147900 ) ) ;
#4988 = VERTEX_POINT ( 'NONE', #5926 ) ;
#4989 = EDGE_LOOP ( 'NONE', ( #4826, #2303, #7859, #4242 ) ) ;
#4990 = B_SPLINE_CURVE_WITH_KNOTS ( 'NONE', 3,
 ( #1966, #219, #7510, #3889 ),
 .UNSPECIFIED., .F., .F.,
 ( 4, 4 ),
 ( 0.0000000000000000000, 0.003483735564003911200 ),
 .UNSPECIFIED. ) ;
#4991 = CARTESIAN_POINT ( 'NONE',  ( -10.61118938525953000, -1.657638888888889300, 2.898734177215196400 ) ) ;
#4992 = CARTESIAN_POINT ( 'NONE',  ( 8.307961375826321800, -8.416666666666671400, -3.666666666666675800 ) ) ;
#4993 = CARTESIAN_POINT ( 'NONE',  ( -10.48446196509748200, -8.416666666666710500, -2.999999999999334800 ) ) ;
#4994 = ORIENTED_EDGE ( 'NONE', *, *, #6831, .T. ) ;
#4995 = CARTESIAN_POINT ( 'NONE',  ( 0.0000000000000000000, 0.5403851024289089100, 0.0000000000000000000 ) ) ;
#4996 = ORIENTED_EDGE ( 'NONE', *, *, #851, .T. ) ;
#4997 = AXIS2_PLACEMENT_3D ( 'NONE', #5811, #1498, #2122 ) ;
#4998 = CARTESIAN_POINT ( 'NONE',  ( 0.0000000000000000000, -4.889079012875070500, 0.0000000000000000000 ) ) ;
#4999 = ORIENTED_EDGE ( 'NONE', *, *, #6790, .F. ) ;
#5000 = CARTESIAN_POINT ( 'NONE',  ( -9.000004262152272000, -8.887583965055077000, 0.1206666470992701200 ) ) ;
#5001 = CARTESIAN_POINT ( 'NONE',  ( -10.63933082173412000, -8.323592968122447600, 2.897221634347988000 ) ) ;
#5002 = ORIENTED_EDGE ( 'NONE', *, *, #2301, .F. ) ;
#5003 = EDGE_CURVE ( 'NONE', #4012, #172, #6772, .T. ) ;
#5004 = CIRCLE ( 'NONE', #1290, 0.1374999999999998200 ) ;
#5005 = ORIENTED_EDGE ( 'NONE', *, *, #4852, .F. ) ;
#5006 = CYLINDRICAL_SURFACE ( 'NONE', #2481, 0.3437499999999998900 ) ;
#5007 = ADVANCED_FACE ( 'NONE', ( #3883 ), #4282, .T. ) ;
#5008 = AXIS2_PLACEMENT_3D ( 'NONE', #5633, #2596, #7500 ) ;
#5009 = CARTESIAN_POINT ( 'NONE',  ( 8.993351785629288400, -0.8339761393723779100, -0.3693515232005781200 ) ) ;
#5010 = CARTESIAN_POINT ( 'NONE',  ( 11.50918407236290600, -4.927471393459656600, -3.000000000000008400 ) ) ;
#5011 = ORIENTED_EDGE ( 'NONE', *, *, #1482, .T. ) ;
#5012 = CARTESIAN_POINT ( 'NONE',  ( -10.58113715611288800, -8.491041670269718000, 3.008349072869106700 ) ) ;
#5013 = DIRECTION ( 'NONE',  ( 0.0000000000000000000, 1.000000000000000000, 0.0000000000000000000 ) ) ;
#5014 = FACE_OUTER_BOUND ( 'NONE', #208, .T. ) ;
#5015 = CARTESIAN_POINT ( 'NONE',  ( 10.48990864937905500, -8.372213980322987600, -3.000000000000009800 ) ) ;
#5016 = VERTEX_POINT ( 'NONE', #2493 ) ;
#5017 = CARTESIAN_POINT ( 'NONE',  ( 0.0000000000000000000, -1.734723475976807100E-015, 13.00000000000000000 ) ) ;
#5018 = DIRECTION ( 'NONE',  ( 1.000000000000000000, 0.0000000000000000000, 0.0000000000000000000 ) ) ;
#5019 = EDGE_CURVE ( 'NONE', #3764, #762, #789, .T. ) ;
#5020 = EDGE_LOOP ( 'NONE', ( #2906, #7223 ) ) ;
#5021 =( BOUNDED_SURFACE ( )  B_SPLINE_SURFACE ( 3, 2, ( 
 ( #5112, #6934, #5087 ),
 ( #5713, #6984, #5065 ),
 ( #5661, #3906, #6901 ),
 ( #4478, #1407, #1435 ) ),
 .UNSPECIFIED., .F., .F., .F. ) 
 B_SPLINE_SURFACE_WITH_KNOTS ( ( 4, 4 ),
 ( 3, 3 ),
 ( 0.0000000000000000000, 0.003483735564004300300 ),
 ( 0.0000000000000000000, 1.000000000000000000 ),
 .UNSPECIFIED. ) 
 GEOMETRIC_REPRESENTATION_ITEM ( )  RATIONAL_B_SPLINE_SURFACE ( (
 ( 1.000000000000000000, 0.7848802522875119000, 1.000000000000000000),
 ( 1.000000000000000000, 0.7868760636724369000, 1.000000000000000000),
 ( 1.000000000000000000, 0.7890241995345158600, 1.000000000000000000),
 ( 1.000000000000000000, 0.7913662164498399500, 1.000000000000000000) ) ) 
 REPRESENTATION_ITEM ( '' )  SURFACE ( )  );
#5022 = CYLINDRICAL_SURFACE ( 'NONE', #6877, 0.3333333333333338100 ) ;
#5023 = CARTESIAN_POINT ( 'NONE',  ( 0.0000000000000000000, -0.6666666666666666300, -1.677125235563511000E-017 ) ) ;
#5024 = EDGE_LOOP ( 'NONE', ( #3365, #5461, #1449, #6316 ) ) ;
#5025 = CARTESIAN_POINT ( 'NONE',  ( 10.85229109886146600, -0.9195773992337619200, -0.3333333333324776700 ) ) ;
#5026 = CARTESIAN_POINT ( 'NONE',  ( 10.61767390761382400, -0.9011474043018602400, -2.875171010515153600 ) ) ;
#5027 = CIRCLE ( 'NONE', #4200, 0.1375000000000008400 ) ;
#5028 = CARTESIAN_POINT ( 'NONE',  ( 10.76336378647493100, -1.932638888888889200, 3.000000000000005800 ) ) ;
#5029 = CARTESIAN_POINT ( 'NONE',  ( -11.50286227961425400, -2.345856531480290400, 0.4759924340988627200 ) ) ;
#5030 = ORIENTED_EDGE ( 'NONE', *, *, #2837, .T. ) ;
#5031 = DIRECTION ( 'NONE',  ( 0.0000000000000000000, 0.0000000000000000000, 1.000000000000000000 ) ) ;
#5032 = LINE ( 'NONE', #7451, #136 ) ;
#5033 = EDGE_CURVE ( 'NONE', #2925, #2066, #4939, .T. ) ;
#5034 = EDGE_CURVE ( 'NONE', #4803, #5934, #6950, .T. ) ;
#5035 = CARTESIAN_POINT ( 'NONE',  ( -8.182944173180523300, -2.168404344971008900E-015, 3.746922024623798200 ) ) ;
#5036 = FACE_OUTER_BOUND ( 'NONE', #6691, .T. ) ;
#5037 =( NAMED_UNIT ( * ) SI_UNIT ( $, .STERADIAN. ) SOLID_ANGLE_UNIT ( ) );
#5038 = CARTESIAN_POINT ( 'NONE',  ( 10.85229110474936600, -1.657638888888889300, 0.3333333333333342000 ) ) ;
#5039 = EDGE_LOOP ( 'NONE', ( #3922, #5930, #3573, #3452 ) ) ;
#5040 = CARTESIAN_POINT ( 'NONE',  ( 10.57528524266560200, -8.580868298868095300, -3.028773188234276300 ) ) ;
#5041 = CARTESIAN_POINT ( 'NONE',  ( 11.60776418017886200, -4.976882328835224600, -3.000000000000008900 ) ) ;
#5042 = CARTESIAN_POINT ( 'NONE',  ( -10.61618999397229000, -8.432806995708144600, -2.898464790936383700 ) ) ;
#5043 = CARTESIAN_POINT ( 'NONE',  ( 10.99821574614052400, -8.850286818656744700, -0.2155399902680530400 ) ) ;
#5044 = CARTESIAN_POINT ( 'NONE',  ( 11.99054406784442500, 0.0000000000000000000, 0.4762908324552169200 ) ) ;
#5045 = LINE ( 'NONE', #5450, #3431 ) ;
#5046 = AXIS2_PLACEMENT_3D ( 'NONE', #3924, #2750, #5157 ) ;
#5047 = B_SPLINE_CURVE_WITH_KNOTS ( 'NONE', 3,
 ( #784, #5164, #380, #2170, #5867, #7015 ),
 .UNSPECIFIED., .F., .F.,
 ( 4, 2, 4 ),
 ( 0.0000000000000000000, 0.0002148867765913275800, 0.0004297735531826551700 ),
 .UNSPECIFIED. ) ;
#5048 = CARTESIAN_POINT ( 'NONE',  ( -8.424857674809754100, -8.888340622071865500, -3.168263745426629800 ) ) ;
#5049 = CARTESIAN_POINT ( 'NONE',  ( -11.98240646594245500, -4.985544295228612200, -0.3333333333333340900 ) ) ;
#5050 = DIRECTION ( 'NONE',  ( -0.0000000000000000000, 1.000000000000000000, -0.0000000000000000000 ) ) ;
#5051 = ADVANCED_FACE ( 'NONE', ( #3323 ), #43, .T. ) ;
#5052 = FACE_OUTER_BOUND ( 'NONE', #1712, .T. ) ;
#5053 = ORIENTED_EDGE ( 'NONE', *, *, #1113, .T. ) ;
#5054 = CARTESIAN_POINT ( 'NONE',  ( 10.99602210792510000, -2.360263922826956900, 3.000000000000005300 ) ) ;
#5055 = CARTESIAN_POINT ( 'NONE',  ( -11.85315241706703800, -1.976045895013905900E-017, -0.4708333333333341600 ) ) ;
#5056 = DIRECTION ( 'NONE',  ( 0.0000000000000000000, -1.000000000000000000, 1.219727444046190300E-016 ) ) ;
#5057 = CARTESIAN_POINT ( 'NONE',  ( 10.99461707163491800, -0.8276852542833038600, 0.3718471929082537400 ) ) ;
#5058 = CARTESIAN_POINT ( 'NONE',  ( 8.307961375826334200, -8.673617379884035500E-016, -3.804166666666663100 ) ) ;
#5059 = CARTESIAN_POINT ( 'NONE',  ( -11.58231635265494200, -2.415849958785615000, 0.4726904231412449900 ) ) ;
#5060 = CARTESIAN_POINT ( 'NONE',  ( 11.97716594857773000, -4.984036849272101200, -0.4760820234339754900 ) ) ;
#5061 = TOROIDAL_SURFACE ( 'NONE', #5733, 10.78999999999999900, 0.2099999999999999900 ) ;
#5062 = CYLINDRICAL_SURFACE ( 'NONE', #4344, 0.3333333333333330400 ) ;
#5063 = DIRECTION ( 'NONE',  ( 0.0000000000000000000, 0.0000000000000000000, 1.000000000000000000 ) ) ;
#5064 = CARTESIAN_POINT ( 'NONE',  ( -8.307961375826336000, -8.416666666666669600, 3.666666666666674100 ) ) ;
#5065 = CARTESIAN_POINT ( 'NONE',  ( -11.17389283083153200, -6.059485968717448900, 3.000000000000002700 ) ) ;
#5066 = EDGE_LOOP ( 'NONE', ( #5092, #3177, #3742 ) ) ;
#5067 = CIRCLE ( 'NONE', #1696, 12.92696701773796700 ) ;
#5068 = ORIENTED_EDGE ( 'NONE', *, *, #5786, .F. ) ;
#5069 = ADVANCED_FACE ( 'NONE', ( #4753, #3124 ), #6769, .T. ) ;
#5070 = EDGE_CURVE ( 'NONE', #4524, #6273, #2735, .T. ) ;
#5071 = EDGE_LOOP ( 'NONE', ( #455, #6546, #4723, #2013, #4391, #2789 ) ) ;
#5072 = CARTESIAN_POINT ( 'NONE',  ( 9.125361484468552200, -8.416666666666671400, -0.3333333333333339300 ) ) ;
#5073 = ORIENTED_EDGE ( 'NONE', *, *, #2496, .T. ) ;
#5074 = ORIENTED_EDGE ( 'NONE', *, *, #706, .F. ) ;
#5075 = ORIENTED_EDGE ( 'NONE', *, *, #6187, .T. ) ;
#5076 = CARTESIAN_POINT ( 'NONE',  ( -9.125361484468557500, 2.000000000000000000, 0.4708333333333342700 ) ) ;
#5077 = DIRECTION ( 'NONE',  ( 0.0000000000000000000, 1.204669080539449300E-016, -1.000000000000000000 ) ) ;
#5078 = EDGE_CURVE ( 'NONE', #4712, #7893, #3602, .T. ) ;
#5079 = AXIS2_PLACEMENT_3D ( 'NONE', #3457, #4062, #416 ) ;
#5080 = CARTESIAN_POINT ( 'NONE',  ( -9.137495662123880500, -8.749940389149289300, -0.08718925415700326500 ) ) ;
#5081 = ORIENTED_EDGE ( 'NONE', *, *, #5383, .T. ) ;
#5082 = CARTESIAN_POINT ( 'NONE',  ( -10.99442124812361900, -8.432806995708478600, 0.4767489394126648300 ) ) ;
#5083 = ORIENTED_EDGE ( 'NONE', *, *, #7496, .F. ) ;
#5084 = DIRECTION ( 'NONE',  ( 0.0000000000000000000, 0.0000000000000000000, 1.000000000000000000 ) ) ;
#5085 = ORIENTED_EDGE ( 'NONE', *, *, #7485, .F. ) ;
#5086 = ADVANCED_FACE ( 'NONE', ( #4554 ), #7526, .T. ) ;
#5087 = CARTESIAN_POINT ( 'NONE',  ( -11.50368023849109500, -4.946053714713285900, 3.000000000000003600 ) ) ;
#5088 = CARTESIAN_POINT ( 'NONE',  ( 10.49020956285554500, -8.896529904309227600, -3.312033302130398900 ) ) ;
#5089 = CARTESIAN_POINT ( 'NONE',  ( -10.61280096752659600, -8.460059658897407100, -2.898647270027445700 ) ) ;
#5090 = CARTESIAN_POINT ( 'NONE',  ( -11.55725121491724900, -2.405760623855003600, 0.3333333333333341500 ) ) ;
#5091 = ORIENTED_EDGE ( 'NONE', *, *, #3690, .T. ) ;
#5092 = ORIENTED_EDGE ( 'NONE', *, *, #766, .T. ) ;
#5093 = CARTESIAN_POINT ( 'NONE',  ( -11.01644946929642500, -8.323592968122445900, -0.4765444609626243200 ) ) ;
#5094 = DIRECTION ( 'NONE',  ( 0.0000000000000000000, 0.0000000000000000000, -1.000000000000000000 ) ) ;
#5095 = CARTESIAN_POINT ( 'NONE',  ( 10.66604804961214900, -0.8041666666666669200, -2.689873417721525800 ) ) ;
#5096 = CYLINDRICAL_SURFACE ( 'NONE', #7460, 0.3333333333333330400 ) ;
#5097 = ORIENTED_EDGE ( 'NONE', *, *, #6753, .T. ) ;
#5098 = APPROVAL ( #7503, 'UNSPECIFIED' ) ;
#5099 = ORIENTED_EDGE ( 'NONE', *, *, #1771, .F. ) ;
#5100 = DIRECTION ( 'NONE',  ( 0.0000000000000000000, -1.000000000000000000, 0.0000000000000000000 ) ) ;
#5101 = CARTESIAN_POINT ( 'NONE',  ( 10.85229109567312200, -0.9203900539698020000, 0.3333333333333342600 ) ) ;
#5102 = LINE ( 'NONE', #4073, #504 ) ;
#5103 = ADVANCED_FACE ( 'NONE', ( #1576 ), #3265, .T. ) ;
#5104 = CARTESIAN_POINT ( 'NONE',  ( -11.60587097609033700, -5.071924589751409600, -2.894478176470548700 ) ) ;
#5105 = ORIENTED_EDGE ( 'NONE', *, *, #534, .F. ) ;
#5106 = CARTESIAN_POINT ( 'NONE',  ( -8.546978422949374400, -8.416666666666671400, -2.819425444596447500 ) ) ;
#5107 = COORDINATED_UNIVERSAL_TIME_OFFSET ( 6, 0, .BEHIND. ) ;
#5108 = ORIENTED_EDGE ( 'NONE', *, *, #3894, .F. ) ;
#5109 = EDGE_CURVE ( 'NONE', #5363, #7805, #1765, .T. ) ;
#5110 = CIRCLE ( 'NONE', #1657, 0.1374999999999996200 ) ;
#5111 = AXIS2_PLACEMENT_3D ( 'NONE', #3928, #1357, #2079 ) ;
#5112 = CARTESIAN_POINT ( 'NONE',  ( -11.63191935903349100, -4.984036849272102100, 2.894410177868504500 ) ) ;
#5113 = DIRECTION ( 'NONE',  ( -0.0000000000000000000, 1.000000000000000000, 6.994852725712929000E-017 ) ) ;
#5114 = AXIS2_PLACEMENT_3D ( 'NONE', #1075, #5360, #7633 ) ;
#5115 = CARTESIAN_POINT ( 'NONE',  ( 10.85272318776254300, -8.485227356401077600, -0.3262062889250508800 ) ) ;
#5116 = CARTESIAN_POINT ( 'NONE',  ( 10.51079817684161800, -3.060421652592970200, -3.000000000000007500 ) ) ;
#5117 = ORIENTED_EDGE ( 'NONE', *, *, #623, .F. ) ;
#5118 = ORIENTED_EDGE ( 'NONE', *, *, #5425, .F. ) ;
#5119 =( BOUNDED_SURFACE ( )  B_SPLINE_SURFACE ( 3, 2, ( 
 ( #5951, #7436, #2642 ),
 ( #5203, #5871, #638 ),
 ( #6091, #1777, #7933 ),
 ( #4329, #6062, #4276 ),
 ( #3074, #1209, #4848 ),
 ( #6038, #2395, #1854 ) ),
 .UNSPECIFIED., .F., .F., .F. ) 
 B_SPLINE_SURFACE_WITH_KNOTS ( ( 4, 2, 4 ),
 ( 3, 3 ),
 ( 0.0000000000000000000, 0.0001650261309380982300, 0.0003300522618761964600 ),
 ( 0.0000000000000000000, 1.000000000000000000 ),
 .UNSPECIFIED. ) 
 GEOMETRIC_REPRESENTATION_ITEM ( )  RATIONAL_B_SPLINE_SURFACE ( (
 ( 1.000000000000000000, 0.5859737648376207600, 1.000000000000000000),
 ( 1.000000000000000000, 0.5854751198124318300, 1.000000000000000000),
 ( 1.000000000000000000, 0.6028685804983214800, 1.000000000000000000),
 ( 1.000000000000000000, 0.6506804956036437200, 1.000000000000000000),
 ( 1.000000000000000000, 0.6809090312270690300, 1.000000000000000000),
 ( 1.000000000000000000, 0.7071067811865475700, 1.000000000000000000) ) ) 
 REPRESENTATION_ITEM ( '' )  SURFACE ( )  );
#5120 = CARTESIAN_POINT ( 'NONE',  ( -8.207948841592346100, -8.668407211639282300, -3.693013351545893800 ) ) ;
#5121 = CARTESIAN_POINT ( 'NONE',  ( -13.00000000000000000, -8.416666666666671400, 3.666666666666673200 ) ) ;
#5122 = CARTESIAN_POINT ( 'NONE',  ( 10.85229110474936400, -1.657638888888889300, 0.4708333333333341600 ) ) ;
#5123 = CARTESIAN_POINT ( 'NONE',  ( 11.13504445073644800, -2.327403765699000500, 2.895743790652539000 ) ) ;
#5124 = EDGE_CURVE ( 'NONE', #956, #3285, #5032, .T. ) ;
#5125 = AXIS2_PLACEMENT_3D ( 'NONE', #6954, #2723, #3870 ) ;
#5126 = ADVANCED_FACE ( 'NONE', ( #6468 ), #6929, .T. ) ;
#5127 = ORIENTED_EDGE ( 'NONE', *, *, #1174, .F. ) ;
#5128 = VECTOR ( 'NONE', #5747, 1000.000000000000000 ) ;
#5129 = DIRECTION ( 'NONE',  ( -0.0000000000000000000, 1.000000000000000000, -0.0000000000000000000 ) ) ;
#5130 = CARTESIAN_POINT ( 'NONE',  ( -8.546978422949370800, -1.010416666666667000, 2.819425444596448400 ) ) ;
#5131 = CARTESIAN_POINT ( 'NONE',  ( -8.994773051108381900, -8.507089039417179400, 0.3333333116889057300 ) ) ;
#5132 = CARTESIAN_POINT ( 'NONE',  ( -11.24081407374947100, -6.302240401260161400, -2.895463743170946900 ) ) ;
#5133 = CARTESIAN_POINT ( 'NONE',  ( 2.221449702374167500E-015, 2.000000000000000000, -4.442899404748334200E-015 ) ) ;
#5134 = FACE_OUTER_BOUND ( 'NONE', #7295, .T. ) ;
#5135 = ORIENTED_EDGE ( 'NONE', *, *, #7685, .T. ) ;
#5136 = EDGE_CURVE ( 'NONE', #7939, #1530, #56, .T. ) ;
#5137 = CARTESIAN_POINT ( 'NONE',  ( 10.30337932021115300, -2.168404344971008900E-015, 3.852320675105481000 ) ) ;
#5138 = DIRECTION ( 'NONE',  ( -1.000000000000000000, -0.0000000000000000000, 0.0000000000000000000 ) ) ;
#5139 = CARTESIAN_POINT ( 'NONE',  ( 9.134645823746817300, -8.714714752168713800, -0.1732668058450795000 ) ) ;
#5140 = TOROIDAL_SURFACE ( 'NONE', #1013, 11.13749999999999900, 0.1375000000000000100 ) ;
#5141 = CARTESIAN_POINT ( 'NONE',  ( -10.99602200798088300, -2.082367656444743500E-015, 2.862500000000006000 ) ) ;
#5142 = CARTESIAN_POINT ( 'NONE',  ( 10.99104906294255500, -8.618599726505364000, 0.4442315765039709400 ) ) ;
#5143 = CARTESIAN_POINT ( 'NONE',  ( 8.410200246930845200, -8.715947916215444700, 3.503524139595186200 ) ) ;
#5144 = DIRECTION ( 'NONE',  ( 0.0000000000000000000, 0.0000000000000000000, 1.000000000000000000 ) ) ;
#5145 = ADVANCED_FACE ( 'NONE', ( #2264 ), #5499, .T. ) ;
#5146 = CARTESIAN_POINT ( 'NONE',  ( 0.0000000000000000000, -2.168404344971008900E-015, 0.0000000000000000000 ) ) ;
#5147 = VECTOR ( 'NONE', #7279, 1000.000000000000000 ) ;
#5148 = CARTESIAN_POINT ( 'NONE',  ( -9.124259987326558600, -0.8307858262893342800, 0.3705958848543573500 ) ) ;
#5149 = CARTESIAN_POINT ( 'NONE',  ( -10.61118938525953000, -2.923124057200122000, -2.898734177215197300 ) ) ;
#5150 = DIRECTION ( 'NONE',  ( -0.0000000000000000000, -1.000000000000000000, 0.0000000000000000000 ) ) ;
#5151 = VERTEX_POINT ( 'NONE', #7632 ) ;
#5152 = CIRCLE ( 'NONE', #6915, 9.000000000000000000 ) ;
#5153 = DIRECTION ( 'NONE',  ( 0.0000000000000000000, -1.000000000000000000, 0.0000000000000000000 ) ) ;
#5154 = ORIENTED_EDGE ( 'NONE', *, *, #921, .F. ) ;
#5155 = DIRECTION ( 'NONE',  ( 1.000000000000000000, 0.0000000000000000000, 0.0000000000000000000 ) ) ;
#5156 = EDGE_CURVE ( 'NONE', #6004, #2298, #1107, .T. ) ;
#5157 = DIRECTION ( 'NONE',  ( 0.0000000000000000000, 0.0000000000000000000, 1.000000000000000000 ) ) ;
#5158 = CARTESIAN_POINT ( 'NONE',  ( 8.468089867384756900, -8.842196839429172800, 3.049630511922774000 ) ) ;
#5159 = CARTESIAN_POINT ( 'NONE',  ( -10.84763140033822600, -0.7038008140556544200, 0.4976635215733681300 ) ) ;
#5160 = AXIS2_PLACEMENT_3D ( 'NONE', #7, #5497, #1826 ) ;
#5161 = ORIENTED_EDGE ( 'NONE', *, *, #6952, .T. ) ;
#5162 = PLANE ( 'NONE',  #5660 ) ;
#5163 = CARTESIAN_POINT ( 'NONE',  ( 8.996119596303479700, -8.594329689046126900, 0.2950094125214598500 ) ) ;
#5164 = CARTESIAN_POINT ( 'NONE',  ( -11.55531163008603800, -2.561111111111113100, 0.3333333333333341500 ) ) ;
#5165 = ORIENTED_EDGE ( 'NONE', *, *, #1009, .T. ) ;
#5166 = CARTESIAN_POINT ( 'NONE',  ( -10.24848643076216500, -8.702521582577755800, 3.523035483127363600 ) ) ;
#5167 = CARTESIAN_POINT ( 'NONE',  ( 8.219692673127198600, -8.519295102614085700, 3.666666569150640600 ) ) ;
#5168 = EDGE_LOOP ( 'NONE', ( #4893, #4406, #1624, #4042 ) ) ;
#5169 = EDGE_CURVE ( 'NONE', #5452, #7523, #6274, .T. ) ;
#5170 = B_SPLINE_CURVE_WITH_KNOTS ( 'NONE', 3,
 ( #5744, #3931, #3360, #5833 ),
 .UNSPECIFIED., .F., .F.,
 ( 4, 4 ),
 ( 0.0000000000000000000, 5.753805055548865900E-005 ),
 .UNSPECIFIED. ) ;
#5171 = CARTESIAN_POINT ( 'NONE',  ( -8.505385363120497600, -0.8000514523514286000, -2.947612183181136400 ) ) ;
#5172 = CARTESIAN_POINT ( 'NONE',  ( -11.50368023849109300, -4.946053714713292100, -3.000000000000008400 ) ) ;
#5173 = CARTESIAN_POINT ( 'NONE',  ( -11.52490872548988700, -6.059245010011914600, 0.3333333333333338700 ) ) ;
#5174 = EDGE_LOOP ( 'NONE', ( #6840, #5757, #5176, #4045 ) ) ;
#5175 = CARTESIAN_POINT ( 'NONE',  ( 11.19712405093564600, -2.402099013295568400, 2.881332463218898400 ) ) ;
#5176 = ORIENTED_EDGE ( 'NONE', *, *, #3557, .F. ) ;
#5177 = CARTESIAN_POINT ( 'NONE',  ( -10.39392563734552200, -8.736264661628450100, 3.208841559198475600 ) ) ;
#5178 = EDGE_CURVE ( 'NONE', #7220, #287, #6745, .T. ) ;
#5179 = CARTESIAN_POINT ( 'NONE',  ( -10.67848506513484400, -1.796948842248234300, 3.000000000000006700 ) ) ;
#5180 = EDGE_CURVE ( 'NONE', #790, #3266, #678, .T. ) ;
#5181 = EDGE_LOOP ( 'NONE', ( #889, #144, #5391, #6527, #1477, #1215, #192, #2587, #5884, #843 ) ) ;
#5182 = ADVANCED_FACE ( 'NONE', ( #7618 ), #4132, .T. ) ;
#5183 = CARTESIAN_POINT ( 'NONE',  ( 11.85315241706704000, -3.189583333333334100, -0.3333333333333341500 ) ) ;
#5184 = DIRECTION ( 'NONE',  ( 0.0000000000000000000, 0.0000000000000000000, 1.000000000000000000 ) ) ;
#5185 = VERTEX_POINT ( 'NONE', #3527 ) ;
#5186 = VERTEX_POINT ( 'NONE', #4157 ) ;
#5187 = CARTESIAN_POINT ( 'NONE',  ( 10.88213377135713100, -1.801348737939951500, 0.3333333333333341500 ) ) ;
#5188 = CARTESIAN_POINT ( 'NONE',  ( 8.988044144874622900, -8.541617964191825500, -0.4637482612204580400 ) ) ;
#5189 = ORIENTED_EDGE ( 'NONE', *, *, #4014, .F. ) ;
#5190 = CARTESIAN_POINT ( 'NONE',  ( -11.49012263724550400, -2.286111111111251800, 0.4765309864319779400 ) ) ;
#5191 = CARTESIAN_POINT ( 'NONE',  ( -11.59704190880909500, -6.305449231632597900, 0.4762557530925589100 ) ) ;
#5192 = ORIENTED_EDGE ( 'NONE', *, *, #4474, .T. ) ;
#5193 = DIRECTION ( 'NONE',  ( 1.000000000000000000, 0.0000000000000000000, 0.0000000000000000000 ) ) ;
#5194 = EDGE_LOOP ( 'NONE', ( #2892, #7568, #4808, #3167 ) ) ;
#5195 = CARTESIAN_POINT ( 'NONE',  ( -10.61362418823682000, -8.315935181604889000, -3.000000000000009800 ) ) ;
#5196 = CARTESIAN_POINT ( 'NONE',  ( -10.61208522088511900, -2.931711494304321400, -2.898516126127057100 ) ) ;
#5197 = CARTESIAN_POINT ( 'NONE',  ( 11.90114266894204000, -5.248319765496039400, -0.4761158730950889000 ) ) ;
#5198 = DIRECTION ( 'NONE',  ( -0.0000000000000000000, 1.000000000000000000, -1.219727444046190300E-016 ) ) ;
#5199 = B_SPLINE_CURVE_WITH_KNOTS ( 'NONE', 3,
 ( #2535, #34, #6169, #88 ),
 .UNSPECIFIED., .F., .F.,
 ( 4, 4 ),
 ( 8.673617379884035500E-019, 0.003474992711863935100 ),
 .UNSPECIFIED. ) ;
#5200 = FACE_OUTER_BOUND ( 'NONE', #3322, .T. ) ;
#5201 = CARTESIAN_POINT ( 'NONE',  ( -11.64538703909961900, -4.889079012875070500, 2.895679662802954200 ) ) ;
#5202 = ORIENTED_EDGE ( 'NONE', *, *, #2475, .T. ) ;
#5203 = CARTESIAN_POINT ( 'NONE',  ( 8.677557336357484300, -0.9179406142420276600, 3.000000000000005800 ) ) ;
#5204 = CARTESIAN_POINT ( 'NONE',  ( 11.00252659384255900, -1.717636953890532900, 0.4762242767762142100 ) ) ;
#5205 = CARTESIAN_POINT ( 'NONE',  ( -10.99588597501946900, -1.657638888889021700, 0.3333333333333340900 ) ) ;
#5206 = CARTESIAN_POINT ( 'NONE',  ( -8.550773367748181600, -8.751101466636544800, 3.255875621616706600 ) ) ;
#5207 = VERTEX_POINT ( 'NONE', #6510 ) ;
#5208 = DIRECTION ( 'NONE',  ( 0.0000000000000000000, -1.000000000000000000, 0.0000000000000000000 ) ) ;
#5209 = CIRCLE ( 'NONE', #3609, 11.00000000000000000 ) ;
#5210 = DIRECTION ( 'NONE',  ( -0.0000000000000000000, 1.000000000000000000, -0.0000000000000000000 ) ) ;
#5211 = VERTEX_POINT ( 'NONE', #460 ) ;
#5212 = EDGE_CURVE ( 'NONE', #3510, #304, #5331, .T. ) ;
#5213 = CARTESIAN_POINT ( 'NONE',  ( -8.546978422949385000, -1.010416666666661400, 2.819425444596484800 ) ) ;
#5214 = FACE_OUTER_BOUND ( 'NONE', #3547, .T. ) ;
#5215 = AXIS2_PLACEMENT_3D ( 'NONE', #1140, #5426, #6042 ) ;
#5216 = DIRECTION ( 'NONE',  ( 1.000000000000000000, 0.0000000000000000000, 0.0000000000000000000 ) ) ;
#5217 = EDGE_LOOP ( 'NONE', ( #5632, #3461, #2138, #1804 ) ) ;
#5218 = CARTESIAN_POINT ( 'NONE',  ( 10.63933082173412200, -8.323592968122440500, 2.897221634347988000 ) ) ;
#5219 = FACE_BOUND ( 'NONE', #2972, .T. ) ;
#5220 = AXIS2_PLACEMENT_3D ( 'NONE', #1914, #5731, #4493 ) ;
#5221 = CARTESIAN_POINT ( 'NONE',  ( -10.55812457632188900, -8.659443784076133400, 3.088491948480693400 ) ) ;
#5222 = CARTESIAN_POINT ( 'NONE',  ( 11.55531270047131400, -2.561111111112384500, 0.3333333333333341500 ) ) ;
#5223 = ADVANCED_FACE ( 'NONE', ( #2544 ), #908, .T. ) ;
#5224 = B_SPLINE_CURVE_WITH_KNOTS ( 'NONE', 3,
 ( #4681, #5327, #5915, #1626 ),
 .UNSPECIFIED., .F., .F.,
 ( 4, 4 ),
 ( 8.673617379884035500E-019, 5.757178801746738900E-005 ),
 .UNSPECIFIED. ) ;
#5225 = CYLINDRICAL_SURFACE ( 'NONE', #6555, 0.1375000000000000400 ) ;
#5226 = VERTEX_POINT ( 'NONE', #7131 ) ;
#5227 = CARTESIAN_POINT ( 'NONE',  ( -10.99442124812328300, -8.432806995708313400, -0.4767489394116605800 ) ) ;
#5228 = CARTESIAN_POINT ( 'NONE',  ( -10.48446196509712500, -8.416666666666671400, -3.000000000000009800 ) ) ;
#5229 = CARTESIAN_POINT ( 'NONE',  ( 8.335605070984645000, -8.600183161333149000, 3.624370521968920800 ) ) ;
#5230 = CARTESIAN_POINT ( 'NONE',  ( -11.98240646594245900, -4.985544295228606000, 0.3333333333333322000 ) ) ;
#5231 = DIRECTION ( 'NONE',  ( 0.0000000000000000000, 0.0000000000000000000, 1.000000000000000000 ) ) ;
#5232 = EDGE_CURVE ( 'NONE', #2733, #5394, #5496, .T. ) ;
#5233 = AXIS2_PLACEMENT_3D ( 'NONE', #5762, #3299, #6386 ) ;
#5234 = VECTOR ( 'NONE', #2650, 1000.000000000000000 ) ;
#5235 = CARTESIAN_POINT ( 'NONE',  ( -10.75051468820332600, -1.795138888888889100, 2.865493715380849500 ) ) ;
#5236 = CARTESIAN_POINT ( 'NONE',  ( 10.61118938525953000, -1.010416666666666500, -2.898734177215196400 ) ) ;
#5237 = CARTESIAN_POINT ( 'NONE',  ( -10.99588602207179600, -1.692245507054151300, 0.3333333333333479100 ) ) ;
#5238 = CARTESIAN_POINT ( 'NONE',  ( 8.677557225743983700, -8.507649578631788500, -3.000000000000004400 ) ) ;
#5239 = B_SPLINE_CURVE_WITH_KNOTS ( 'NONE', 3,
 ( #6997, #5149, #5196, #7704, #4060, #2829, #4645, #969, #1028, #4135, #7809, #2793, #6516, #1642, #4092, #6538 ),
 .UNSPECIFIED., .F., .F.,
 ( 4, 3, 3, 3, 3, 4 ),
 ( 0.0000000000000000000, 2.562217160036452300E-005, 7.355464501385573000E-005, 0.0001246412911721412900, 0.0001780675051902918200, 0.0002322842314667314700 ),
 .UNSPECIFIED. ) ;
#5240 = FACE_OUTER_BOUND ( 'NONE', #6518, .T. ) ;
#5241 = EDGE_CURVE ( 'NONE', #2111, #5016, #3873, .T. ) ;
#5242 = AXIS2_PLACEMENT_3D ( 'NONE', #526, #5421, #2940 ) ;
#5243 = ORIENTED_EDGE ( 'NONE', *, *, #5479, .T. ) ;
#5244 = CARTESIAN_POINT ( 'NONE',  ( -11.00055430151967100, -8.433532612369525300, -0.3333333333333320400 ) ) ;
#5245 = CARTESIAN_POINT ( 'NONE',  ( -10.98966187822720600, -1.657638888888889300, 0.4767932489451486300 ) ) ;
#5246 = FACE_OUTER_BOUND ( 'NONE', #441, .T. ) ;
#5247 = CARTESIAN_POINT ( 'NONE',  ( -8.990829321638587500, -8.660360344359146400, 0.4152758477249123300 ) ) ;
#5248 = CARTESIAN_POINT ( 'NONE',  ( 11.64538703909961900, -4.921373980271975600, -2.895679662802958600 ) ) ;
#5249 = CARTESIAN_POINT ( 'NONE',  ( 8.659744698434856500, -8.596256408623185400, 3.038941946968296600 ) ) ;
#5250 = LINE ( 'NONE', #6007, #164 ) ;
#5251 = DIRECTION ( 'NONE',  ( -0.0000000000000000000, 1.000000000000000000, 0.0000000000000000000 ) ) ;
#5252 = AXIS2_PLACEMENT_3D ( 'NONE', #4563, #2658, #7640 ) ;
#5253 = ORIENTED_EDGE ( 'NONE', *, *, #37, .T. ) ;
#5254 = CARTESIAN_POINT ( 'NONE',  ( 10.86249797557174400, -8.749966934388306000, 0.07648574569398380900 ) ) ;
#5255 = FACE_OUTER_BOUND ( 'NONE', #3898, .T. ) ;
#5256 = CARTESIAN_POINT ( 'NONE',  ( 11.98240646594245700, -4.985544295228606900, -0.3333333333333323200 ) ) ;
#5257 = CARTESIAN_POINT ( 'NONE',  ( 11.62797154374823300, -2.423611111112465200, 0.4708333333333403200 ) ) ;
#5258 = CARTESIAN_POINT ( 'NONE',  ( 11.63272518109530500, -2.423611111111112000, 0.4708333333333341000 ) ) ;
#5259 = VERTEX_POINT ( 'NONE', #1666 ) ;
#5260 = ORIENTED_EDGE ( 'NONE', *, *, #6479, .T. ) ;
#5261 = CARTESIAN_POINT ( 'NONE',  ( 8.546978422949383300, -1.010416666666660700, -2.819425444596485700 ) ) ;
#5262 = DIRECTION ( 'NONE',  ( 0.0000000000000000000, -1.000000000000000000, 0.0000000000000000000 ) ) ;
#5263 = CARTESIAN_POINT ( 'NONE',  ( -10.85229110474936600, -1.657638888888889300, 0.4708333333333341600 ) ) ;
#5264 = EDGE_LOOP ( 'NONE', ( #2092, #4127, #4508, #4605 ) ) ;
#5265 = EDGE_CURVE ( 'NONE', #4523, #2679, #3315, .T. ) ;
#5266 = ADVANCED_FACE ( 'NONE', ( #4460 ), #2834, .T. ) ;
#5267 =( BOUNDED_SURFACE ( )  B_SPLINE_SURFACE ( 3, 2, ( 
 ( #4156, #7160, #4800 ),
 ( #3498, #6630, #1738 ),
 ( #2353, #5946, #1049 ),
 ( #7258, #3597, #7780 ) ),
 .UNSPECIFIED., .F., .F., .F. ) 
 B_SPLINE_SURFACE_WITH_KNOTS ( ( 4, 4 ),
 ( 3, 3 ),
 ( 0.0000000000000000000, 5.753805055549773900E-005 ),
 ( 0.0000000000000000000, 1.000000000000000000 ),
 .UNSPECIFIED. ) 
 GEOMETRIC_REPRESENTATION_ITEM ( )  RATIONAL_B_SPLINE_SURFACE ( (
 ( 1.000000000000000000, 0.6934795268639771800, 1.000000000000000000),
 ( 1.000000000000000000, 0.6931150983388371100, 1.000000000000000000),
 ( 1.000000000000000000, 0.6929326307969598800, 1.000000000000000000),
 ( 1.000000000000000000, 0.6929318499302072900, 1.000000000000000000) ) ) 
 REPRESENTATION_ITEM ( '' )  SURFACE ( )  );
#5268 = PLANE ( 'NONE',  #2896 ) ;
#5269 = CARTESIAN_POINT ( 'NONE',  ( -10.61660321201027700, -1.903920041993628400, 3.000000000000006200 ) ) ;
#5270 = ADVANCED_FACE ( 'NONE', ( #1006 ), #5403, .T. ) ;
#5271 = ORIENTED_EDGE ( 'NONE', *, *, #2950, .F. ) ;
#5272 = CARTESIAN_POINT ( 'NONE',  ( -8.579141765853455200, -0.8252360897716858300, 2.720278734354637100 ) ) ;
#5273 = ORIENTED_EDGE ( 'NONE', *, *, #878, .F. ) ;
#5274 = CARTESIAN_POINT ( 'NONE',  ( -10.99714006944157100, -8.466937863398335700, -0.3299609425071137200 ) ) ;
#5275 = CARTESIAN_POINT ( 'NONE',  ( -11.24222333456185700, -2.432094863375146200, 3.000000000000005300 ) ) ;
#5276 = VERTEX_POINT ( 'NONE', #6485 ) ;
#5277 = EDGE_CURVE ( 'NONE', #3628, #1822, #3511, .T. ) ;
#5278 = AXIS2_PLACEMENT_3D ( 'NONE', #501, #5964, #4791 ) ;
#5279 = B_SPLINE_CURVE_WITH_KNOTS ( 'NONE', 3,
 ( #3893, #7642, #2746, #5784 ),
 .UNSPECIFIED., .F., .F.,
 ( 4, 4 ),
 ( 0.0000000000000000000, 8.145217968611347400E-005 ),
 .UNSPECIFIED. ) ;
#5280 = ORIENTED_EDGE ( 'NONE', *, *, #3734, .F. ) ;
#5281 = CARTESIAN_POINT ( 'NONE',  ( -10.99922914623931200, -8.722022313091773800, -0.1538719739926356100 ) ) ;
#5282 = CARTESIAN_POINT ( 'NONE',  ( 11.64538703909961700, -2.561111111111112200, 2.895679662802955500 ) ) ;
#5283 = CARTESIAN_POINT ( 'NONE',  ( -8.332264246354546000, -8.886538328276220300, 3.404304582604484400 ) ) ;
#5284 = CARTESIAN_POINT ( 'NONE',  ( 11.50943888180098000, -2.354913114858993700, 0.3333333333333341500 ) ) ;
#5285 = DIRECTION ( 'NONE',  ( 0.0000000000000000000, -1.197737727947162700E-016, -1.000000000000000000 ) ) ;
#5286 = ORIENTED_EDGE ( 'NONE', *, *, #5375, .T. ) ;
#5287 = ADVANCED_FACE ( 'NONE', ( #3682 ), #7146, .T. ) ;
#5288 = ORIENTED_EDGE ( 'NONE', *, *, #253, .T. ) ;
#5289 = CARTESIAN_POINT ( 'NONE',  ( -10.61404070231699700, -1.687946400363934000, 2.898039709481382300 ) ) ;
#5290 = EDGE_CURVE ( 'NONE', #6036, #5363, #813, .T. ) ;
#5291 = CARTESIAN_POINT ( 'NONE',  ( -10.62846983403192200, -1.730558058199658200, 2.894512376774448700 ) ) ;
#5292 = EDGE_CURVE ( 'NONE', #1164, #1741, #1473, .T. ) ;
#5293 = CARTESIAN_POINT ( 'NONE',  ( 10.48047654634731400, -8.439694462153896700, -3.000000000000004400 ) ) ;
#5294 = CIRCLE ( 'NONE', #1047, 0.1374999999999995400 ) ;
#5295 = CARTESIAN_POINT ( 'NONE',  ( -11.00923584854922200, -1.726381162288296700, 0.3333333333333810000 ) ) ;
#5296 = DIRECTION ( 'NONE',  ( 0.0000000000000000000, -1.000000000000000000, 1.219727444046190300E-016 ) ) ;
#5297 = ORIENTED_EDGE ( 'NONE', *, *, #229, .F. ) ;
#5298 = CARTESIAN_POINT ( 'NONE',  ( -8.988044143389004100, -1.010416666666666500, 0.4637482900136808400 ) ) ;
#5299 = B_SPLINE_CURVE_WITH_KNOTS ( 'NONE', 3,
 ( #6747, #4966, #4323, #1234 ),
 .UNSPECIFIED., .F., .F.,
 ( 4, 4 ),
 ( 0.0000000000000000000, 8.174926075450679200E-005 ),
 .UNSPECIFIED. ) ;
#5300 = CARTESIAN_POINT ( 'NONE',  ( -11.99054406774485500, -4.921343975277614500, 0.4762908349618778000 ) ) ;
#5301 = VERTEX_POINT ( 'NONE', #7781 ) ;
#5302 = CIRCLE ( 'NONE', #2524, 11.50000000000000000 ) ;
#5303 = CARTESIAN_POINT ( 'NONE',  ( 11.85315241706703800, -4.889079012875070500, 0.3333333333333339800 ) ) ;
#5304 = ORIENTED_EDGE ( 'NONE', *, *, #5395, .T. ) ;
#5305 = CARTESIAN_POINT ( 'NONE',  ( 8.611334613699362700, -0.8041666666666669200, 2.616279069767447400 ) ) ;
#5306 = LINE ( 'NONE', #6565, #4830 ) ;
#5307 = CARTESIAN_POINT ( 'NONE',  ( -10.88442328056748900, -8.285609833563631500, -0.3333333333333339300 ) ) ;
#5308 = CARTESIAN_POINT ( 'NONE',  ( -10.51931185064271400, -0.6666666666666667400, -2.744877493646899100 ) ) ;
#5309 = CARTESIAN_POINT ( 'NONE',  ( -13.00000000000000000, -3.189583333333334100, -2.862500000000007400 ) ) ;
#5310 = VERTEX_POINT ( 'NONE', #6679 ) ;
#5311 = ADVANCED_FACE ( 'NONE', ( #1675 ), #619, .T. ) ;
#5312 = VECTOR ( 'NONE', #7299, 1000.000000000000000 ) ;
#5313 = DIRECTION ( 'NONE',  ( 0.0000000000000000000, -1.000000000000000000, 0.0000000000000000000 ) ) ;
#5314 = CARTESIAN_POINT ( 'NONE',  ( -8.182944173180519700, -8.416666666666671400, 3.746922024623809300 ) ) ;
#5315 = DIRECTION ( 'NONE',  ( -0.0000000000000000000, 1.000000000000000000, -0.0000000000000000000 ) ) ;
#5316 = CARTESIAN_POINT ( 'NONE',  ( 0.0000000000000000000, -2.561111111111112200, 0.0000000000000000000 ) ) ;
#5317 = DIRECTION ( 'NONE',  ( 1.000000000000000000, 0.0000000000000000000, 0.0000000000000000000 ) ) ;
#5318 = EDGE_LOOP ( 'NONE', ( #7132, #5789, #1899, #7615 ) ) ;
#5319 = EDGE_CURVE ( 'NONE', #1741, #3628, #6168, .T. ) ;
#5320 = B_SPLINE_CURVE_WITH_KNOTS ( 'NONE', 3,
 ( #171, #1502, #7541, #5177, #2127, #5677, #4467, #7592, #7028, #251 ),
 .UNSPECIFIED., .F., .F.,
 ( 4, 2, 2, 2, 4 ),
 ( 0.0000000000000000000, 0.0002583868314557802500, 0.0005167736629115604900, 0.0007751604943673406800, 0.001033547325823121000 ),
 .UNSPECIFIED. ) ;
#5321 = ORIENTED_EDGE ( 'NONE', *, *, #5637, .T. ) ;
#5322 = DESIGN_CONTEXT ( 'detailed design', #2032, 'design' ) ;
#5323 = VECTOR ( 'NONE', #4472, 1000.000000000000000 ) ;
#5324 = CARTESIAN_POINT ( 'NONE',  ( -10.73758734082259800, -1.793645214939529700, 2.868522453775086000 ) ) ;
#5325 = CARTESIAN_POINT ( 'NONE',  ( -8.677557259966651100, -8.416666666666671400, 3.000000000000000900 ) ) ;
#5326 = CARTESIAN_POINT ( 'NONE',  ( -11.17066623817267300, -2.382034319531307200, 2.887444138297970300 ) ) ;
#5327 = CARTESIAN_POINT ( 'NONE',  ( 11.51195031260993700, -4.908269608880892100, -3.000000000000008400 ) ) ;
#5328 = LINE ( 'NONE', #2670, #334 ) ;
#5329 = CARTESIAN_POINT ( 'NONE',  ( 0.0000000000000000000, -3.052083333333333900, 0.0000000000000000000 ) ) ;
#5330 = ORIENTED_EDGE ( 'NONE', *, *, #197, .F. ) ;
#5331 = CIRCLE ( 'NONE', #2160, 0.1375000000000008400 ) ;
#5332 = ADVANCED_FACE ( 'NONE', ( #2534 ), #4102, .T. ) ;
#5333 = EDGE_CURVE ( 'NONE', #4034, #7494, #7419, .T. ) ;
#5334 = CARTESIAN_POINT ( 'NONE',  ( 0.0000000000000000000, -2.168404344971008900E-015, 0.0000000000000000000 ) ) ;
#5335 = CARTESIAN_POINT ( 'NONE',  ( 10.85243897038250800, -8.462677838221692300, 0.3309456534684259700 ) ) ;
#5336 = LINE ( 'NONE', #3307, #7914 ) ;
#5337 = DIRECTION ( 'NONE',  ( 0.1174929980089023500, 0.9930737109695735300, 2.964623445948205100E-015 ) ) ;
#5338 = CARTESIAN_POINT ( 'NONE',  ( 11.58256155259385500, -2.416843670013757000, 0.4726787823449061200 ) ) ;
#5339 = EDGE_LOOP ( 'NONE', ( #6910, #2698, #198, #1791 ) ) ;
#5340 = CARTESIAN_POINT ( 'NONE',  ( -10.47854951794378300, -2.082367656444743500E-015, 2.862500000000006000 ) ) ;
#5341 = CIRCLE ( 'NONE', #7882, 0.1375000000000003400 ) ;
#5342 = DIRECTION ( 'NONE',  ( 0.0000000000000000000, -1.000000000000000000, 0.0000000000000000000 ) ) ;
#5343 = CARTESIAN_POINT ( 'NONE',  ( -8.307961388645564300, -8.508970784607724300, 3.666666666666673200 ) ) ;
#5344 = ORIENTED_EDGE ( 'NONE', *, *, #2523, .F. ) ;
#5345 = DIRECTION ( 'NONE',  ( -1.000000000000000000, 0.0000000000000000000, 0.0000000000000000000 ) ) ;
#5346 = EDGE_CURVE ( 'NONE', #1064, #2788, #7335, .T. ) ;
#5347 = VECTOR ( 'NONE', #7796, 1000.000000000000000 ) ;
#5348 = CARTESIAN_POINT ( 'NONE',  ( 8.979268836714899400, -0.8041666666666665900, 0.6129121913751011100 ) ) ;
#5349 = ADVANCED_FACE ( 'NONE', ( #2057 ), #2255, .T. ) ;
#5350 = CARTESIAN_POINT ( 'NONE',  ( -10.84477794918032400, -0.6666666666666667400, 0.5863352795221855600 ) ) ;
#5351 = DIRECTION ( 'NONE',  ( 0.0000000000000000000, 0.0000000000000000000, 1.000000000000000000 ) ) ;
#5352 = VERTEX_POINT ( 'NONE', #2355 ) ;
#5353 = FACE_OUTER_BOUND ( 'NONE', #4627, .T. ) ;
#5354 = AXIS2_PLACEMENT_3D ( 'NONE', #1728, #2966, #7251 ) ;
#5355 = FACE_OUTER_BOUND ( 'NONE', #1083, .T. ) ;
#5356 = CARTESIAN_POINT ( 'NONE',  ( 10.24982962790655000, -8.704137476356095200, 3.520333720332989600 ) ) ;
#5357 = CARTESIAN_POINT ( 'NONE',  ( 10.41628591300797900, -8.873372328059451400, 3.537663771294607100 ) ) ;
#5358 = DIRECTION ( 'NONE',  ( 1.000000000000000000, -0.0000000000000000000, -0.0000000000000000000 ) ) ;
#5359 = ORIENTED_EDGE ( 'NONE', *, *, #93, .F. ) ;
#5360 = DIRECTION ( 'NONE',  ( 1.000000000000000000, 0.0000000000000000000, -1.224646799147353200E-016 ) ) ;
#5361 = CARTESIAN_POINT ( 'NONE',  ( -11.00000000000000000, -3.052083333333333900, 7.681258945454893400E-014 ) ) ;
#5362 = CARTESIAN_POINT ( 'NONE',  ( 10.76336378647493000, -1.795138888888889300, 2.862500000000005200 ) ) ;
#5363 = VERTEX_POINT ( 'NONE', #6705 ) ;
#5364 = CARTESIAN_POINT ( 'NONE',  ( 11.85315241706704400, -4.889079012875070500, -0.3333333333333340900 ) ) ;
#5365 = ORIENTED_EDGE ( 'NONE', *, *, #1024, .T. ) ;
#5366 =( BOUNDED_SURFACE ( )  B_SPLINE_SURFACE ( 3, 2, ( 
 ( #6089, #552, #1850 ),
 ( #5423, #1752, #6058 ),
 ( #6694, #4914, #2993 ),
 ( #6115, #4815, #3048 ),
 ( #3022, #7333, #4274 ),
 ( #6035, #7303, #1185 ) ),
 .UNSPECIFIED., .F., .F., .F. ) 
 B_SPLINE_SURFACE_WITH_KNOTS ( ( 4, 2, 4 ),
 ( 3, 3 ),
 ( 4.336808689942017700E-019, 0.0002148949975207803400, 0.0004297899950415602400 ),
 ( 0.0000000000000000000, 1.000000000000000000 ),
 .UNSPECIFIED. ) 
 GEOMETRIC_REPRESENTATION_ITEM ( )  RATIONAL_B_SPLINE_SURFACE ( (
 ( 1.000000000000000000, 0.6916123043970485700, 1.000000000000000000),
 ( 1.000000000000000000, 0.6915697101613813600, 1.000000000000000000),
 ( 1.000000000000000000, 0.6933666512421189400, 1.000000000000000000),
 ( 1.000000000000000000, 0.6991649265004585800, 1.000000000000000000),
 ( 1.000000000000000000, 0.7031691807542704800, 1.000000000000000000),
 ( 1.000000000000000000, 0.7071067811865308100, 1.000000000000000000) ) ) 
 REPRESENTATION_ITEM ( '' )  SURFACE ( )  );
#5367 = CARTESIAN_POINT ( 'NONE',  ( -13.00000000000000000, -8.416666666666671400, -3.000000000000009800 ) ) ;
#5368 = VERTEX_POINT ( 'NONE', #5407 ) ;
#5369 = CARTESIAN_POINT ( 'NONE',  ( 0.0000000000000000000, -9.790000000000002700, 0.0000000000000000000 ) ) ;
#5370 = EDGE_CURVE ( 'NONE', #4577, #103, #3755, .T. ) ;
#5371 = CARTESIAN_POINT ( 'NONE',  ( 8.553121788653692500, -8.750659801802591200, -3.251560101325543500 ) ) ;
#5372 = CARTESIAN_POINT ( 'NONE',  ( -8.975257740366295400, -0.8041666666656450700, 0.6668946648424565200 ) ) ;
#5373 = EDGE_LOOP ( 'NONE', ( #7269, #434, #5378, #4259 ) ) ;
#5374 = AXIS2_PLACEMENT_3D ( 'NONE', #4619, #7587, #2069 ) ;
#5375 = EDGE_CURVE ( 'NONE', #4120, #2951, #1189, .T. ) ;
#5376 = ORIENTED_EDGE ( 'NONE', *, *, #363, .F. ) ;
#5377 = DIRECTION ( 'NONE',  ( 0.0000000000000000000, 0.0000000000000000000, -1.000000000000000000 ) ) ;
#5378 = ORIENTED_EDGE ( 'NONE', *, *, #6104, .F. ) ;
#5379 = CARTESIAN_POINT ( 'NONE',  ( 8.546978422949370800, -8.416666666666671400, 2.819425444596451100 ) ) ;
#5380 = ORIENTED_EDGE ( 'NONE', *, *, #4192, .F. ) ;
#5381 = DIRECTION ( 'NONE',  ( 0.0000000000000000000, -1.000000000000000000, 0.0000000000000000000 ) ) ;
#5382 = ADVANCED_FACE ( 'NONE', ( #6559 ), #436, .T. ) ;
#5383 = EDGE_CURVE ( 'NONE', #4658, #2469, #33, .T. ) ;
#5384 = ORIENTED_EDGE ( 'NONE', *, *, #3795, .T. ) ;
#5385 = CARTESIAN_POINT ( 'NONE',  ( -10.65239807814188200, -0.8041668095754226400, 2.743999106543349800 ) ) ;
#5386 = ORIENTED_EDGE ( 'NONE', *, *, #5979, .T. ) ;
#5387 = DIRECTION ( 'NONE',  ( -0.0000000000000000000, -1.000000000000000000, -1.219727444046190300E-016 ) ) ;
#5388 = CARTESIAN_POINT ( 'NONE',  ( -11.09715841934658800, -3.048702585555966400, -0.4721213926637128400 ) ) ;
#5389 = CARTESIAN_POINT ( 'NONE',  ( 11.97716594857773000, -4.984036849272108300, 0.4760820234339753800 ) ) ;
#5390 = FACE_OUTER_BOUND ( 'NONE', #2936, .T. ) ;
#5391 = ORIENTED_EDGE ( 'NONE', *, *, #4886, .T. ) ;
#5392 = COORDINATED_UNIVERSAL_TIME_OFFSET ( 6, 0, .BEHIND. ) ;
#5393 = CARTESIAN_POINT ( 'NONE',  ( -10.47579425945666600, -8.485227356401082900, -3.007127044408288300 ) ) ;
#5394 = VERTEX_POINT ( 'NONE', #4825 ) ;
#5395 = EDGE_CURVE ( 'NONE', #7204, #2795, #6735, .T. ) ;
#5396 = AXIS2_PLACEMENT_3D ( 'NONE', #2584, #7562, #246 ) ;
#5397 = DIRECTION ( 'NONE',  ( 0.0000000000000000000, 0.0000000000000000000, -1.000000000000000000 ) ) ;
#5398 = DIRECTION ( 'NONE',  ( -1.000000000000000000, -0.0000000000000000000, -0.0000000000000000000 ) ) ;
#5399 = ORIENTED_EDGE ( 'NONE', *, *, #6986, .F. ) ;
#5400 = CARTESIAN_POINT ( 'NONE',  ( -10.76336378647492800, -1.932638888888889200, 2.862500000000005600 ) ) ;
#5401 = ORIENTED_EDGE ( 'NONE', *, *, #5346, .F. ) ;
#5402 = CARTESIAN_POINT ( 'NONE',  ( 11.23728905727018400, 1.437280458815214200, -22.47457811454035300 ) ) ;
#5403 = CYLINDRICAL_SURFACE ( 'NONE', #2674, 0.1375000000000000400 ) ;
#5404 = AXIS2_PLACEMENT_3D ( 'NONE', #3891, #7051, #890 ) ;
#5405 = DIRECTION ( 'NONE',  ( 0.0000000000000000000, 1.000000000000000000, 0.0000000000000000000 ) ) ;
#5406 = CARTESIAN_POINT ( 'NONE',  ( 11.60753990250835700, -2.422471294496261900, 0.4716601345774484900 ) ) ;
#5407 = CARTESIAN_POINT ( 'NONE',  ( -11.12908718079473400, -1.932638888888889200, 2.897139713971403000 ) ) ;
#5408 = ORIENTED_EDGE ( 'NONE', *, *, #3129, .F. ) ;
#5409 = UNCERTAINTY_MEASURE_WITH_UNIT (LENGTH_MEASURE( 1.000000000000000100E-005 ), #1463, 'distance_accuracy_value', 'NONE');
#5410 = VECTOR ( 'NONE', #6360, 1000.000000000000000 ) ;
#5411 = ORIENTED_EDGE ( 'NONE', *, *, #5613, .T. ) ;
#5412 = CIRCLE ( 'NONE', #5684, 0.1374999999999999300 ) ;
#5413 = CARTESIAN_POINT ( 'NONE',  ( 11.19385918094189200, -7.706939177982992100, 0.4764525563329264900 ) ) ;
#5414 = CARTESIAN_POINT ( 'NONE',  ( -10.99742390992736500, -2.960064741406732900, -0.4764497617823743000 ) ) ;
#5415 = CARTESIAN_POINT ( 'NONE',  ( 0.0000000000000000000, -3.052083333333333900, 0.0000000000000000000 ) ) ;
#5416 = CARTESIAN_POINT ( 'NONE',  ( 10.84137742216007500, -0.6666666666666666300, -0.6770833333333347000 ) ) ;
#5417 = EDGE_CURVE ( 'NONE', #6236, #4577, #4743, .T. ) ;
#5418 = FACE_OUTER_BOUND ( 'NONE', #841, .T. ) ;
#5419 = AXIS2_PLACEMENT_3D ( 'NONE', #4046, #6390, #7009 ) ;
#5420 = ORIENTED_EDGE ( 'NONE', *, *, #7288, .F. ) ;
#5421 = DIRECTION ( 'NONE',  ( 0.0000000000000000000, -1.000000000000000000, 0.0000000000000000000 ) ) ;
#5422 = CARTESIAN_POINT ( 'NONE',  ( 9.128266873825188200, -8.590895704143306900, 0.2971776012361383400 ) ) ;
#5423 = CARTESIAN_POINT ( 'NONE',  ( -10.98966187853081800, -2.950583820975322300, -0.4767932419471629900 ) ) ;
#5424 = CIRCLE ( 'NONE', #1374, 0.1375000000000000400 ) ;
#5425 = EDGE_CURVE ( 'NONE', #6520, #1574, #1099, .T. ) ;
#5426 = DIRECTION ( 'NONE',  ( 0.0000000000000000000, -1.000000000000000000, 1.219727444046190300E-016 ) ) ;
#5427 = CARTESIAN_POINT ( 'NONE',  ( 10.98966187822720600, -1.010416666666666500, -0.4767932489451490700 ) ) ;
#5428 = CARTESIAN_POINT ( 'NONE',  ( 11.51195031260993500, -3.189583333333334100, -3.000000000000007500 ) ) ;
#5429 = CARTESIAN_POINT ( 'NONE',  ( -11.05341661301167000, -1.774595628690827100, 0.4739993762372157700 ) ) ;
#5430 = CIRCLE ( 'NONE', #2137, 0.1375000000000002300 ) ;
#5431 = DIRECTION ( 'NONE',  ( -0.9925769624232405600, -0.1216181469463035000, 0.0000000000000000000 ) ) ;
#5432 = CIRCLE ( 'NONE', #6863, 9.000000000000000000 ) ;
#5433 = DIRECTION ( 'NONE',  ( -1.000000000000000000, 0.0000000000000000000, 0.0000000000000000000 ) ) ;
#5434 = DIRECTION ( 'NONE',  ( -0.0000000000000000000, 1.000000000000000000, -0.0000000000000000000 ) ) ;
#5435 = EDGE_CURVE ( 'NONE', #3764, #4139, #7525, .T. ) ;
#5436 = FACE_OUTER_BOUND ( 'NONE', #3095, .T. ) ;
#5437 = EDGE_CURVE ( 'NONE', #5642, #4925, #5681, .T. ) ;
#5438 = CARTESIAN_POINT ( 'NONE',  ( -8.335605070984652100, -8.600183161333147200, -3.624370521968916400 ) ) ;
#5439 = ORIENTED_EDGE ( 'NONE', *, *, #3512, .T. ) ;
#5440 = CIRCLE ( 'NONE', #2357, 10.86249999999999900 ) ;
#5441 = DIRECTION ( 'NONE',  ( -0.2413066385669131700, -0.0000000000000000000, 0.9704489199249681800 ) ) ;
#5442 = CYLINDRICAL_SURFACE ( 'NONE', #7277, 0.1375000000000000400 ) ;
#5443 = CARTESIAN_POINT ( 'NONE',  ( -10.85229110474936900, -0.9196034660977440200, 0.3333333333333342600 ) ) ;
#5444 = B_SPLINE_CURVE_WITH_KNOTS ( 'NONE', 3,
 ( #3367, #7018, #2706, #7667 ),
 .UNSPECIFIED., .F., .F.,
 ( 4, 4 ),
 ( 0.0000000000000000000, 6.947295919943028000E-005 ),
 .UNSPECIFIED. ) ;
#5445 = AXIS2_PLACEMENT_3D ( 'NONE', #5570, #577, #4295 ) ;
#5446 = ORIENTED_EDGE ( 'NONE', *, *, #4170, .F. ) ;
#5447 = CARTESIAN_POINT ( 'NONE',  ( 10.85229110474936600, -1.730302302588646600, 0.3333333333333342000 ) ) ;
#5448 = ORIENTED_EDGE ( 'NONE', *, *, #3770, .F. ) ;
#5449 = CARTESIAN_POINT ( 'NONE',  ( 0.0000000000000000000, 0.5403851024289089100, 0.0000000000000000000 ) ) ;
#5450 = CARTESIAN_POINT ( 'NONE',  ( 10.61118938525953200, 0.0000000000000000000, -2.898734177215196000 ) ) ;
#5451 = CARTESIAN_POINT ( 'NONE',  ( -10.32176695001876600, -8.653426573626608900, 3.803708405321371400 ) ) ;
#5452 = VERTEX_POINT ( 'NONE', #6124 ) ;
#5453 = CARTESIAN_POINT ( 'NONE',  ( 11.01874961386210700, -3.000447192675383100, -0.4755105104120773100 ) ) ;
#5454 = VERTEX_POINT ( 'NONE', #2543 ) ;
#5455 = VERTEX_POINT ( 'NONE', #4950 ) ;
#5456 = CARTESIAN_POINT ( 'NONE',  ( -11.12754340464337400, -1.932638888888889200, 0.3333333333333341500 ) ) ;
#5457 = CARTESIAN_POINT ( 'NONE',  ( 10.48446196509712500, -8.416666666666671400, -2.862500000000009600 ) ) ;
#5458 = CARTESIAN_POINT ( 'NONE',  ( -8.677557259966652800, -1.010416666666666500, -2.862500000000006500 ) ) ;
#5459 = DIRECTION ( 'NONE',  ( 0.0000000000000000000, 0.0000000000000000000, 1.000000000000000000 ) ) ;
#5460 = CARTESIAN_POINT ( 'NONE',  ( 10.85229110474936900, -0.9196034660977439000, -0.3333333333333346500 ) ) ;
#5461 = ORIENTED_EDGE ( 'NONE', *, *, #6094, .F. ) ;
#5462 = DIRECTION ( 'NONE',  ( 0.0000000000000000000, 0.0000000000000000000, -1.000000000000000000 ) ) ;
#5463 = ORIENTED_EDGE ( 'NONE', *, *, #2244, .F. ) ;
#5464 = DIRECTION ( 'NONE',  ( -1.000000000000000000, -0.0000000000000000000, -0.0000000000000000000 ) ) ;
#5465 = DIRECTION ( 'NONE',  ( -0.0000000000000000000, 1.000000000000000000, -0.0000000000000000000 ) ) ;
#5466 = DIRECTION ( 'NONE',  ( 0.0000000000000000000, -1.000000000000000000, 0.0000000000000000000 ) ) ;
#5467 = ORIENTED_EDGE ( 'NONE', *, *, #4067, .F. ) ;
#5468 = ORIENTED_EDGE ( 'NONE', *, *, #2760, .F. ) ;
#5469 = AXIS2_PLACEMENT_3D ( 'NONE', #1320, #4356, #36 ) ;
#5470 = DIRECTION ( 'NONE',  ( -1.000000000000000000, -0.0000000000000000000, 0.0000000000000000000 ) ) ;
#5471 = TOROIDAL_SURFACE ( 'NONE', #3524, 11.65625000000000200, 0.3437500000000000000 ) ;
#5472 = CARTESIAN_POINT ( 'NONE',  ( -8.182944173180523300, 2.000000000000000000, -3.746922024623800000 ) ) ;
#5473 = VERTEX_POINT ( 'NONE', #2567 ) ;
#5474 = CARTESIAN_POINT ( 'NONE',  ( -11.51195031260993500, -2.561111111111112200, 2.862500000000005200 ) ) ;
#5475 = CARTESIAN_POINT ( 'NONE',  ( -10.88442328056748700, -8.285609833563633200, 0.3333333333333337000 ) ) ;
#5476 = APPROVAL_DATE_TIME ( #7501, #7567 ) ;
#5477 = CARTESIAN_POINT ( 'NONE',  ( 0.0000000000000000000, -9.790000000000002700, -10.78999999999999900 ) ) ;
#5478 = ORIENTED_EDGE ( 'NONE', *, *, #5524, .T. ) ;
#5479 = EDGE_CURVE ( 'NONE', #2515, #5352, #5893, .T. ) ;
#5480 = AXIS2_PLACEMENT_3D ( 'NONE', #1618, #1527, #5905 ) ;
#5481 = FACE_OUTER_BOUND ( 'NONE', #2766, .T. ) ;
#5482 = ORIENTED_EDGE ( 'NONE', *, *, #3763, .F. ) ;
#5483 = CARTESIAN_POINT ( 'NONE',  ( -10.97861004775703500, -0.8041666666666667000, 0.6856540084388194100 ) ) ;
#5484 = ORIENTED_EDGE ( 'NONE', *, *, #7369, .T. ) ;
#5485 = CARTESIAN_POINT ( 'NONE',  ( -13.00000000000000000, 0.0000000000000000000, -3.666666666666666100 ) ) ;
#5486 = CARTESIAN_POINT ( 'NONE',  ( -10.61280096752658500, -8.460059658897519000, 2.898647270027456400 ) ) ;
#5487 = TOROIDAL_SURFACE ( 'NONE', #1230, 11.36249999999999900, 0.1375000000000000100 ) ;
#5488 = EDGE_CURVE ( 'NONE', #5765, #2979, #7726, .T. ) ;
#5489 = AXIS2_PLACEMENT_3D ( 'NONE', #3412, #3983, #4628 ) ;
#5490 = ORIENTED_EDGE ( 'NONE', *, *, #2049, .T. ) ;
#5491 = CARTESIAN_POINT ( 'NONE',  ( 10.62851905541185000, -8.359357545201088900, -2.897801131781371000 ) ) ;
#5492 = CARTESIAN_POINT ( 'NONE',  ( -11.99622265472732300, -4.889079012875067000, -0.3333333333333340400 ) ) ;
#5493 = CARTESIAN_POINT ( 'NONE',  ( -13.00000000000000000, -8.416666666666671400, 3.333333333333336600 ) ) ;
#5494 = ORIENTED_EDGE ( 'NONE', *, *, #3938, .F. ) ;
#5495 = B_SPLINE_CURVE_WITH_KNOTS ( 'NONE', 3,
 ( #6494, #5235, #5324, #947, #2774, #2886, #305, #3482, #6469, #5817, #6437, #2858, #2835, #5289, #7147, #7111 ),
 .UNSPECIFIED., .F., .F.,
 ( 4, 3, 3, 3, 3, 4 ),
 ( 1.801211927639141900E-018, 3.957972869504111800E-005, 9.091933995472942100E-005, 0.0001393833393637995400, 0.0001857355107150484300, 0.0002311909322144237200 ),
 .UNSPECIFIED. ) ;
#5496 = CIRCLE ( 'NONE', #364, 0.2100000000000001300 ) ;
#5497 = DIRECTION ( 'NONE',  ( 0.07409940720474220100, 0.0000000000000000000, -0.9972508600406949600 ) ) ;
#5498 = DIRECTION ( 'NONE',  ( 0.0000000000000000000, 0.0000000000000000000, 1.000000000000000000 ) ) ;
#5499 =( BOUNDED_SURFACE ( )  B_SPLINE_SURFACE ( 3, 2, ( 
 ( #1547, #266, #2172 ),
 ( #883, #5167, #3912 ),
 ( #2681, #6454, #292 ),
 ( #5143, #1493, #7694 ),
 ( #4021, #7582, #350 ),
 ( #4639, #242, #6964 ),
 ( #963, #2705, #6991 ),
 ( #5249, #1518, #1579 ),
 ( #857, #3335, #7607 ),
 ( #5775, #2115, #2064 ) ),
 .UNSPECIFIED., .F., .F., .F. ) 
 B_SPLINE_SURFACE_WITH_KNOTS ( ( 4, 2, 2, 2, 4 ),
 ( 3, 3 ),
 ( -2.710505431213761100E-020, 0.0003819754468920565600, 0.0007639508937841131300, 0.001145926340676169800, 0.001527901787568226300 ),
 ( 0.0000000000000000000, 1.000000000000000000 ),
 .UNSPECIFIED. ) 
 GEOMETRIC_REPRESENTATION_ITEM ( )  RATIONAL_B_SPLINE_SURFACE ( (
 ( 1.000000000000000000, 0.8415238170731291800, 1.000000000000000000),
 ( 1.000000000000000000, 0.8419137335184029300, 1.000000000000000000),
 ( 1.000000000000000000, 0.8249860643974371600, 1.000000000000000000),
 ( 1.000000000000000000, 0.7743372000290045200, 1.000000000000000000),
 ( 1.000000000000000000, 0.7406951470622383800, 1.000000000000000000),
 ( 1.000000000000000000, 0.6753715161032777200, 1.000000000000000000),
 ( 1.000000000000000000, 0.6440173037272989300, 1.000000000000000000),
 ( 1.000000000000000000, 0.5988095229452368200, 1.000000000000000000),
 ( 1.000000000000000000, 0.5859052096206416300, 1.000000000000000000),
 ( 1.000000000000000000, 0.5859737648376283100, 1.000000000000000000) ) ) 
 REPRESENTATION_ITEM ( '' )  SURFACE ( )  );
#5500 = CARTESIAN_POINT ( 'NONE',  ( 1.592040838891559100E-015, 0.4189344802651160400, -13.00000000000000000 ) ) ;
#5501 = DIRECTION ( 'NONE',  ( 1.000000000000000000, 0.0000000000000000000, 0.0000000000000000000 ) ) ;
#5502 = FACE_OUTER_BOUND ( 'NONE', #4748, .T. ) ;
#5503 = CARTESIAN_POINT ( 'NONE',  ( 11.06730756241819700, -3.039221272675613600, -0.4733989182795636500 ) ) ;
#5504 = CARTESIAN_POINT ( 'NONE',  ( 0.0000000000000000000, -0.6666666666666666300, 1.677125235563511000E-017 ) ) ;
#5505 = ORIENTED_EDGE ( 'NONE', *, *, #3626, .T. ) ;
#5506 = CARTESIAN_POINT ( 'NONE',  ( -8.219692629721288700, -8.416666666666671400, -3.666666666666670500 ) ) ;
#5507 = LINE ( 'NONE', #3916, #7044 ) ;
#5508 = DIRECTION ( 'NONE',  ( 0.0000000000000000000, -1.000000000000000000, 0.0000000000000000000 ) ) ;
#5509 = CARTESIAN_POINT ( 'NONE',  ( 10.99602200798088300, -1.932638888888889200, 3.000000000000005800 ) ) ;
#5510 = CARTESIAN_POINT ( 'NONE',  ( 0.0000000000000000000, -4.889079012875070500, 0.0000000000000000000 ) ) ;
#5511 = ORIENTED_EDGE ( 'NONE', *, *, #1891, .F. ) ;
#5512 = CARTESIAN_POINT ( 'NONE',  ( -10.61618999397227000, -8.432806995708313400, 2.898464790936375200 ) ) ;
#5513 = CARTESIAN_POINT ( 'NONE',  ( -10.85800004235537800, -8.416666666666655400, -0.3333333333333339300 ) ) ;
#5514 = EDGE_CURVE ( 'NONE', #2724, #4190, #4263, .T. ) ;
#5515 = AXIS2_PLACEMENT_3D ( 'NONE', #7915, #4849, #536 ) ;
#5516 = CIRCLE ( 'NONE', #5769, 0.1375000000000000400 ) ;
#5517 = AXIS2_PLACEMENT_3D ( 'NONE', #294, #4584, #5144 ) ;
#5518 = ORIENTED_EDGE ( 'NONE', *, *, #86, .F. ) ;
#5519 = CARTESIAN_POINT ( 'NONE',  ( 10.85272318776254400, -8.485227356401077600, -0.3262062889250511000 ) ) ;
#5520 = CARTESIAN_POINT ( 'NONE',  ( -10.66604804961214900, -0.8041666666666668100, 2.689873417721524900 ) ) ;
#5521 = CARTESIAN_POINT ( 'NONE',  ( 10.65241927801510600, -0.8041666666666667000, 2.743915043529471900 ) ) ;
#5522 = ADVANCED_FACE ( 'NONE', ( #3115 ), #2662, .T. ) ;
#5523 = VECTOR ( 'NONE', #260, 1000.000000000000000 ) ;
#5524 = EDGE_CURVE ( 'NONE', #3014, #762, #1274, .T. ) ;
#5525 = AXIS2_PLACEMENT_3D ( 'NONE', #6693, #3706, #4867 ) ;
#5526 = CARTESIAN_POINT ( 'NONE',  ( 11.64538703909961500, -4.889079012875070500, 2.895679662802956900 ) ) ;
#5527 = CARTESIAN_POINT ( 'NONE',  ( 11.55375944524958100, -5.247695693170964400, 2.894615482741639000 ) ) ;
#5528 = EDGE_LOOP ( 'NONE', ( #6891, #2167, #7297, #3662, #6543 ) ) ;
#5529 = CARTESIAN_POINT ( 'NONE',  ( -10.48446196509712700, -8.416666666666671400, 3.000000000000000900 ) ) ;
#5530 = CARTESIAN_POINT ( 'NONE',  ( -8.219692673127534400, -8.519295102614167400, -3.666666569150608200 ) ) ;
#5531 = VECTOR ( 'NONE', #6493, 1000.000000000000000 ) ;
#5532 = CIRCLE ( 'NONE', #1117, 11.86249999999999900 ) ;
#5533 = CARTESIAN_POINT ( 'NONE',  ( 10.72435992036540000, -1.795138888888889700, 2.871587523513345000 ) ) ;
#5534 = CARTESIAN_POINT ( 'NONE',  ( -10.66552116761209000, -8.235747438187454300, 2.897141164492641700 ) ) ;
#5535 = ORIENTED_EDGE ( 'NONE', *, *, #5136, .T. ) ;
#5536 = DIRECTION ( 'NONE',  ( 1.000000000000000000, -0.0000000000000000000, -0.0000000000000000000 ) ) ;
#5537 = EDGE_CURVE ( 'NONE', #2213, #5538, #7038, .T. ) ;
#5538 = VERTEX_POINT ( 'NONE', #4522 ) ;
#5539 = DIRECTION ( 'NONE',  ( 0.0000000000000000000, 0.0000000000000000000, 1.000000000000000000 ) ) ;
#5540 = DIRECTION ( 'NONE',  ( -0.0000000000000000000, 1.000000000000000000, -0.0000000000000000000 ) ) ;
#5541 = CARTESIAN_POINT ( 'NONE',  ( 10.98966187822720800, 0.0000000000000000000, 0.4767932489451486800 ) ) ;
#5542 = ORIENTED_EDGE ( 'NONE', *, *, #5537, .F. ) ;
#5543 = B_SPLINE_CURVE_WITH_KNOTS ( 'NONE', 3,
 ( #4470, #5104, #5793, #3901, #847, #3869, #5132, #203, #6415, #4496 ),
 .UNSPECIFIED., .F., .F.,
 ( 4, 3, 3, 4 ),
 ( 8.673617379884035500E-019, 0.0002750000004343281000, 0.001375000059080392200, 0.003483945882454730400 ),
 .UNSPECIFIED. ) ;
#5544 = DIRECTION ( 'NONE',  ( 0.0000000000000000000, -1.000000000000000000, 0.0000000000000000000 ) ) ;
#5545 = CARTESIAN_POINT ( 'NONE',  ( 10.59381187388049700, -8.390873880168927100, -3.000000000000009800 ) ) ;
#5546 = DIRECTION ( 'NONE',  ( 0.0000000000000000000, 0.0000000000000000000, 1.000000000000000000 ) ) ;
#5547 =( BOUNDED_SURFACE ( )  B_SPLINE_SURFACE ( 3, 2, ( 
 ( #4191, #3064, #522 ),
 ( #2958, #1768, #2385 ),
 ( #7945, #3041, #1790 ),
 ( #7322, #7925, #3651 ),
 ( #492, #4807, #5585 ),
 ( #4987, #5565, #1305 ),
 ( #2525, #3119, #6767 ),
 ( #1335, #3804, #1900 ),
 ( #1927, #3147, #6212 ),
 ( #52, #2578, #4933 ) ),
 .UNSPECIFIED., .F., .F., .T. ) 
 B_SPLINE_SURFACE_WITH_KNOTS ( ( 4, 2, 2, 2, 4 ),
 ( 3, 3 ),
 ( 0.0000000000000000000, 0.0003531829328094626000, 0.0007063658656189252000, 0.001059548798428387900, 0.001412731731237850400 ),
 ( 0.0000000000000000000, 1.000000000000000000 ),
 .UNSPECIFIED. ) 
 GEOMETRIC_REPRESENTATION_ITEM ( )  RATIONAL_B_SPLINE_SURFACE ( (
 ( 1.000000000000000000, 0.7933454013390681700, 1.000000000000000000),
 ( 1.000000000000000000, 0.7898115746116374200, 1.000000000000000000),
 ( 1.000000000000000000, 0.7794306575263677500, 1.000000000000000000),
 ( 1.000000000000000000, 0.7459973458090215500, 1.000000000000000000),
 ( 1.000000000000000000, 0.7224542362628504400, 1.000000000000000000),
 ( 1.000000000000000000, 0.6687679091548671700, 1.000000000000000000),
 ( 1.000000000000000000, 0.6377825282594172800, 1.000000000000000000),
 ( 1.000000000000000000, 0.5880245408042764600, 1.000000000000000000),
 ( 1.000000000000000000, 0.5695312435078295800, 1.000000000000000000),
 ( 1.000000000000000000, 0.5699951883726152000, 1.000000000000000000) ) ) 
 REPRESENTATION_ITEM ( '' )  SURFACE ( )  );
#5548 = CARTESIAN_POINT ( 'NONE',  ( -11.99054406784442500, -4.921360036111098100, 0.4762908324552166400 ) ) ;
#5549 = EDGE_LOOP ( 'NONE', ( #2144, #5827, #6916, #6339, #699, #3822, #915, #4889, #3526, #5365, #1805, #1653 ) ) ;
#5550 = VERTEX_POINT ( 'NONE', #2696 ) ;
#5551 = ORIENTED_EDGE ( 'NONE', *, *, #206, .T. ) ;
#5552 = DIRECTION ( 'NONE',  ( -0.0000000000000000000, 1.000000000000000000, -0.0000000000000000000 ) ) ;
#5553 = CARTESIAN_POINT ( 'NONE',  ( -10.85800004235543500, -8.416666666666671400, 0.3333333333333338100 ) ) ;
#5554 = ORIENTED_EDGE ( 'NONE', *, *, #6464, .F. ) ;
#5555 = CARTESIAN_POINT ( 'NONE',  ( 10.30337932021115300, -8.537008773581900900, -3.852320675105489500 ) ) ;
#5556 = CARTESIAN_POINT ( 'NONE',  ( 11.51195031260993300, -4.889079012875070500, 3.000000000000003600 ) ) ;
#5557 = CARTESIAN_POINT ( 'NONE',  ( -8.182944223007737600, -8.545608739568868000, -3.746921915805594900 ) ) ;
#5558 = ORIENTED_EDGE ( 'NONE', *, *, #6149, .F. ) ;
#5559 = EDGE_CURVE ( 'NONE', #2679, #2276, #234, .T. ) ;
#5560 = CARTESIAN_POINT ( 'NONE',  ( 11.35274073614923100, -1.932638888888889200, 0.4708333333333341000 ) ) ;
#5561 = ORIENTED_EDGE ( 'NONE', *, *, #5156, .T. ) ;
#5562 = ADVANCED_FACE ( 'NONE', ( #2727 ), #1428, .T. ) ;
#5563 = AXIS2_PLACEMENT_3D ( 'NONE', #955, #7774, #2299 ) ;
#5564 = DIRECTION ( 'NONE',  ( 0.0000000000000000000, 0.0000000000000000000, 1.000000000000000000 ) ) ;
#5565 = CARTESIAN_POINT ( 'NONE',  ( -10.42998051027805000, -8.723883932540925200, -3.496370246382841900 ) ) ;
#5566 = DIRECTION ( 'NONE',  ( 0.0000000000000000000, -0.0000000000000000000, -1.000000000000000000 ) ) ;
#5567 = VERTEX_POINT ( 'NONE', #776 ) ;
#5568 = VERTEX_POINT ( 'NONE', #5060 ) ;
#5569 = DIRECTION ( 'NONE',  ( 0.0000000000000000000, 0.0000000000000000000, -1.000000000000000000 ) ) ;
#5570 = CARTESIAN_POINT ( 'NONE',  ( 10.84137742216007400, -0.8041666666666667000, 0.6770833333333342600 ) ) ;
#5571 = LINE ( 'NONE', #6775, #216 ) ;
#5572 = EDGE_CURVE ( 'NONE', #6689, #5368, #2441, .T. ) ;
#5573 = AXIS2_PLACEMENT_3D ( 'NONE', #6387, #5552, #6419 ) ;
#5574 = ORIENTED_EDGE ( 'NONE', *, *, #1685, .T. ) ;
#5575 = APPROVAL_PERSON_ORGANIZATION ( #3197, #3054, #6933 ) ;
#5576 = ORIENTED_EDGE ( 'NONE', *, *, #6765, .F. ) ;
#5577 = CARTESIAN_POINT ( 'NONE',  ( 11.01644946929642500, -8.323592968122440500, 0.4765444609626241500 ) ) ;
#5578 = CARTESIAN_POINT ( 'NONE',  ( -8.546978422949370800, -1.010416666666666500, -2.819425444596449300 ) ) ;
#5579 = EDGE_CURVE ( 'NONE', #4012, #3284, #5981, .T. ) ;
#5580 = EDGE_LOOP ( 'NONE', ( #990, #637, #7334, #1367 ) ) ;
#5581 = ORIENTED_EDGE ( 'NONE', *, *, #6083, .F. ) ;
#5582 = CARTESIAN_POINT ( 'NONE',  ( 10.52643012040528000, -8.867043591454624600, 3.194372829586487500 ) ) ;
#5583 = CYLINDRICAL_SURFACE ( 'NONE', #4838, 0.1375000000000000400 ) ;
#5584 = CARTESIAN_POINT ( 'NONE',  ( 8.994773050389000000, -1.010416666666666300, -0.3333333333333347000 ) ) ;
#5585 = CARTESIAN_POINT ( 'NONE',  ( -10.49016896397106200, -8.896562491214638200, -3.312164290550389200 ) ) ;
#5586 = DIRECTION ( 'NONE',  ( -0.0000000000000000000, 1.000000000000000000, -0.0000000000000000000 ) ) ;
#5587 = ORIENTED_EDGE ( 'NONE', *, *, #6914, .T. ) ;
#5588 = CYLINDRICAL_SURFACE ( 'NONE', #1419, 0.1374999999999995900 ) ;
#5589 = ORIENTED_EDGE ( 'NONE', *, *, #5078, .T. ) ;
#5590 = FACE_OUTER_BOUND ( 'NONE', #82, .T. ) ;
#5591 = B_SPLINE_CURVE_WITH_KNOTS ( 'NONE', 3,
 ( #4238, #5460, #571, #4861, #6714, #5416 ),
 .UNSPECIFIED., .F., .F.,
 ( 4, 2, 4 ),
 ( 0.0000000000000000000, 0.0002707883512175865300, 0.0005415767024351730600 ),
 .UNSPECIFIED. ) ;
#5592 = CARTESIAN_POINT ( 'NONE',  ( -10.17458707870851100, -8.416666666666671400, 3.666666666666673200 ) ) ;
#5593 = DIRECTION ( 'NONE',  ( 0.0000000000000000000, -1.000000000000000000, 0.0000000000000000000 ) ) ;
#5594 = DIRECTION ( 'NONE',  ( 0.0000000000000000000, 0.0000000000000000000, 1.000000000000000000 ) ) ;
#5595 =( BOUNDED_SURFACE ( )  B_SPLINE_SURFACE ( 3, 2, ( 
 ( #6238, #5584, #2520 ),
 ( #6181, #77, #6793 ),
 ( #3774, #5009, #6209 ),
 ( #3199, #2548, #6155 ),
 ( #3144, #6763, #2489 ),
 ( #4286, #2464, #47 ) ),
 .UNSPECIFIED., .F., .F., .F. ) 
 B_SPLINE_SURFACE_WITH_KNOTS ( ( 4, 2, 4 ),
 ( 3, 3 ),
 ( 0.0000000000000000000, 0.0001612674665914555400, 0.0003225349331829110700 ),
 ( 0.0000000000000000000, 1.000000000000000000 ),
 .UNSPECIFIED. ) 
 GEOMETRIC_REPRESENTATION_ITEM ( )  RATIONAL_B_SPLINE_SURFACE ( (
 ( 1.000000000000000000, 0.7250957136058995300, 1.000000000000000000),
 ( 1.000000000000000000, 0.7250637822366709000, 1.000000000000000000),
 ( 1.000000000000000000, 0.7241892769459978800, 1.000000000000000000),
 ( 1.000000000000000000, 0.7187957536766620400, 1.000000000000000000),
 ( 1.000000000000000000, 0.7140905693588874800, 1.000000000000000000),
 ( 1.000000000000000000, 0.7071067811865768800, 1.000000000000000000) ) ) 
 REPRESENTATION_ITEM ( '' )  SURFACE ( )  );
#5596 = FACE_OUTER_BOUND ( 'NONE', #7308, .T. ) ;
#5597 = ADVANCED_FACE ( 'NONE', ( #3025 ), #1271, .T. ) ;
#5598 = VERTEX_POINT ( 'NONE', #2620 ) ;
#5599 = DIRECTION ( 'NONE',  ( 0.0000000000000000000, 0.0000000000000000000, 1.000000000000000000 ) ) ;
#5600 = CARTESIAN_POINT ( 'NONE',  ( -10.99602200798088500, -1.932638888888889200, 2.862500000000005600 ) ) ;
#5601 = CARTESIAN_POINT ( 'NONE',  ( 10.98494319665493500, -0.8264471811812907900, -0.5766394659532735300 ) ) ;
#5602 = CARTESIAN_POINT ( 'NONE',  ( -8.996119596303479700, -8.594329689046233500, -0.2950094125214630700 ) ) ;
#5603 = CARTESIAN_POINT ( 'NONE',  ( 10.37871040819777400, -8.821365928657133500, -3.645468538607806100 ) ) ;
#5604 = CARTESIAN_POINT ( 'NONE',  ( -11.49012263724674900, -2.296197392859850700, 0.4765309864319772800 ) ) ;
#5605 = TOROIDAL_SURFACE ( 'NONE', #184, 12.86249999999999900, 0.1375000000000000100 ) ;
#5606 = CARTESIAN_POINT ( 'NONE',  ( 10.69017793860139200, -1.932638747016455700, 3.000000000000005800 ) ) ;
#5607 = CARTESIAN_POINT ( 'NONE',  ( -11.63191935903348900, -4.984036849272101200, 2.894410177868505000 ) ) ;
#5608 = CARTESIAN_POINT ( 'NONE',  ( 10.58213443874542000, -8.733906446852756700, -3.004678225429022300 ) ) ;
#5609 = CIRCLE ( 'NONE', #5111, 0.1375000000000000400 ) ;
#5610 = CARTESIAN_POINT ( 'NONE',  ( -11.63191935903348700, -4.984036849272108300, -2.894410177868509000 ) ) ;
#5611 = CARTESIAN_POINT ( 'NONE',  ( 0.0000000000000000000, -9.790000000000002700, 11.00000000000000000 ) ) ;
#5612 = CARTESIAN_POINT ( 'NONE',  ( 11.12754340464337600, -3.052083333333333900, -0.3333333333333341500 ) ) ;
#5613 = EDGE_CURVE ( 'NONE', #2047, #2501, #1382, .T. ) ;
#5614 = AXIS2_PLACEMENT_3D ( 'NONE', #5510, #1957, #7421 ) ;
#5615 = FACE_OUTER_BOUND ( 'NONE', #2333, .T. ) ;
#5616 = AXIS2_PLACEMENT_3D ( 'NONE', #7360, #4408, #3187 ) ;
#5617 = CARTESIAN_POINT ( 'NONE',  ( 8.677557259966642200, -8.416666666666671400, 3.000000000000000900 ) ) ;
#5618 = CIRCLE ( 'NONE', #5517, 11.02675172173726300 ) ;
#5619 = CARTESIAN_POINT ( 'NONE',  ( -11.02217088113246400, -8.325238983641996900, 0.3333333333333337000 ) ) ;
#5620 = CARTESIAN_POINT ( 'NONE',  ( 10.85800004235543200, -8.416666666666671400, 0.3333333333333338100 ) ) ;
#5621 = VERTEX_POINT ( 'NONE', #7059 ) ;
#5622 = VECTOR ( 'NONE', #5398, 1000.000000000000000 ) ;
#5623 = DIRECTION ( 'NONE',  ( -0.0000000000000000000, 1.000000000000000000, -0.0000000000000000000 ) ) ;
#5624 = FACE_OUTER_BOUND ( 'NONE', #5039, .T. ) ;
#5625 = CARTESIAN_POINT ( 'NONE',  ( -11.00000000000000000, -1.932638888888889200, 2.862500000000005600 ) ) ;
#5626 = EDGE_CURVE ( 'NONE', #2595, #5186, #1852, .T. ) ;
#5627 = CARTESIAN_POINT ( 'NONE',  ( -9.125361484468559300, -8.504776521751578500, -0.3333333333333338700 ) ) ;
#5628 = CARTESIAN_POINT ( 'NONE',  ( 10.98495034707618200, -0.8265289314417396700, 0.5765010794170291100 ) ) ;
#5629 = CARTESIAN_POINT ( 'NONE',  ( -10.85272318776254400, -8.485227356401082900, 0.3262062889250499900 ) ) ;
#5630 = CARTESIAN_POINT ( 'NONE',  ( -11.23728905727017800, 1.437280458815214200, 22.47457811454035300 ) ) ;
#5631 = ORIENTED_EDGE ( 'NONE', *, *, #2836, .T. ) ;
#5632 = ORIENTED_EDGE ( 'NONE', *, *, #1032, .T. ) ;
#5633 = CARTESIAN_POINT ( 'NONE',  ( -10.99602200798088300, -2.286111111111111900, 2.862500000000005200 ) ) ;
#5634 = ADVANCED_FACE ( 'NONE', ( #7816 ), #5268, .F. ) ;
#5635 = CARTESIAN_POINT ( 'NONE',  ( 10.98966187853081800, -1.693639376530924800, 0.4767932419471630500 ) ) ;
#5636 = CARTESIAN_POINT ( 'NONE',  ( 10.58113715611288600, -8.491041670269714500, -3.008349072869112500 ) ) ;
#5637 = EDGE_CURVE ( 'NONE', #4703, #2961, #6077, .T. ) ;
#5638 = AXIS2_PLACEMENT_3D ( 'NONE', #2990, #5465, #7224 ) ;
#5639 = ORIENTED_EDGE ( 'NONE', *, *, #2922, .F. ) ;
#5640 = CARTESIAN_POINT ( 'NONE',  ( 10.86250201721648300, -8.750032974655088200, -0.07618659766597606100 ) ) ;
#5641 =( BOUNDED_SURFACE ( )  B_SPLINE_SURFACE ( 3, 2, ( 
 ( #5577, #2592, #1998 ),
 ( #1918, #746, #7391 ),
 ( #3137, #1948, #1886 ),
 ( #6866, #7440, #6201 ) ),
 .UNSPECIFIED., .F., .F., .F. ) 
 B_SPLINE_SURFACE_WITH_KNOTS ( ( 4, 4 ),
 ( 3, 3 ),
 ( 0.0000000000000000000, 0.0001336939827389805700 ),
 ( 0.0000000000000000000, 1.000000000000000000 ),
 .UNSPECIFIED. ) 
 GEOMETRIC_REPRESENTATION_ITEM ( )  RATIONAL_B_SPLINE_SURFACE ( (
 ( 1.000000000000000000, 0.6922660349650389100, 1.000000000000000000),
 ( 1.000000000000000000, 0.6920154745225705100, 1.000000000000000000),
 ( 1.000000000000000000, 0.6918359803472576800, 1.000000000000000000),
 ( 1.000000000000000000, 0.6917287800646397800, 1.000000000000000000) ) ) 
 REPRESENTATION_ITEM ( '' )  SURFACE ( )  );
#5642 = VERTEX_POINT ( 'NONE', #4656 ) ;
#5643 = B_SPLINE_CURVE_WITH_KNOTS ( 'NONE', 3,
 ( #1711, #1166, #2403, #4279, #7918, #588, #539, #5453, #3596, #4307, #3617, #5503, #1780, #4875, #7342, #1861 ),
 .UNSPECIFIED., .F., .F.,
 ( 4, 3, 3, 3, 3, 4 ),
 ( 0.0000000000000000000, 3.024851078116435900E-005, 7.683549526968301800E-005, 0.0001235013624029794900, 0.0001702245786063262500, 0.0002169695832984430600 ),
 .UNSPECIFIED. ) ;
#5644 = CARTESIAN_POINT ( 'NONE',  ( -8.468089867384756900, -8.842196839429167500, -3.049630511922774900 ) ) ;
#5645 = CARTESIAN_POINT ( 'NONE',  ( -11.66216428481732200, -6.099374533723306500, -0.3333333333331770000 ) ) ;
#5646 = EDGE_LOOP ( 'NONE', ( #1887, #293, #5668, #5420 ) ) ;
#5647 = CARTESIAN_POINT ( 'NONE',  ( 8.742896670297502800, -0.6666666666666669600, -2.656250000000006700 ) ) ;
#5648 = ORIENTED_EDGE ( 'NONE', *, *, #5990, .T. ) ;
#5649 = DIRECTION ( 'NONE',  ( 0.0000000000000000000, -1.186541365237214300E-016, -1.000000000000000000 ) ) ;
#5650 = CARTESIAN_POINT ( 'NONE',  ( 10.58113715611289000, -8.491041670269712700, 3.008349072869106700 ) ) ;
#5651 = DIRECTION ( 'NONE',  ( 0.0000000000000000000, -1.219727444046190300E-016, -1.000000000000000000 ) ) ;
#5652 = EDGE_LOOP ( 'NONE', ( #6075, #2804, #6219, #803 ) ) ;
#5653 = CARTESIAN_POINT ( 'NONE',  ( 10.64458686817930100, -0.6751290593612668800, -2.774972531198212100 ) ) ;
#5654 = ADVANCED_FACE ( 'NONE', ( #4168 ), #5583, .T. ) ;
#5655 = DIRECTION ( 'NONE',  ( 0.0000000000000000000, 0.0000000000000000000, -1.000000000000000000 ) ) ;
#5656 = ORIENTED_EDGE ( 'NONE', *, *, #7854, .F. ) ;
#5657 = EDGE_CURVE ( 'NONE', #6420, #409, #6941, .T. ) ;
#5658 = CIRCLE ( 'NONE', #6376, 0.1374999999999995900 ) ;
#5659 = ORIENTED_EDGE ( 'NONE', *, *, #5766, .T. ) ;
#5660 = AXIS2_PLACEMENT_3D ( 'NONE', #4659, #4606, #2755 ) ;
#5661 = CARTESIAN_POINT ( 'NONE',  ( -10.97113639147619300, -7.210677688373974300, 2.896202161516339600 ) ) ;
#5662 = CARTESIAN_POINT ( 'NONE',  ( 0.0000000000000000000, -8.513508640916521500, 0.0000000000000000000 ) ) ;
#5663 = VERTEX_POINT ( 'NONE', #1566 ) ;
#5664 = CARTESIAN_POINT ( 'NONE',  ( -8.988044143389002400, -8.540138253562936700, -0.4637482900136803400 ) ) ;
#5665 = PLANE ( 'NONE',  #1207 ) ;
#5666 = DIRECTION ( 'NONE',  ( -0.0000000000000000000, 1.000000000000000000, -0.0000000000000000000 ) ) ;
#5667 = FACE_OUTER_BOUND ( 'NONE', #5652, .T. ) ;
#5668 = ORIENTED_EDGE ( 'NONE', *, *, #137, .F. ) ;
#5669 = LINE ( 'NONE', #2981, #4065 ) ;
#5670 = VERTEX_POINT ( 'NONE', #6417 ) ;
#5671 = CARTESIAN_POINT ( 'NONE',  ( 8.335353670303945300, -8.599804345522386500, -3.624778498470738500 ) ) ;
#5672 = CARTESIAN_POINT ( 'NONE',  ( -11.33671155742683500, -7.210414040761838500, 0.4763767350222613000 ) ) ;
#5673 = EDGE_CURVE ( 'NONE', #3087, #310, #3969, .T. ) ;
#5674 = ORIENTED_EDGE ( 'NONE', *, *, #1609, .T. ) ;
#5675 = ADVANCED_FACE ( 'NONE', ( #4547 ), #613, .F. ) ;
#5676 = FACE_OUTER_BOUND ( 'NONE', #1387, .T. ) ;
#5677 = CARTESIAN_POINT ( 'NONE',  ( -10.28686198827105400, -8.740196849742245500, 3.445004226269819700 ) ) ;
#5678 = VERTEX_POINT ( 'NONE', #7293 ) ;
#5679 = CARTESIAN_POINT ( 'NONE',  ( -11.22635611700954100, -2.415491499507188300, 2.874632807867292700 ) ) ;
#5680 = ORIENTED_EDGE ( 'NONE', *, *, #2569, .F. ) ;
#5681 = CIRCLE ( 'NONE', #3249, 0.1375000000000001500 ) ;
#5682 = EDGE_CURVE ( 'NONE', #870, #7410, #6161, .T. ) ;
#5683 = EDGE_CURVE ( 'NONE', #5965, #6345, #26, .T. ) ;
#5684 = AXIS2_PLACEMENT_3D ( 'NONE', #2386, #1640, #2263 ) ;
#5685 = LINE ( 'NONE', #3052, #1969 ) ;
#5686 = APPLICATION_PROTOCOL_DEFINITION ( 'international standard', 'config_control_design', 1994, #3878 ) ;
#5687 = EDGE_LOOP ( 'NONE', ( #7511, #3372, #4742, #2776, #6625, #1042, #2227, #4640, #5861, #7761 ) ) ;
#5688 = DIRECTION ( 'NONE',  ( 1.000000000000000000, -1.261617073437673500E-014, 0.0000000000000000000 ) ) ;
#5689 = DIRECTION ( 'NONE',  ( 0.0000000000000000000, 0.0000000000000000000, 1.000000000000000000 ) ) ;
#5690 = CARTESIAN_POINT ( 'NONE',  ( 10.85366095940658400, -8.559628587128020900, 0.3105689457195066600 ) ) ;
#5691 = CARTESIAN_POINT ( 'NONE',  ( 11.00466181206712700, -2.986523996005678900, -0.4761251887640710100 ) ) ;
#5692 = ADVANCED_FACE ( 'NONE', ( #1567 ), #5487, .T. ) ;
#5693 =( BOUNDED_SURFACE ( )  B_SPLINE_SURFACE ( 3, 2, ( 
 ( #3164, #3791, #5629 ),
 ( #2593, #1380, #2619 ),
 ( #3767, #690, #4360 ),
 ( #5082, #119, #4385 ) ),
 .UNSPECIFIED., .F., .F., .F. ) 
 B_SPLINE_SURFACE_WITH_KNOTS ( ( 4, 4 ),
 ( 3, 3 ),
 ( 0.0000000000000000000, 9.750670057935182600E-005 ),
 ( 0.0000000000000000000, 1.000000000000000000 ),
 .UNSPECIFIED. ) 
 GEOMETRIC_REPRESENTATION_ITEM ( )  RATIONAL_B_SPLINE_SURFACE ( (
 ( 1.000000000000000000, 0.6922748253407102800, 1.000000000000000000),
 ( 1.000000000000000000, 0.6889467345799131800, 1.000000000000000000),
 ( 1.000000000000000000, 0.6887153610866376700, 1.000000000000000000),
 ( 1.000000000000000000, 0.6917287800645901500, 1.000000000000000000) ) ) 
 REPRESENTATION_ITEM ( '' )  SURFACE ( )  );
#5694 = CYLINDRICAL_SURFACE ( 'NONE', #6854, 0.3437499999999998900 ) ;
#5695 = EDGE_CURVE ( 'NONE', #3518, #3326, #3864, .T. ) ;
#5696 = AXIS2_PLACEMENT_3D ( 'NONE', #4008, #5856, #6497 ) ;
#5697 = EDGE_LOOP ( 'NONE', ( #5030, #804, #1961, #5576 ) ) ;
#5698 = DIRECTION ( 'NONE',  ( 0.0000000000000000000, 0.0000000000000000000, -1.000000000000000000 ) ) ;
#5699 = CARTESIAN_POINT ( 'NONE',  ( -11.84512056720710200, -4.946053714713289500, 0.3333333333333339300 ) ) ;
#5700 = CARTESIAN_POINT ( 'NONE',  ( 10.48446196509712200, -8.416666666666671400, 3.000000000000000900 ) ) ;
#5701 = DIRECTION ( 'NONE',  ( -0.2839945616901003400, 0.9588258908323492600, 0.0000000000000000000 ) ) ;
#5702 = FACE_OUTER_BOUND ( 'NONE', #4845, .T. ) ;
#5703 = EDGE_LOOP ( 'NONE', ( #3754, #768, #5108, #7784 ) ) ;
#5704 = CARTESIAN_POINT ( 'NONE',  ( 0.0000000000000000000, 0.4189344802651160400, 0.0000000000000000000 ) ) ;
#5705 = CARTESIAN_POINT ( 'NONE',  ( 10.99742390992736500, -1.703120296962288700, 0.4764497617823743600 ) ) ;
#5706 = EDGE_CURVE ( 'NONE', #287, #2994, #7509, .T. ) ;
#5707 = CARTESIAN_POINT ( 'NONE',  ( -10.47854951794378700, -0.9190220799092989600, -3.000000000000006200 ) ) ;
#5708 = CARTESIAN_POINT ( 'NONE',  ( -8.424511329114656300, -8.888343503213267400, -3.169148205532765800 ) ) ;
#5709 = CIRCLE ( 'NONE', #1894, 0.1375000000000000400 ) ;
#5710 = CARTESIAN_POINT ( 'NONE',  ( 0.0000000000000000000, -4.984036849272101200, 0.0000000000000000000 ) ) ;
#5711 = ADVANCED_FACE ( 'NONE', ( #6355 ), #4232, .T. ) ;
#5712 = PERSON_AND_ORGANIZATION_ROLE ( 'classification_officer' ) ;
#5713 = CARTESIAN_POINT ( 'NONE',  ( -11.30191758467470100, -6.097469125122813700, 2.895271638608358800 ) ) ;
#5714 = ORIENTED_EDGE ( 'NONE', *, *, #5169, .F. ) ;
#5715 = CARTESIAN_POINT ( 'NONE',  ( 9.125361486023022600, -8.505127744870428300, -0.3333333333333339300 ) ) ;
#5716 = VECTOR ( 'NONE', #7842, 1000.000000000000000 ) ;
#5717 = CARTESIAN_POINT ( 'NONE',  ( 10.98870481490176600, -0.9019055365749859600, -0.4998661468598007400 ) ) ;
#5718 = CARTESIAN_POINT ( 'NONE',  ( -10.37279333229526500, -8.480374154078495200, 3.666666629785231700 ) ) ;
#5719 = CARTESIAN_POINT ( 'NONE',  ( 10.85229110474812800, -2.914583333333611300, -0.3333333333333341500 ) ) ;
#5720 = FACE_OUTER_BOUND ( 'NONE', #2438, .T. ) ;
#5721 = EDGE_CURVE ( 'NONE', #5900, #4089, #1391, .T. ) ;
#5722 = EDGE_LOOP ( 'NONE', ( #1432, #4209, #7710, #5484 ) ) ;
#5723 = DIRECTION ( 'NONE',  ( -0.9583806707790875100, 0.2854934147699845800, 0.0000000000000000000 ) ) ;
#5724 = CARTESIAN_POINT ( 'NONE',  ( -8.742896670297549000, -0.6666666666666664100, -2.656250000000005800 ) ) ;
#5725 = ORIENTED_EDGE ( 'NONE', *, *, #4549, .T. ) ;
#5726 = CARTESIAN_POINT ( 'NONE',  ( 10.84335205014229200, -7.172694891347830100, 3.000000000000001800 ) ) ;
#5727 = DIRECTION ( 'NONE',  ( 0.0000000000000000000, -1.000000000000000000, 0.0000000000000000000 ) ) ;
#5728 = CARTESIAN_POINT ( 'NONE',  ( 11.15872534940033000, -2.369446581204318800, 2.890216852965152400 ) ) ;
#5729 = EDGE_LOOP ( 'NONE', ( #6708, #2424, #4598, #7682 ) ) ;
#5730 = CARTESIAN_POINT ( 'NONE',  ( 0.0000000000000000000, -9.790000000000002700, 0.0000000000000000000 ) ) ;
#5731 = DIRECTION ( 'NONE',  ( 0.0000000000000000000, 1.133581677370982300E-015, -1.000000000000000000 ) ) ;
#5732 = EDGE_CURVE ( 'NONE', #4632, #4577, #4538, .T. ) ;
#5733 = AXIS2_PLACEMENT_3D ( 'NONE', #7309, #6603, #3639 ) ;
#5734 = CARTESIAN_POINT ( 'NONE',  ( 11.43215709858823100, -5.658038523076061900, -2.894931651868647600 ) ) ;
#5735 = VERTEX_POINT ( 'NONE', #1060 ) ;
#5736 = ADVANCED_FACE ( 'NONE', ( #7894 ), #4642, .T. ) ;
#5737 = CARTESIAN_POINT ( 'NONE',  ( 8.726480233492136300, -0.6666666666666670700, 2.746306289056745300 ) ) ;
#5738 = CARTESIAN_POINT ( 'NONE',  ( -8.554589080423403000, -0.9011907793354536600, -2.796528353972132800 ) ) ;
#5739 = CARTESIAN_POINT ( 'NONE',  ( -6.253606744053680400, 1.999999999999999600, 12.50721348810735700 ) ) ;
#5740 = ORIENTED_EDGE ( 'NONE', *, *, #6479, .F. ) ;
#5741 = VERTEX_POINT ( 'NONE', #2294 ) ;
#5742 = DIRECTION ( 'NONE',  ( 0.0000000000000000000, 0.0000000000000000000, 1.000000000000000000 ) ) ;
#5743 = CARTESIAN_POINT ( 'NONE',  ( 10.99999797261701900, -8.887453811322501500, 0.1087929082551851200 ) ) ;
#5744 = CARTESIAN_POINT ( 'NONE',  ( 11.84512056720710600, -4.946053714713285000, -0.3333333333333340900 ) ) ;
#5745 = CARTESIAN_POINT ( 'NONE',  ( -10.99106170668150100, -8.619999386117323000, -0.4439337704924439800 ) ) ;
#5746 = CARTESIAN_POINT ( 'NONE',  ( 10.99009943064561200, -8.513508640916519700, 0.4665988689687438600 ) ) ;
#5747 = DIRECTION ( 'NONE',  ( 0.0000000000000000000, -1.000000000000000000, 0.0000000000000000000 ) ) ;
#5748 = ORIENTED_EDGE ( 'NONE', *, *, #6002, .T. ) ;
#5749 = CARTESIAN_POINT ( 'NONE',  ( -11.59013346477618000, -6.329474392936063500, -0.4762574224571861600 ) ) ;
#5750 = EDGE_LOOP ( 'NONE', ( #5680, #3968, #712, #35 ) ) ;
#5751 = DIRECTION ( 'NONE',  ( -0.0000000000000000000, 1.000000000000000000, -0.0000000000000000000 ) ) ;
#5752 = CARTESIAN_POINT ( 'NONE',  ( -10.58887856671731200, -8.429460590040090300, -3.000000000000008900 ) ) ;
#5753 = CARTESIAN_POINT ( 'NONE',  ( -11.13345571731436000, -2.532291021125335100, 3.000000000000004900 ) ) ;
#5754 = CARTESIAN_POINT ( 'NONE',  ( 0.0000000000000000000, -2.168404344971008900E-015, 11.00000000000000000 ) ) ;
#5755 = ORIENTED_EDGE ( 'NONE', *, *, #5906, .T. ) ;
#5756 = AXIS2_PLACEMENT_3D ( 'NONE', #3848, #5742, #155 ) ;
#5757 = ORIENTED_EDGE ( 'NONE', *, *, #3748, .T. ) ;
#5758 = CARTESIAN_POINT ( 'NONE',  ( 10.63933082173410400, -8.323592968122438800, 2.897221634347988000 ) ) ;
#5759 = CARTESIAN_POINT ( 'NONE',  ( 8.307961375826334200, 2.000000000000004400, -3.804166666666663100 ) ) ;
#5760 = LINE ( 'NONE', #3271, #885 ) ;
#5761 = CARTESIAN_POINT ( 'NONE',  ( 8.677557259966652800, -1.010416666666667000, 3.000000000000006200 ) ) ;
#5762 = CARTESIAN_POINT ( 'NONE',  ( 0.0000000000000000000, 2.000000000000000000, 0.0000000000000000000 ) ) ;
#5763 = ORIENTED_EDGE ( 'NONE', *, *, #1208, .F. ) ;
#5764 = CARTESIAN_POINT ( 'NONE',  ( -10.85229110474976500, -1.010416666666304600, 0.3333333333323814700 ) ) ;
#5765 = VERTEX_POINT ( 'NONE', #5325 ) ;
#5766 = EDGE_CURVE ( 'NONE', #5455, #7220, #2528, .T. ) ;
#5767 = CARTESIAN_POINT ( 'NONE',  ( -11.17389292030989100, -6.059485666573543500, -3.000000000000008900 ) ) ;
#5768 = CIRCLE ( 'NONE', #316, 11.63750000000000100 ) ;
#5769 = AXIS2_PLACEMENT_3D ( 'NONE', #1054, #445, #1617 ) ;
#5770 = CARTESIAN_POINT ( 'NONE',  ( 1.127899702014712400E-015, -10.00000000000000200, 9.209999999999999100 ) ) ;
#5771 = CARTESIAN_POINT ( 'NONE',  ( 9.137504326505895900, -8.750059454629253600, -0.08673286039565887600 ) ) ;
#5772 = EDGE_CURVE ( 'NONE', #1298, #3867, #1285, .T. ) ;
#5773 = DIRECTION ( 'NONE',  ( 0.0000000000000000000, -1.000000000000000000, 0.0000000000000000000 ) ) ;
#5774 = CARTESIAN_POINT ( 'NONE',  ( -10.17458707870851100, 0.0000000000000000000, 3.666666666666664300 ) ) ;
#5775 = CARTESIAN_POINT ( 'NONE',  ( 8.677557259966656400, -8.416666666666671400, 2.999999999999999600 ) ) ;
#5776 = ORIENTED_EDGE ( 'NONE', *, *, #6706, .F. ) ;
#5777 = CARTESIAN_POINT ( 'NONE',  ( -11.78365326668829600, -5.656756645396546500, -0.4761676340455051600 ) ) ;
#5778 = ADVANCED_FACE ( 'NONE', ( #1371 ), #7514, .T. ) ;
#5779 = ORIENTED_EDGE ( 'NONE', *, *, #972, .T. ) ;
#5780 = B_SPLINE_CURVE_WITH_KNOTS ( 'NONE', 3,
 ( #3698, #3040, #4315, #6156 ),
 .UNSPECIFIED., .F., .F.,
 ( 4, 4 ),
 ( 1.734723475976807100E-018, 0.0001338827292255131100 ),
 .UNSPECIFIED. ) ;
#5781 = VECTOR ( 'NONE', #1920, 1000.000000000000000 ) ;
#5782 = CARTESIAN_POINT ( 'NONE',  ( -8.546978422949370800, -8.416666666666671400, 2.819425444596451100 ) ) ;
#5783 = CARTESIAN_POINT ( 'NONE',  ( -10.98966187822720600, -0.9555466971807702300, -0.4767932489451492400 ) ) ;
#5784 = CARTESIAN_POINT ( 'NONE',  ( -10.99009943064561600, -8.513508640916526800, 0.4665988689687422000 ) ) ;
#5785 = ORIENTED_EDGE ( 'NONE', *, *, #1124, .F. ) ;
#5786 = EDGE_CURVE ( 'NONE', #6442, #3628, #7716, .T. ) ;
#5787 = AXIS2_PLACEMENT_3D ( 'NONE', #711, #682, #5594 ) ;
#5788 = VECTOR ( 'NONE', #1761, 1000.000000000000000 ) ;
#5789 = ORIENTED_EDGE ( 'NONE', *, *, #3129, .T. ) ;
#5790 = CARTESIAN_POINT ( 'NONE',  ( -13.00000000000000000, -3.189583333333334100, -0.3333333333333341500 ) ) ;
#5791 = CARTESIAN_POINT ( 'NONE',  ( -10.72416737519486300, -1.795138888888889100, 2.871632384462912100 ) ) ;
#5792 = CARTESIAN_POINT ( 'NONE',  ( 11.09715841934658800, -1.791758141111521800, 0.4721213926637128400 ) ) ;
#5793 = CARTESIAN_POINT ( 'NONE',  ( -11.57981770519726300, -5.159810881347892700, -2.894546608636198800 ) ) ;
#5794 = CARTESIAN_POINT ( 'NONE',  ( -10.61776123379386400, -0.9005523078308672600, -2.874852077432088000 ) ) ;
#5795 = VECTOR ( 'NONE', #4638, 1000.000000000000000 ) ;
#5796 = B_SPLINE_CURVE_WITH_KNOTS ( 'NONE', 3,
 ( #451, #2367, #2942, #4217, #4736, #7791 ),
 .UNSPECIFIED., .F., .F.,
 ( 4, 2, 4 ),
 ( 0.0000000000000000000, 0.0001600847138518164800, 0.0003201694277036331200 ),
 .UNSPECIFIED. ) ;
#5797 = CARTESIAN_POINT ( 'NONE',  ( -11.85315235462395700, -4.908438029749876600, 0.3333333333333339800 ) ) ;
#5798 = ORIENTED_EDGE ( 'NONE', *, *, #3333, .F. ) ;
#5799 = EDGE_CURVE ( 'NONE', #5846, #4120, #1955, .T. ) ;
#5800 = CARTESIAN_POINT ( 'NONE',  ( -10.60839925008269800, -8.513508640916526800, -2.908928557191599900 ) ) ;
#5801 = CARTESIAN_POINT ( 'NONE',  ( 11.09089344864998400, -1.793593600263860800, 0.3333333333333341500 ) ) ;
#5802 = CARTESIAN_POINT ( 'NONE',  ( 8.994773052642601700, -8.505906954118417600, 0.3333332639697685300 ) ) ;
#5803 = CIRCLE ( 'NONE', #4146, 11.63750000000000100 ) ;
#5804 = CARTESIAN_POINT ( 'NONE',  ( -11.20220469737210900, -2.409201066590466000, 2.880145196194250800 ) ) ;
#5805 = CARTESIAN_POINT ( 'NONE',  ( -10.66604804961214900, -0.6666666666666666300, -2.689873417721526700 ) ) ;
#5806 = CARTESIAN_POINT ( 'NONE',  ( -11.49606148759899100, -2.286111111111245500, 0.3333333333333341500 ) ) ;
#5807 = AXIS2_PLACEMENT_3D ( 'NONE', #5953, #3553, #2265 ) ;
#5808 = CARTESIAN_POINT ( 'NONE',  ( 10.85272318776254100, -8.485227356401077600, 0.3262062889250508800 ) ) ;
#5809 = FACE_OUTER_BOUND ( 'NONE', #4809, .T. ) ;
#5810 = DIRECTION ( 'NONE',  ( -0.0000000000000000000, 1.000000000000000000, -0.0000000000000000000 ) ) ;
#5811 = CARTESIAN_POINT ( 'NONE',  ( 11.85315241706704400, -4.889079012875070500, -0.4708333333333340500 ) ) ;
#5812 = CARTESIAN_POINT ( 'NONE',  ( -11.66216428481758700, -6.099374533723390000, 0.3333333333363479000 ) ) ;
#5813 = CARTESIAN_POINT ( 'NONE',  ( 10.35835532552411600, -8.756238106324021300, -3.290515053835241700 ) ) ;
#5814 = ORIENTED_EDGE ( 'NONE', *, *, #1700, .F. ) ;
#5815 = ORIENTED_EDGE ( 'NONE', *, *, #7469, .F. ) ;
#5816 = CIRCLE ( 'NONE', #6412, 0.1375000000000002300 ) ;
#5817 = CARTESIAN_POINT ( 'NONE',  ( -10.64265717838355800, -1.741270629450238900, 2.891111857542615100 ) ) ;
#5818 = LINE ( 'NONE', #7695, #2957 ) ;
#5819 = CARTESIAN_POINT ( 'NONE',  ( -8.997188778974807700, -8.837659620192386700, 0.2410565872111431500 ) ) ;
#5820 = EDGE_CURVE ( 'NONE', #3217, #2047, #106, .T. ) ;
#5821 = ADVANCED_FACE ( 'NONE', ( #3016 ), #6266, .T. ) ;
#5822 = CARTESIAN_POINT ( 'NONE',  ( -11.00466181206715500, -1.729579551561263100, 0.4761251887640713900 ) ) ;
#5823 = CARTESIAN_POINT ( 'NONE',  ( 0.0000000000000000000, -0.8041666666666667000, 0.0000000000000000000 ) ) ;
#5824 = CARTESIAN_POINT ( 'NONE',  ( 10.85229110474936400, -3.293409825023176300E-017, 0.4708333333333341600 ) ) ;
#5825 = CARTESIAN_POINT ( 'NONE',  ( 0.0000000000000000000, 0.0000000000000000000, 0.0000000000000000000 ) ) ;
#5826 = AXIS2_PLACEMENT_3D ( 'NONE', #1191, #6751, #2454 ) ;
#5827 = ORIENTED_EDGE ( 'NONE', *, *, #3904, .T. ) ;
#5828 = ADVANCED_FACE ( 'NONE', ( #7326 ), #4077, .T. ) ;
#5829 = CIRCLE ( 'NONE', #2098, 11.00000000000000000 ) ;
#5830 = CIRCLE ( 'NONE', #3840, 0.1375000000000007300 ) ;
#5831 = CARTESIAN_POINT ( 'NONE',  ( -10.47854951794378300, -1.010416666666666500, -3.000000000000006700 ) ) ;
#5832 = CARTESIAN_POINT ( 'NONE',  ( 11.12754340464306300, -1.932638888890247700, 0.3333333333333341500 ) ) ;
#5833 = CARTESIAN_POINT ( 'NONE',  ( 11.85315241706703800, -4.889079012875070500, -0.3333333333333340900 ) ) ;
#5834 = ORIENTED_EDGE ( 'NONE', *, *, #3904, .F. ) ;
#5835 = DIRECTION ( 'NONE',  ( 0.0000000000000000000, 1.000000000000000000, 1.219727444046190300E-016 ) ) ;
#5836 = CARTESIAN_POINT ( 'NONE',  ( -11.35274073614798800, -2.286111111111391200, 0.3333333333333341500 ) ) ;
#5837 = ORIENTED_EDGE ( 'NONE', *, *, #4302, .F. ) ;
#5838 = CARTESIAN_POINT ( 'NONE',  ( -11.29523341456554600, -7.354564793791829500, -0.4764016448794954900 ) ) ;
#5839 = EDGE_CURVE ( 'NONE', #1770, #1298, #1462, .T. ) ;
#5840 = AXIS2_PLACEMENT_3D ( 'NONE', #1412, #2602, #785 ) ;
#5841 = B_SPLINE_CURVE_WITH_KNOTS ( 'NONE', 3,
 ( #4122, #7862, #7841, #578 ),
 .UNSPECIFIED., .F., .F.,
 ( 4, 4 ),
 ( 0.0000000000000000000, 0.0001116456321104103800 ),
 .UNSPECIFIED. ) ;
#5842 = DIRECTION ( 'NONE',  ( -1.000000000000000000, 0.0000000000000000000, 0.0000000000000000000 ) ) ;
#5843 = CARTESIAN_POINT ( 'NONE',  ( -10.48990829323174600, -8.372216940414762800, -3.000000000000009800 ) ) ;
#5844 = CARTESIAN_POINT ( 'NONE',  ( -10.99602200798088300, -2.286111111111111900, 3.000000000000005300 ) ) ;
#5845 = CARTESIAN_POINT ( 'NONE',  ( -8.988044143389004100, -1.010416666666666500, 0.4637482900136808400 ) ) ;
#5846 = VERTEX_POINT ( 'NONE', #4271 ) ;
#5847 = CARTESIAN_POINT ( 'NONE',  ( -11.50000000000000000, -2.561111111111112200, 0.4708333333333341000 ) ) ;
#5848 = ORIENTED_EDGE ( 'NONE', *, *, #5766, .F. ) ;
#5849 = ORIENTED_EDGE ( 'NONE', *, *, #3188, .T. ) ;
#5850 = ADVANCED_FACE ( 'NONE', ( #6069 ), #4451, .T. ) ;
#5851 = CARTESIAN_POINT ( 'NONE',  ( 8.677557300349487700, -0.9167397139943797000, -3.000000000000040900 ) ) ;
#5852 = EDGE_CURVE ( 'NONE', #3045, #6718, #2149, .T. ) ;
#5853 = EDGE_CURVE ( 'NONE', #103, #3518, #2247, .T. ) ;
#5854 = EDGE_LOOP ( 'NONE', ( #6333, #5074, #887, #2831 ) ) ;
#5855 = CARTESIAN_POINT ( 'NONE',  ( 10.58113715611288800, -8.491041670269710900, -3.008349072869111100 ) ) ;
#5856 = DIRECTION ( 'NONE',  ( -0.0000000000000000000, 1.000000000000000000, -0.0000000000000000000 ) ) ;
#5857 = CARTESIAN_POINT ( 'NONE',  ( -8.307961375826334200, -8.416666666666671400, 3.666666666666673200 ) ) ;
#5858 = ORIENTED_EDGE ( 'NONE', *, *, #4316, .F. ) ;
#5859 = B_SPLINE_CURVE_WITH_KNOTS ( 'NONE', 3,
 ( #4285, #4954, #4369, #6180 ),
 .UNSPECIFIED., .F., .F.,
 ( 4, 4 ),
 ( 0.0000000000000000000, 0.0001114135905579606700 ),
 .UNSPECIFIED. ) ;
#5860 = DIRECTION ( 'NONE',  ( -0.0000000000000000000, 1.000000000000000000, -1.219727444046190300E-016 ) ) ;
#5861 = ORIENTED_EDGE ( 'NONE', *, *, #5820, .T. ) ;
#5862 = CARTESIAN_POINT ( 'NONE',  ( -8.554702176468749600, -0.9005190203162891600, 2.796186779010661800 ) ) ;
#5863 = CARTESIAN_POINT ( 'NONE',  ( 11.05678130354863600, -1.777095742065540900, 0.3333333333333767200 ) ) ;
#5864 = CARTESIAN_POINT ( 'NONE',  ( 8.546978422949370800, -0.9550440888140356900, 2.819425444596448800 ) ) ;
#5865 = ORIENTED_EDGE ( 'NONE', *, *, #7496, .T. ) ;
#5866 = AXIS2_PLACEMENT_3D ( 'NONE', #5961, #2296, #7821 ) ;
#5867 = CARTESIAN_POINT ( 'NONE',  ( -11.35274073614806200, -2.358772730257258300, 0.3333333333333341500 ) ) ;
#5868 = DIRECTION ( 'NONE',  ( 0.0000000000000000000, 0.0000000000000000000, 1.000000000000000000 ) ) ;
#5869 = ADVANCED_FACE ( 'NONE', ( #2825 ), #326, .T. ) ;
#5870 = ORIENTED_EDGE ( 'NONE', *, *, #5772, .F. ) ;
#5871 = CARTESIAN_POINT ( 'NONE',  ( 8.487411767077947600, -0.8993577448485607900, 2.999999459639179000 ) ) ;
#5872 = ORIENTED_EDGE ( 'NONE', *, *, #1174, .T. ) ;
#5873 = ADVANCED_FACE ( 'NONE', ( #1180 ), #5998, .T. ) ;
#5874 = CARTESIAN_POINT ( 'NONE',  ( 11.01644946929642700, -8.323592968122440500, -0.4765444609626243200 ) ) ;
#5875 = CARTESIAN_POINT ( 'NONE',  ( 11.55534449329099000, -2.561111007026185300, 0.3333333333333341500 ) ) ;
#5876 = CARTESIAN_POINT ( 'NONE',  ( 10.98492063570619100, -0.8262013186280751100, 0.5770744695677737500 ) ) ;
#5877 = CARTESIAN_POINT ( 'NONE',  ( 10.17458707870849800, -8.416666666666671400, -3.666666666666675800 ) ) ;
#5878 = LINE ( 'NONE', #5485, #4246 ) ;
#5879 = CYLINDRICAL_SURFACE ( 'NONE', #63, 0.3437499999999998900 ) ;
#5880 = CARTESIAN_POINT ( 'NONE',  ( -11.63191935903348900, -4.984036849272100300, 2.894410177868505400 ) ) ;
#5881 = ORIENTED_EDGE ( 'NONE', *, *, #6139, .F. ) ;
#5882 = CARTESIAN_POINT ( 'NONE',  ( 10.47579425945666600, -8.485227356401077600, -3.007127044408286900 ) ) ;
#5883 = CARTESIAN_POINT ( 'NONE',  ( 0.0000000000000000000, 2.000000000000000000, 13.00000000000000000 ) ) ;
#5884 = ORIENTED_EDGE ( 'NONE', *, *, #6033, .T. ) ;
#5885 = CARTESIAN_POINT ( 'NONE',  ( -9.125361484468559300, -8.416666666666671400, -0.4708333333333338300 ) ) ;
#5886 = FACE_OUTER_BOUND ( 'NONE', #5066, .T. ) ;
#5887 = CARTESIAN_POINT ( 'NONE',  ( 0.0000000000000000000, 2.000000000000000000, 0.0000000000000000000 ) ) ;
#5888 = ORIENTED_EDGE ( 'NONE', *, *, #4223, .F. ) ;
#5889 = FACE_OUTER_BOUND ( 'NONE', #3259, .T. ) ;
#5890 = CARTESIAN_POINT ( 'NONE',  ( -10.99009943064561200, -8.513508640916526800, -0.4665988689687423600 ) ) ;
#5891 = ORIENTED_EDGE ( 'NONE', *, *, #2771, .F. ) ;
#5892 = CARTESIAN_POINT ( 'NONE',  ( 10.85272318776254100, -8.485227356401077600, 0.3262062889250508800 ) ) ;
#5893 = CIRCLE ( 'NONE', #3650, 0.1375000000000000400 ) ;
#5894 = CARTESIAN_POINT ( 'NONE',  ( 10.99602200798088500, -1.795138888888889300, 2.862500000000005600 ) ) ;
#5895 = CARTESIAN_POINT ( 'NONE',  ( -11.00617784242760600, -8.359281979612251900, 0.4766395773534676800 ) ) ;
#5896 = CARTESIAN_POINT ( 'NONE',  ( -10.85800004235543300, -8.416666666666671400, 0.4708333333333338300 ) ) ;
#5897 = B_SPLINE_CURVE_WITH_KNOTS ( 'NONE', 3,
 ( #4487, #6380, #3318, #7000, #5123, #1447, #7026, #5728, #6352, #2637, #5175, #2688, #2124, #3373, #6971, #7588 ),
 .UNSPECIFIED., .F., .F.,
 ( 4, 3, 3, 3, 3, 4 ),
 ( 0.0000000000000000000, 2.604988838134063600E-005, 7.387058734052577900E-005, 0.0001245551542729670000, 0.0001773634374301223900, 0.0002308995131326154900 ),
 .UNSPECIFIED. ) ;
#5898 = FACE_OUTER_BOUND ( 'NONE', #3133, .T. ) ;
#5899 = CARTESIAN_POINT ( 'NONE',  ( -10.86072481801054600, -8.723410253209980400, -0.1510935597636606800 ) ) ;
#5900 = VERTEX_POINT ( 'NONE', #4892 ) ;
#5901 = CARTESIAN_POINT ( 'NONE',  ( -11.85315241706703800, -2.561111111111112200, 0.3333333333333341500 ) ) ;
#5902 = CARTESIAN_POINT ( 'NONE',  ( -8.307961375826332400, -8.416666666666671400, 3.666666666666673200 ) ) ;
#5903 = DIRECTION ( 'NONE',  ( -0.9677467113734552500, 0.0000000000000000000, -0.2519251925192521600 ) ) ;
#5904 = CARTESIAN_POINT ( 'NONE',  ( 10.98202886665876800, -0.8041666666658468000, 0.6309122887320176600 ) ) ;
#5905 = DIRECTION ( 'NONE',  ( 0.0000000000000000000, 1.182766006347823100E-016, -1.000000000000000000 ) ) ;
#5906 = EDGE_CURVE ( 'NONE', #2469, #3668, #3595, .T. ) ;
#5907 = AXIS2_PLACEMENT_3D ( 'NONE', #5415, #2312, #7811 ) ;
#5908 =( BOUNDED_SURFACE ( )  B_SPLINE_SURFACE ( 3, 2, ( 
 ( #1505, #1495, #3580 ),
 ( #6738, #4144, #5985 ),
 ( #632, #918, #3341 ),
 ( #7413, #7439, #3765 ),
 ( #7393, #3721, #5939 ),
 ( #1641, #443, #5283 ),
 ( #2828, #7785, #7215 ),
 ( #4644, #1027, #4725 ),
 ( #5343, #2934, #1697 ),
 ( #5902, #2287, #5314 ) ),
 .UNSPECIFIED., .F., .F., .F. ) 
 B_SPLINE_SURFACE_WITH_KNOTS ( ( 4, 2, 2, 2, 4 ),
 ( 3, 3 ),
 ( -2.710505431213761100E-020, 0.0003820451908392929600, 0.0007640903816785859100, 0.001146135572517879000, 0.001528180763357171800 ),
 ( 0.0000000000000000000, 1.000000000000000000 ),
 .UNSPECIFIED. ) 
 GEOMETRIC_REPRESENTATION_ITEM ( )  RATIONAL_B_SPLINE_SURFACE ( (
 ( 1.000000000000000000, 0.5859737648376219800, 1.000000000000000000),
 ( 1.000000000000000000, 0.5856860068331810600, 1.000000000000000000),
 ( 1.000000000000000000, 0.5990123918663281500, 1.000000000000000000),
 ( 1.000000000000000000, 0.6437735632477115100, 1.000000000000000000),
 ( 1.000000000000000000, 0.6754411152029423700, 1.000000000000000000),
 ( 1.000000000000000000, 0.7408213688048395100, 1.000000000000000000),
 ( 1.000000000000000000, 0.7741430163877910400, 1.000000000000000000),
 ( 1.000000000000000000, 0.8252374783007248000, 1.000000000000000000),
 ( 1.000000000000000000, 0.8416594657088445300, 1.000000000000000000),
 ( 1.000000000000000000, 0.8415238170731257300, 1.000000000000000000) ) ) 
 REPRESENTATION_ITEM ( '' )  SURFACE ( )  );
#5909 = TOROIDAL_SURFACE ( 'NONE', #6188, 10.86249999999999900, 0.1375000000000000100 ) ;
#5910 = CARTESIAN_POINT ( 'NONE',  ( -11.51195031260993700, -4.889079012875070500, 3.000000000000003600 ) ) ;
#5911 = CARTESIAN_POINT ( 'NONE',  ( 10.53272244899199500, -0.6666666666666669600, 2.656250000000005800 ) ) ;
#5912 = DIRECTION ( 'NONE',  ( 0.0000000000000000000, 0.0000000000000000000, 1.000000000000000000 ) ) ;
#5913 = ADVANCED_FACE ( 'NONE', ( #5676 ), #4256, .T. ) ;
#5914 = CARTESIAN_POINT ( 'NONE',  ( -11.00000000000000000, -3.052083333333333900, 7.681258945454893400E-014 ) ) ;
#5915 = CARTESIAN_POINT ( 'NONE',  ( 11.50913026339226500, -4.927653274402775500, -3.000000000000008400 ) ) ;
#5916 = B_SPLINE_CURVE_WITH_KNOTS ( 'NONE', 3,
 ( #7527, #183, #1434, #7549 ),
 .UNSPECIFIED., .F., .F.,
 ( 4, 4 ),
 ( 0.0000000000000000000, 0.003474992711863936000 ),
 .UNSPECIFIED. ) ;
#5917 = B_SPLINE_CURVE_WITH_KNOTS ( 'NONE', 3,
 ( #7397, #6128, #7470, #3772 ),
 .UNSPECIFIED., .F., .F.,
 ( 4, 4 ),
 ( 1.418766266316785600E-016, 0.0001338827292253618300 ),
 .UNSPECIFIED. ) ;
#5918 = LINE ( 'NONE', #5976, #6100 ) ;
#5919 = AXIS2_PLACEMENT_3D ( 'NONE', #5885, #3784, #793 ) ;
#5920 = CARTESIAN_POINT ( 'NONE',  ( 10.42998051027805300, -8.723883932540930500, 3.496370246382765100 ) ) ;
#5921 = DIRECTION ( 'NONE',  ( -0.0000000000000000000, 1.000000000000000000, 1.133581677370982300E-015 ) ) ;
#5922 = DIRECTION ( 'NONE',  ( 1.000000000000000000, 0.0000000000000000000, 0.0000000000000000000 ) ) ;
#5923 = TOROIDAL_SURFACE ( 'NONE', #2249, 11.13749999999999900, 0.1375000000000000100 ) ;
#5924 = CARTESIAN_POINT ( 'NONE',  ( -10.99923463338895300, -8.722271572517483300, 0.1534656487497456100 ) ) ;
#5925 = ORIENTED_EDGE ( 'NONE', *, *, #3748, .F. ) ;
#5926 = CARTESIAN_POINT ( 'NONE',  ( 11.99054406784442300, -3.189583333333333700, -0.4762908324552168100 ) ) ;
#5927 = CIRCLE ( 'NONE', #7707, 0.1375000000000000400 ) ;
#5928 = CARTESIAN_POINT ( 'NONE',  ( 11.02217088113246400, -8.325238983641989800, -0.3333333333333339300 ) ) ;
#5929 = DIRECTION ( 'NONE',  ( 0.2519251925192524400, 0.0000000000000000000, -0.9677467113734552500 ) ) ;
#5930 = ORIENTED_EDGE ( 'NONE', *, *, #1009, .F. ) ;
#5931 = ADVANCED_FACE ( 'NONE', ( #5886 ), #7807, .T. ) ;
#5932 = ORIENTED_EDGE ( 'NONE', *, *, #7788, .F. ) ;
#5933 = CARTESIAN_POINT ( 'NONE',  ( -11.50918407236306100, -4.927471393458946900, 3.000000000000004000 ) ) ;
#5934 = VERTEX_POINT ( 'NONE', #707 ) ;
#5935 = DIRECTION ( 'NONE',  ( 0.04143747708104150700, 0.0000000000000000000, 0.9991410988910216500 ) ) ;
#5936 = EDGE_CURVE ( 'NONE', #4803, #6667, #2625, .T. ) ;
#5937 = CARTESIAN_POINT ( 'NONE',  ( -10.88223284250978300, -1.801520233816568600, 0.3333333333333341500 ) ) ;
#5938 = CARTESIAN_POINT ( 'NONE',  ( 11.35274073614922900, -1.932638888888889200, 0.3333333333333341500 ) ) ;
#5939 = CARTESIAN_POINT ( 'NONE',  ( -8.424415440434197300, -8.888431988749284000, 3.169407144750272700 ) ) ;
#5940 = ORIENTED_EDGE ( 'NONE', *, *, #7871, .F. ) ;
#5941 = DIRECTION ( 'NONE',  ( 0.0000000000000000000, -1.000000000000000000, -6.994852725712929000E-017 ) ) ;
#5942 = ORIENTED_EDGE ( 'NONE', *, *, #1208, .T. ) ;
#5943 = DIRECTION ( 'NONE',  ( 0.008732165023988294100, 0.9785815558741392000, 0.2056742273522448300 ) ) ;
#5944 = CARTESIAN_POINT ( 'NONE',  ( 11.12908718079473400, -1.932638888888889200, 2.897139713971403500 ) ) ;
#5945 = ORIENTED_EDGE ( 'NONE', *, *, #1744, .T. ) ;
#5946 = CARTESIAN_POINT ( 'NONE',  ( 11.99622254714860300, -4.921877606189924300, 0.3333333333334011500 ) ) ;
#5947 = ORIENTED_EDGE ( 'NONE', *, *, #7813, .T. ) ;
#5948 = ADVANCED_FACE ( 'NONE', ( #997 ), #1136, .T. ) ;
#5949 = EDGE_CURVE ( 'NONE', #4311, #6236, #3151, .T. ) ;
#5950 = ORIENTED_EDGE ( 'NONE', *, *, #1469, .F. ) ;
#5951 = CARTESIAN_POINT ( 'NONE',  ( 8.677557259966652800, -1.010416666666667200, 3.000000000000005800 ) ) ;
#5952 = DIRECTION ( 'NONE',  ( -0.2764424574800939400, -0.9610304717865957300, -0.0000000000000000000 ) ) ;
#5953 = CARTESIAN_POINT ( 'NONE',  ( 0.0000000000000000000, -2.168404344971008900E-015, 0.0000000000000000000 ) ) ;
#5954 = CARTESIAN_POINT ( 'NONE',  ( 10.85229110474820200, -2.987247907331248800, -0.3333333333333341500 ) ) ;
#5955 = CARTESIAN_POINT ( 'NONE',  ( -10.99009943064561600, -8.513508640916526800, 0.4665988689687422000 ) ) ;
#5956 = EDGE_LOOP ( 'NONE', ( #6279, #2106, #6607, #3032 ) ) ;
#5957 = ORIENTED_EDGE ( 'NONE', *, *, #1035, .T. ) ;
#5958 = EDGE_CURVE ( 'NONE', #5394, #4794, #6642, .T. ) ;
#5959 = AXIS2_PLACEMENT_3D ( 'NONE', #7162, #5381, #7751 ) ;
#5960 = DIRECTION ( 'NONE',  ( -0.0000000000000000000, 1.000000000000000000, -0.0000000000000000000 ) ) ;
#5961 = CARTESIAN_POINT ( 'NONE',  ( -11.50000000000000000, -2.423611111111112000, -8.030407079339205500E-014 ) ) ;
#5962 = CARTESIAN_POINT ( 'NONE',  ( 8.479304490137479900, -8.563271856736877300, -3.021208697379826000 ) ) ;
#5963 = ORIENTED_EDGE ( 'NONE', *, *, #1776, .T. ) ;
#5964 = DIRECTION ( 'NONE',  ( 0.2764424574801022100, 0.9610304717865931800, -0.0000000000000000000 ) ) ;
#5965 = VERTEX_POINT ( 'NONE', #1846 ) ;
#5966 = CARTESIAN_POINT ( 'NONE',  ( 10.39385681030888100, -8.736422234494815700, 3.209010923214656900 ) ) ;
#5967 = VECTOR ( 'NONE', #2840, 1000.000000000000000 ) ;
#5968 = VERTEX_POINT ( 'NONE', #4991 ) ;
#5969 = DIRECTION ( 'NONE',  ( -0.0000000000000000000, 1.000000000000000000, -0.0000000000000000000 ) ) ;
#5970 = AXIS2_PLACEMENT_3D ( 'NONE', #6208, #6845, #6819 ) ;
#5971 = CARTESIAN_POINT ( 'NONE',  ( -11.64538703909961900, -4.889079012875070500, -2.895679662802959100 ) ) ;
#5972 = DIRECTION ( 'NONE',  ( 0.0000000000000000000, -1.000000000000000000, 1.219727444046190300E-016 ) ) ;
#5973 = ORIENTED_EDGE ( 'NONE', *, *, #2452, .F. ) ;
#5974 = CIRCLE ( 'NONE', #3964, 13.00000000000000000 ) ;
#5975 = CARTESIAN_POINT ( 'NONE',  ( 11.35274073614923300, -1.932638888888889200, 0.4708333333333341000 ) ) ;
#5976 = CARTESIAN_POINT ( 'NONE',  ( -10.30337932021115300, 2.000000000000000000, -3.852320675105482400 ) ) ;
#5977 = DIRECTION ( 'NONE',  ( 0.0000000000000000000, 0.0000000000000000000, 1.000000000000000000 ) ) ;
#5978 = VERTEX_POINT ( 'NONE', #57 ) ;
#5979 = EDGE_CURVE ( 'NONE', #5567, #2925, #6932, .T. ) ;
#5980 = ORIENTED_EDGE ( 'NONE', *, *, #7685, .F. ) ;
#5981 = CIRCLE ( 'NONE', #4317, 0.1375000000000000100 ) ;
#5982 = CARTESIAN_POINT ( 'NONE',  ( -10.61693642026360600, -3.161110149392441400, -3.000000000000007500 ) ) ;
#5983 = ORIENTED_EDGE ( 'NONE', *, *, #7027, .T. ) ;
#5984 = ADVANCED_FACE ( 'NONE', ( #2433 ), #5022, .F. ) ;
#5985 = CARTESIAN_POINT ( 'NONE',  ( -8.546978389192192400, -8.545180037586503000, 2.819425546930016700 ) ) ;
#5986 = CYLINDRICAL_SURFACE ( 'NONE', #5125, 0.1375000000000000400 ) ;
#5987 = ORIENTED_EDGE ( 'NONE', *, *, #3240, .F. ) ;
#5988 = CIRCLE ( 'NONE', #7289, 0.1375000000000007000 ) ;
#5989 = CARTESIAN_POINT ( 'NONE',  ( 10.17458707870849800, -8.416666666666671400, 3.666666666666673200 ) ) ;
#5990 = EDGE_CURVE ( 'NONE', #5310, #5663, #6834, .T. ) ;
#5991 = AXIS2_PLACEMENT_3D ( 'NONE', #1539, #7743, #1568 ) ;
#5992 = CARTESIAN_POINT ( 'NONE',  ( 10.84137742216007500, -0.6666666666666666300, 0.6770833333333342600 ) ) ;
#5993 = CARTESIAN_POINT ( 'NONE',  ( -6.253606744053676900, 1.999999999999999600, -12.50721348810735900 ) ) ;
#5994 = CYLINDRICAL_SURFACE ( 'NONE', #6966, 0.1375000000000000400 ) ;
#5995 = CARTESIAN_POINT ( 'NONE',  ( -10.98872300809570200, -0.9026023587856217800, -0.4994539755035173300 ) ) ;
#5996 = EDGE_LOOP ( 'NONE', ( #4891, #4621, #5891, #4221 ) ) ;
#5997 = CARTESIAN_POINT ( 'NONE',  ( -11.01056816321749000, -1.730428154349336700, 0.4758703149545668300 ) ) ;
#5998 =( BOUNDED_SURFACE ( )  B_SPLINE_SURFACE ( 3, 2, ( 
 ( #3563, #7838, #4172 ),
 ( #4786, #6032, #1726 ),
 ( #6009, #7250, #6644 ),
 ( #3756, #7406, #1203 ) ),
 .UNSPECIFIED., .F., .F., .F. ) 
 B_SPLINE_SURFACE_WITH_KNOTS ( ( 4, 4 ),
 ( 3, 3 ),
 ( 0.0000000000000000000, 5.757178801709766900E-005 ),
 ( 0.0000000000000000000, 1.000000000000000000 ),
 .UNSPECIFIED. ) 
 GEOMETRIC_REPRESENTATION_ITEM ( )  RATIONAL_B_SPLINE_SURFACE ( (
 ( 1.000000000000000000, 0.7878155363303377400, 1.000000000000000000),
 ( 1.000000000000000000, 0.7878108801246336300, 1.000000000000000000),
 ( 1.000000000000000000, 0.7868350848357079700, 1.000000000000000000),
 ( 1.000000000000000000, 0.7848802522875121300, 1.000000000000000000) ) ) 
 REPRESENTATION_ITEM ( '' )  SURFACE ( )  );
#5999 = CARTESIAN_POINT ( 'NONE',  ( -10.53272244899199500, -0.6666666666666668500, 2.656250000000006700 ) ) ;
#6000 = DIRECTION ( 'NONE',  ( -0.0000000000000000000, 1.000000000000000000, -4.196911635427758100E-017 ) ) ;
#6001 = CARTESIAN_POINT ( 'NONE',  ( -10.88442328056748700, -8.285609833563633200, 0.3333333333333337000 ) ) ;
#6002 = EDGE_CURVE ( 'NONE', #169, #4489, #5110, .T. ) ;
#6004 = VERTEX_POINT ( 'NONE', #5617 ) ;
#6003 = EDGE_CURVE ( 'NONE', #5226, #6036, #1669, .T. ) ;
#6005 = AXIS2_PLACEMENT_3D ( 'NONE', #2770, #391, #2238 ) ;
#6006 = CARTESIAN_POINT ( 'NONE',  ( -8.658172912632135600, -8.601619883053835700, -3.042281271555471900 ) ) ;
#6007 = CARTESIAN_POINT ( 'NONE',  ( -8.988044143389004100, 2.000000000000000000, 0.4637482900136808400 ) ) ;
#6008 = FACE_OUTER_BOUND ( 'NONE', #2640, .T. ) ;
#6009 = CARTESIAN_POINT ( 'NONE',  ( 11.50918407236301800, -4.927471393458891800, 3.000000000000003600 ) ) ;
#6010 = CARTESIAN_POINT ( 'NONE',  ( 9.137495648481532800, -8.749940212187473400, 0.08720286389695250400 ) ) ;
#6011 = CARTESIAN_POINT ( 'NONE',  ( 8.307961388645564300, -8.508970784607738500, -3.666666666666670500 ) ) ;
#6012 = CARTESIAN_POINT ( 'NONE',  ( -9.125361484468559300, -1.010416666666666500, 0.3333333333333342600 ) ) ;
#6013 = ORIENTED_EDGE ( 'NONE', *, *, #6914, .F. ) ;
#6014 = FACE_OUTER_BOUND ( 'NONE', #4989, .T. ) ;
#6015 = AXIS2_PLACEMENT_3D ( 'NONE', #4444, #6785, #3711 ) ;
#6016 = LINE ( 'NONE', #6206, #7924 ) ;
#6017 = CARTESIAN_POINT ( 'NONE',  ( 8.207540747914492800, -8.667419422622684200, -3.693942521953727200 ) ) ;
#6018 = CARTESIAN_POINT ( 'NONE',  ( -10.87206135139110700, -8.328578862145709700, -0.3333333333333339300 ) ) ;
#6019 = ORIENTED_EDGE ( 'NONE', *, *, #1828, .F. ) ;
#6020 = CARTESIAN_POINT ( 'NONE',  ( -10.98966187822720600, -1.667721725815944000, 0.4767932489451486300 ) ) ;
#6021 = FACE_OUTER_BOUND ( 'NONE', #4075, .T. ) ;
#6022 = CC_DESIGN_APPROVAL ( #5098, ( #3321 ) ) ;
#6023 = CARTESIAN_POINT ( 'NONE',  ( -10.85229110474936600, -1.657638888888889300, 0.3333333333333342000 ) ) ;
#6024 = DIRECTION ( 'NONE',  ( 0.0000000000000000000, 0.0000000000000000000, -1.000000000000000000 ) ) ;
#6025 = CARTESIAN_POINT ( 'NONE',  ( -10.99232418161044900, -2.945556492878251400, -0.4766751161821502500 ) ) ;
#6026 = ORIENTED_EDGE ( 'NONE', *, *, #2874, .F. ) ;
#6027 = CARTESIAN_POINT ( 'NONE',  ( 10.76336378647493000, -3.189583333333333700, -3.000000000000007500 ) ) ;
#6028 = ORIENTED_EDGE ( 'NONE', *, *, #608, .F. ) ;
#6029 = B_SPLINE_CURVE_WITH_KNOTS ( 'NONE', 3,
 ( #7389, #4919, #7306, #3027 ),
 .UNSPECIFIED., .F., .F.,
 ( 4, 4 ),
 ( 0.0000000000000000000, 8.145217968610631800E-005 ),
 .UNSPECIFIED. ) ;
#6030 = CARTESIAN_POINT ( 'NONE',  ( -10.76336378647492800, -1.932638888888889200, 3.000000000000005800 ) ) ;
#6031 = ORIENTED_EDGE ( 'NONE', *, *, #3590, .F. ) ;
#6032 = CARTESIAN_POINT ( 'NONE',  ( 11.61944720587387700, -4.918870000247687300, 2.999999999999990700 ) ) ;
#6033 = EDGE_CURVE ( 'NONE', #4034, #231, #4990, .T. ) ;
#6034 = DIRECTION ( 'NONE',  ( -0.9610197948750344200, -0.2764795722261356700, 0.0000000000000000000 ) ) ;
#6035 = CARTESIAN_POINT ( 'NONE',  ( -11.12754340464321800, -3.052083333334692000, -0.4708333333333406000 ) ) ;
#6036 = VERTEX_POINT ( 'NONE', #4461 ) ;
#6037 = AXIS2_PLACEMENT_3D ( 'NONE', #337, #5262, #1593 ) ;
#6038 = CARTESIAN_POINT ( 'NONE',  ( 8.742896670297549000, -0.6666666666666668500, 2.656250000000005800 ) ) ;
#6039 = VERTEX_POINT ( 'NONE', #6276 ) ;
#6040 = CARTESIAN_POINT ( 'NONE',  ( -11.51195031260993300, -4.889079012875070500, -3.000000000000008400 ) ) ;
#6041 = ORIENTED_EDGE ( 'NONE', *, *, #1680, .F. ) ;
#6042 = DIRECTION ( 'NONE',  ( 0.0000000000000000000, -1.186541365237214300E-016, -1.000000000000000000 ) ) ;
#6043 = CARTESIAN_POINT ( 'NONE',  ( -2.221449702374167900E-015, 2.000000000000000000, 4.442899404748334200E-015 ) ) ;
#6044 = VERTEX_POINT ( 'NONE', #5072 ) ;
#6045 = DIRECTION ( 'NONE',  ( 1.000000000000000000, -0.0000000000000000000, -0.0000000000000000000 ) ) ;
#6046 = EDGE_CURVE ( 'NONE', #32, #3326, #6160, .T. ) ;
#6047 = ORIENTED_EDGE ( 'NONE', *, *, #2959, .F. ) ;
#6048 = DIRECTION ( 'NONE',  ( -0.0000000000000000000, 1.000000000000000000, -0.0000000000000000000 ) ) ;
#6049 = ORIENTED_EDGE ( 'NONE', *, *, #1989, .F. ) ;
#6050 = DIRECTION ( 'NONE',  ( 0.0000000000000000000, 0.0000000000000000000, 1.000000000000000000 ) ) ;
#6051 = CIRCLE ( 'NONE', #535, 0.1374999999999996200 ) ;
#6052 = ORIENTED_EDGE ( 'NONE', *, *, #6513, .F. ) ;
#6053 = DATE_AND_TIME ( #7699, #2712 ) ;
#6054 = ORIENTED_EDGE ( 'NONE', *, *, #1315, .T. ) ;
#6055 = CARTESIAN_POINT ( 'NONE',  ( 0.0000000000000000000, -1.932638888888889200, 0.0000000000000000000 ) ) ;
#6056 = CARTESIAN_POINT ( 'NONE',  ( -10.48446196509714500, -8.416666666666671400, -3.000000000000004400 ) ) ;
#6057 = CARTESIAN_POINT ( 'NONE',  ( 8.333407791441136000, -8.595364202649198800, -3.627844172912689100 ) ) ;
#6058 = CARTESIAN_POINT ( 'NONE',  ( -10.85229126426383100, -2.986584321864289600, -0.3333333333333341500 ) ) ;
#6059 = FACE_OUTER_BOUND ( 'NONE', #3344, .T. ) ;
#6060 = B_SPLINE_CURVE_WITH_KNOTS ( 'NONE', 3,
 ( #3967, #6994, #3996, #1468, #4752, #5838, #6427, #5749, #5777, #6456 ),
 .UNSPECIFIED., .F., .F.,
 ( 4, 3, 3, 4 ),
 ( 0.0000000000000000000, 0.0002750000000005757800, 0.001375000000066102900, 0.003474998049138614200 ),
 .UNSPECIFIED. ) ;
#6061 = CYLINDRICAL_SURFACE ( 'NONE', #7869, 0.1374999999999995900 ) ;
#6062 = CARTESIAN_POINT ( 'NONE',  ( 8.555100170381612300, -0.6802515918911894400, 2.796563727854083100 ) ) ;
#6063 = VERTEX_POINT ( 'NONE', #4431 ) ;
#6064 = DIRECTION ( 'NONE',  ( 0.0000000000000000000, 0.2056820692032159900, 0.9786188667751524200 ) ) ;
#6065 = DIRECTION ( 'NONE',  ( 0.2839945616900979000, -0.9588258908323498100, 0.0000000000000000000 ) ) ;
#6066 = CARTESIAN_POINT ( 'NONE',  ( 11.63191935903348900, -4.984036849272108300, 2.894410177868503600 ) ) ;
#6067 = ORIENTED_EDGE ( 'NONE', *, *, #7648, .T. ) ;
#6068 = CARTESIAN_POINT ( 'NONE',  ( 10.47854951794378500, -1.010416666666666500, -3.000000000000006700 ) ) ;
#6069 = FACE_OUTER_BOUND ( 'NONE', #2418, .T. ) ;
#6070 = CARTESIAN_POINT ( 'NONE',  ( -10.85800004235543500, -8.416666666666671400, -0.3333333333333339300 ) ) ;
#6071 = CARTESIAN_POINT ( 'NONE',  ( -11.01644946929642500, -8.323592968122447600, 0.4765444609626241500 ) ) ;
#6072 = CARTESIAN_POINT ( 'NONE',  ( -10.51074975370299700, -3.060446228127306600, -3.000000000000007500 ) ) ;
#6073 = VERTEX_POINT ( 'NONE', #2635 ) ;
#6074 = CYLINDRICAL_SURFACE ( 'NONE', #609, 12.00000000000000000 ) ;
#6075 = ORIENTED_EDGE ( 'NONE', *, *, #878, .T. ) ;
#6076 = CARTESIAN_POINT ( 'NONE',  ( -10.61767390761382800, -0.9011474043018581300, 2.875171010515142000 ) ) ;
#6077 = CIRCLE ( 'NONE', #5489, 13.00000000000000000 ) ;
#6078 = CARTESIAN_POINT ( 'NONE',  ( 0.0000000000000000000, 2.000000000000000000, 0.0000000000000000000 ) ) ;
#6079 = DIRECTION ( 'NONE',  ( 0.0000000000000000000, -1.000000000000000000, 0.0000000000000000000 ) ) ;
#6080 = CARTESIAN_POINT ( 'NONE',  ( 9.124256168333595000, -0.8305725895838215200, 0.3707177692680362900 ) ) ;
#6081 = CARTESIAN_POINT ( 'NONE',  ( 11.12908718079473400, -2.286111111111111900, 2.897139713971403500 ) ) ;
#6082 = DIRECTION ( 'NONE',  ( -0.0000000000000000000, 1.000000000000000000, -0.0000000000000000000 ) ) ;
#6083 = EDGE_CURVE ( 'NONE', #231, #790, #2583, .T. ) ;
#6084 = VECTOR ( 'NONE', #7477, 1000.000000000000000 ) ;
#6085 = AXIS2_PLACEMENT_3D ( 'NONE', #6280, #1883, #2502 ) ;
#6086 = ORIENTED_EDGE ( 'NONE', *, *, #5292, .F. ) ;
#6087 = CARTESIAN_POINT ( 'NONE',  ( -10.47854951794362900, -2.988576980261571600, -3.000000000000007500 ) ) ;
#6088 = DIRECTION ( 'NONE',  ( 0.0000000000000000000, 0.0000000000000000000, -1.000000000000000000 ) ) ;
#6089 = CARTESIAN_POINT ( 'NONE',  ( -10.98966187822720600, -2.914583333333333700, -0.4767932489451484600 ) ) ;
#6090 = FACE_OUTER_BOUND ( 'NONE', #2666, .T. ) ;
#6091 = CARTESIAN_POINT ( 'NONE',  ( 8.685423434296055200, -0.8272115319761135200, 2.960548358464081300 ) ) ;
#6092 = CARTESIAN_POINT ( 'NONE',  ( 10.88213375290451500, -1.801348758658693400, 0.3333333333333342000 ) ) ;
#6093 = DIRECTION ( 'NONE',  ( 0.0000000000000000000, 0.0000000000000000000, 1.000000000000000000 ) ) ;
#6094 = EDGE_CURVE ( 'NONE', #2437, #7505, #630, .T. ) ;
#6095 = AXIS2_PLACEMENT_3D ( 'NONE', #7483, #2609, #546 ) ;
#6096 = CARTESIAN_POINT ( 'NONE',  ( -9.124256168333595000, -0.8305725895838213000, -0.3707177692680367300 ) ) ;
#6097 = CARTESIAN_POINT ( 'NONE',  ( 8.993346805682609400, -0.8337687114177583200, 0.3694664438638608500 ) ) ;
#6098 = DIRECTION ( 'NONE',  ( -0.0000000000000000000, -1.000000000000000000, -1.219727444046190300E-016 ) ) ;
#6099 = CARTESIAN_POINT ( 'NONE',  ( 0.0000000000000000000, -2.423611111111112000, 0.0000000000000000000 ) ) ;
#6100 = VECTOR ( 'NONE', #970, 1000.000000000000000 ) ;
#6101 = CARTESIAN_POINT ( 'NONE',  ( -8.546978422949370800, -1.010416666666667000, 2.819425444596448400 ) ) ;
#6102 = CARTESIAN_POINT ( 'NONE',  ( 0.0000000000000000000, -0.8041666666666665900, 0.0000000000000000000 ) ) ;
#6103 = CARTESIAN_POINT ( 'NONE',  ( -13.00000000000000000, -0.6666666666666666300, 0.6770833333333342600 ) ) ;
#6104 = EDGE_CURVE ( 'NONE', #4794, #5394, #806, .T. ) ;
#6105 = LINE ( 'NONE', #268, #4583 ) ;
#6106 = EDGE_CURVE ( 'NONE', #1456, #7298, #3504, .T. ) ;
#6107 = AXIS2_PLACEMENT_3D ( 'NONE', #2526, #7424, #5566 ) ;
#6108 = DIRECTION ( 'NONE',  ( 1.000000000000000000, -0.0000000000000000000, 0.0000000000000000000 ) ) ;
#6109 = VERTEX_POINT ( 'NONE', #835 ) ;
#6110 = CIRCLE ( 'NONE', #4566, 0.1375000000000000400 ) ;
#6111 = CARTESIAN_POINT ( 'NONE',  ( -9.124254312862358800, -0.8304636415523412000, -0.3707778735909853500 ) ) ;
#6112 = VERTEX_POINT ( 'NONE', #6967 ) ;
#6113 = CARTESIAN_POINT ( 'NONE',  ( 10.99442124812361700, -8.432806995708492800, -0.4767489394126648800 ) ) ;
#6114 = CARTESIAN_POINT ( 'NONE',  ( -11.99622254714860500, -4.921877606189918100, -0.3333333333334075300 ) ) ;
#6115 = CARTESIAN_POINT ( 'NONE',  ( -11.05546043515675200, -3.037157233077104400, -0.4739069565518380100 ) ) ;
#6116 = EDGE_CURVE ( 'NONE', #4049, #399, #1760, .T. ) ;
#6117 = EDGE_LOOP ( 'NONE', ( #398, #4080, #6310, #3584 ) ) ;
#6118 = CARTESIAN_POINT ( 'NONE',  ( 11.01644946929642500, -8.323592968122440500, -0.4765444609626243200 ) ) ;
#6119 = ORIENTED_EDGE ( 'NONE', *, *, #521, .T. ) ;
#6120 = DIRECTION ( 'NONE',  ( 0.05631057858325384800, 0.9770660927694756500, -0.2053557135796566800 ) ) ;
#6121 = CARTESIAN_POINT ( 'NONE',  ( -10.85243897038251100, -8.462677838221694100, 0.3309456534684257500 ) ) ;
#6122 = CARTESIAN_POINT ( 'NONE',  ( 1.347111479062088400E-015, -2.168404344971008900E-015, -11.00000000000000000 ) ) ;
#6123 = CARTESIAN_POINT ( 'NONE',  ( -10.98966187822720600, -1.010416666666666500, -0.4767932489451490700 ) ) ;
#6124 = CARTESIAN_POINT ( 'NONE',  ( -11.62797154374838900, -2.561111111111112200, 0.3333333333333341500 ) ) ;
#6125 = ORIENTED_EDGE ( 'NONE', *, *, #6986, .T. ) ;
#6126 = ORIENTED_EDGE ( 'NONE', *, *, #7659, .T. ) ;
#6127 = EDGE_CURVE ( 'NONE', #2118, #6609, #6729, .T. ) ;
#6128 = CARTESIAN_POINT ( 'NONE',  ( -10.48990864937913200, -8.372213980322959200, -3.000000000000009800 ) ) ;
#6129 = ADVANCED_FACE ( 'NONE', ( #524 ), #4739, .T. ) ;
#6130 = CARTESIAN_POINT ( 'NONE',  ( -13.00000000000000000, -0.6666666666666666300, 0.3333333333333342600 ) ) ;
#6131 = CARTESIAN_POINT ( 'NONE',  ( 0.0000000000000000000, 0.0000000000000000000, 0.0000000000000000000 ) ) ;
#6132 = ORIENTED_EDGE ( 'NONE', *, *, #6926, .F. ) ;
#6133 = CARTESIAN_POINT ( 'NONE',  ( -10.86072441530528500, -8.723402508631869200, -0.1511056994234778500 ) ) ;
#6134 = EDGE_LOOP ( 'NONE', ( #7731, #520, #3569, #2147 ) ) ;
#6135 = CARTESIAN_POINT ( 'NONE',  ( -9.119817322740523500, -0.7037632907559113700, -0.4977238257562173800 ) ) ;
#6136 = CARTESIAN_POINT ( 'NONE',  ( -11.85047215534189700, -4.927449114151158900, -0.3333333333333340900 ) ) ;
#6137 = ORIENTED_EDGE ( 'NONE', *, *, #5706, .T. ) ;
#6138 = CARTESIAN_POINT ( 'NONE',  ( 0.0000000000000000000, -0.8041666666666665900, 0.0000000000000000000 ) ) ;
#6139 = EDGE_CURVE ( 'NONE', #3828, #4545, #1845, .T. ) ;
#6140 = ORIENTED_EDGE ( 'NONE', *, *, #5695, .F. ) ;
#6141 = CARTESIAN_POINT ( 'NONE',  ( 11.51195031260993300, -2.561111111111112200, 2.862500000000005200 ) ) ;
#6142 = CARTESIAN_POINT ( 'NONE',  ( -11.84512056720710200, -4.946053714713289500, 0.3333333333333339300 ) ) ;
#6143 = CARTESIAN_POINT ( 'NONE',  ( -10.85420169784822300, -8.439395408491094500, 0.3333333333333338100 ) ) ;
#6144 = ORIENTED_EDGE ( 'NONE', *, *, #7904, .T. ) ;
#6145 = CARTESIAN_POINT ( 'NONE',  ( 10.84018178033352000, -7.649915003794498100, 2.896604519642441000 ) ) ;
#6146 = CARTESIAN_POINT ( 'NONE',  ( 11.35274073614923100, -1.932638888888889200, 0.4708333333333341600 ) ) ;
#6147 = CARTESIAN_POINT ( 'NONE',  ( -11.12754340464337100, -1.795138888888889300, 0.4708333333333340500 ) ) ;
#6148 = ORIENTED_EDGE ( 'NONE', *, *, #519, .T. ) ;
#6149 = EDGE_CURVE ( 'NONE', #2979, #5621, #3208, .T. ) ;
#6150 = EDGE_CURVE ( 'NONE', #1005, #2234, #1844, .T. ) ;
#6151 = ORIENTED_EDGE ( 'NONE', *, *, #6597, .T. ) ;
#6152 = DIRECTION ( 'NONE',  ( 0.0000000000000000000, 0.0000000000000000000, 1.000000000000000000 ) ) ;
#6153 = APPROVAL_DATE_TIME ( #6053, #3054 ) ;
#6154 = CARTESIAN_POINT ( 'NONE',  ( 10.76336378647493100, -1.795138888888888800, 3.000000000000005300 ) ) ;
#6155 = CARTESIAN_POINT ( 'NONE',  ( 8.982591813453927500, -0.8265083816440808000, -0.5607616688875211000 ) ) ;
#6156 = CARTESIAN_POINT ( 'NONE',  ( 10.51182419603454800, -8.285609833563626100, 3.000000000000000900 ) ) ;
#6157 = ORIENTED_EDGE ( 'NONE', *, *, #7098, .T. ) ;
#6158 = CARTESIAN_POINT ( 'NONE',  ( 0.0000000000000000000, -8.513508640916526800, 0.0000000000000000000 ) ) ;
#6159 = CARTESIAN_POINT ( 'NONE',  ( -11.00484948402195300, -8.396866232893943400, -0.3333333333334521100 ) ) ;
#6160 = CIRCLE ( 'NONE', #5396, 0.1375000000000000400 ) ;
#6161 = B_SPLINE_CURVE_WITH_KNOTS ( 'NONE', 3,
 ( #6820, #7916, #4153, #2853 ),
 .UNSPECIFIED., .F., .F.,
 ( 4, 4 ),
 ( 0.0000000000000000000, 0.0001336939827389822600 ),
 .UNSPECIFIED. ) ;
#6162 = ORIENTED_EDGE ( 'NONE', *, *, #554, .T. ) ;
#6163 = CARTESIAN_POINT ( 'NONE',  ( 10.99121484052194100, -8.459897246090621400, -0.4767787649646332800 ) ) ;
#6164 = CARTESIAN_POINT ( 'NONE',  ( -10.65242627171144100, -0.8041666666666668100, 2.743887311703624200 ) ) ;
#6165 = CARTESIAN_POINT ( 'NONE',  ( 10.99009943064561200, -8.513508640916519700, 0.4665988689687438600 ) ) ;
#6166 = VERTEX_POINT ( 'NONE', #5227 ) ;
#6167 = ADVANCED_FACE ( 'NONE', ( #225 ), #4924, .T. ) ;
#6168 = CIRCLE ( 'NONE', #7905, 0.1375000000000000400 ) ;
#6169 = CARTESIAN_POINT ( 'NONE',  ( -11.20467811338918600, -7.172430905847726900, -0.3333333333333339800 ) ) ;
#6170 = EDGE_LOOP ( 'NONE', ( #5945, #2024, #1933, #1571 ) ) ;
#6171 = DIRECTION ( 'NONE',  ( -0.0000000000000000000, 1.000000000000000000, -0.0000000000000000000 ) ) ;
#6172 = DIRECTION ( 'NONE',  ( 0.0000000000000000000, 0.0000000000000000000, -1.000000000000000000 ) ) ;
#6173 = FACE_OUTER_BOUND ( 'NONE', #2720, .T. ) ;
#6174 = CC_DESIGN_SECURITY_CLASSIFICATION ( #2071, ( #3321 ) ) ;
#6175 = CARTESIAN_POINT ( 'NONE',  ( 10.52652375412551700, -8.866770815104597900, -3.194049744381835000 ) ) ;
#6176 = CARTESIAN_POINT ( 'NONE',  ( 10.99009943064561600, -8.513508640916521500, 0.4665988689687435900 ) ) ;
#6177 = VERTEX_POINT ( 'NONE', #2767 ) ;
#6178 = CARTESIAN_POINT ( 'NONE',  ( -8.306036549353534000, -8.739961111534528400, -3.466901611669559500 ) ) ;
#6179 = LINE ( 'NONE', #4059, #533 ) ;
#6180 = CARTESIAN_POINT ( 'NONE',  ( 11.01644946929642700, -8.323592968122440500, 0.4765444609626241500 ) ) ;
#6181 = CARTESIAN_POINT ( 'NONE',  ( 9.125361473666314900, -0.9203607979215497900, -0.3333333333333348100 ) ) ;
#6182 = ORIENTED_EDGE ( 'NONE', *, *, #1855, .F. ) ;
#6183 = CARTESIAN_POINT ( 'NONE',  ( -13.00000000000000000, -8.416666666666671400, 0.0000000000000000000 ) ) ;
#6184 = CARTESIAN_POINT ( 'NONE',  ( -10.30337932021115300, -2.168404344971008900E-015, 3.852320675105481000 ) ) ;
#6185 = CARTESIAN_POINT ( 'NONE',  ( -10.86325305599402000, -8.372267217127358700, -0.3333333333333339300 ) ) ;
#6186 = EDGE_CURVE ( 'NONE', #6609, #478, #3305, .T. ) ;
#6187 = EDGE_CURVE ( 'NONE', #6426, #790, #3773, .T. ) ;
#6188 = AXIS2_PLACEMENT_3D ( 'NONE', #4931, #6873, #1359 ) ;
#6189 = VECTOR ( 'NONE', #331, 1000.000000000000000 ) ;
#6190 = CARTESIAN_POINT ( 'NONE',  ( -9.116382839306677300, -0.6666666666666666300, -0.5872916698030411500 ) ) ;
#6191 = EDGE_LOOP ( 'NONE', ( #570, #1247, #6233, #7844 ) ) ;
#6192 = CARTESIAN_POINT ( 'NONE',  ( -11.99054406784442700, -2.561111111111112200, 0.4762908324552169700 ) ) ;
#6193 = CARTESIAN_POINT ( 'NONE',  ( 8.726465191802413200, -0.6666666666667063800, -2.746388803841993900 ) ) ;
#6194 =( BOUNDED_SURFACE ( )  B_SPLINE_SURFACE ( 3, 2, ( 
 ( #2358, #3866, #5393 ),
 ( #3004, #1168, #6946 ),
 ( #3262, #815, #3182 ),
 ( #6912, #7565, #4993 ) ),
 .UNSPECIFIED., .F., .F., .T. ) 
 B_SPLINE_SURFACE_WITH_KNOTS ( ( 4, 4 ),
 ( 3, 3 ),
 ( -1.788933584601082300E-018, 9.774886487620247500E-005 ),
 ( 0.0000000000000000000, 1.000000000000000000 ),
 .UNSPECIFIED. ) 
 GEOMETRIC_REPRESENTATION_ITEM ( )  RATIONAL_B_SPLINE_SURFACE ( (
 ( 1.000000000000000000, 0.7933454013390710500, 1.000000000000000000),
 ( 1.000000000000000000, 0.7918271982286428900, 1.000000000000000000),
 ( 1.000000000000000000, 0.7920774126379804800, 1.000000000000000000),
 ( 1.000000000000000000, 0.7942172611763215200, 1.000000000000000000) ) ) 
 REPRESENTATION_ITEM ( '' )  SURFACE ( )  );
#6195 = CIRCLE ( 'NONE', #6643, 0.1375000000000000400 ) ;
#6196 = CARTESIAN_POINT ( 'NONE',  ( 1.347111479062088400E-015, -9.790000000000002700, -11.00000000000000000 ) ) ;
#6197 = CARTESIAN_POINT ( 'NONE',  ( 10.51182419603454800, -8.285609833563626100, 3.000000000000000900 ) ) ;
#6198 = EDGE_CURVE ( 'NONE', #4685, #4620, #5209, .T. ) ;
#6199 = CARTESIAN_POINT ( 'NONE',  ( 0.0000000000000000000, -9.790000000000002700, 0.0000000000000000000 ) ) ;
#6200 = CARTESIAN_POINT ( 'NONE',  ( 10.51924221128566100, -0.6666666666666664100, -2.745337731025620600 ) ) ;
#6201 = CARTESIAN_POINT ( 'NONE',  ( 10.85800004235537800, -8.416666666666655400, 0.3333333333333337000 ) ) ;
#6202 = ORIENTED_EDGE ( 'NONE', *, *, #3066, .F. ) ;
#6203 = DIRECTION ( 'NONE',  ( 0.0000000000000000000, -1.000000000000000000, 0.0000000000000000000 ) ) ;
#6204 = FACE_OUTER_BOUND ( 'NONE', #1132, .T. ) ;
#6205 = FACE_OUTER_BOUND ( 'NONE', #653, .T. ) ;
#6206 = CARTESIAN_POINT ( 'NONE',  ( -8.988044143389004100, 2.000000000000000000, -0.4637482900136807900 ) ) ;
#6207 = ADVANCED_FACE ( 'NONE', ( #125 ), #1169, .T. ) ;
#6208 = CARTESIAN_POINT ( 'NONE',  ( -10.85229110474936600, -1.010416666666666500, -0.4708333333333347100 ) ) ;
#6209 = CARTESIAN_POINT ( 'NONE',  ( 8.986957296641840300, -0.9025712108086726400, -0.4858064272516580700 ) ) ;
#6210 = ORIENTED_EDGE ( 'NONE', *, *, #6876, .T. ) ;
#6211 = EDGE_CURVE ( 'NONE', #7102, #3697, #4161, .T. ) ;
#6212 = CARTESIAN_POINT ( 'NONE',  ( -10.30337934383202000, -8.536385603243259000, -3.852320611929340300 ) ) ;
#6213 = CARTESIAN_POINT ( 'NONE',  ( -10.17458707870851100, -8.503533612816205800, -3.666666666666670500 ) ) ;
#6214 = CARTESIAN_POINT ( 'NONE',  ( 10.58352600524648100, -2.959143494564732400, -3.000000000000102100 ) ) ;
#6215 = VECTOR ( 'NONE', #4932, 1000.000000000000000 ) ;
#6216 = VERTEX_POINT ( 'NONE', #888 ) ;
#6217 = B_SPLINE_CURVE_WITH_KNOTS ( 'NONE', 3,
 ( #7423, #80, #102, #5610 ),
 .UNSPECIFIED., .F., .F.,
 ( 4, 4 ),
 ( 0.0000000000000000000, 9.591652981404733800E-005 ),
 .UNSPECIFIED. ) ;
#6218 = DIRECTION ( 'NONE',  ( 0.0000000000000000000, -1.000000000000000000, 0.0000000000000000000 ) ) ;
#6219 = ORIENTED_EDGE ( 'NONE', *, *, #5514, .F. ) ;
#6220 = DIRECTION ( 'NONE',  ( 0.0000000000000000000, 0.0000000000000000000, 1.000000000000000000 ) ) ;
#6221 = DIRECTION ( 'NONE',  ( 0.0000000000000000000, 0.0000000000000000000, 1.000000000000000000 ) ) ;
#6222 = DIRECTION ( 'NONE',  ( 0.0000000000000000000, -1.000000000000000000, 0.0000000000000000000 ) ) ;
#6223 = ORIENTED_EDGE ( 'NONE', *, *, #4733, .T. ) ;
#6224 = EDGE_CURVE ( 'NONE', #7429, #5363, #736, .T. ) ;
#6225 = ORIENTED_EDGE ( 'NONE', *, *, #5124, .T. ) ;
#6226 = CARTESIAN_POINT ( 'NONE',  ( 11.10231044566766400, -2.286111111111136700, 3.000000000000005300 ) ) ;
#6227 = CARTESIAN_POINT ( 'NONE',  ( -8.677557259966652800, -0.9188339617476153400, -3.000000000000006200 ) ) ;
#6228 = CARTESIAN_POINT ( 'NONE',  ( 10.99461247418600800, -0.8274691824910273000, -0.3719732616458784600 ) ) ;
#6229 = ORIENTED_EDGE ( 'NONE', *, *, #2985, .F. ) ;
#6230 = CARTESIAN_POINT ( 'NONE',  ( 0.0000000000000000000, -1.795138888888889300, 0.0000000000000000000 ) ) ;
#6231 = CARTESIAN_POINT ( 'NONE',  ( -11.49124905587038900, -2.306344543367730500, 0.4764832789551450300 ) ) ;
#6232 = CARTESIAN_POINT ( 'NONE',  ( -11.35274073614923100, -2.286111111111111900, 0.4708333333333341600 ) ) ;
#6233 = ORIENTED_EDGE ( 'NONE', *, *, #3586, .T. ) ;
#6234 = EDGE_CURVE ( 'NONE', #1126, #4032, #6921, .T. ) ;
#6235 = ORIENTED_EDGE ( 'NONE', *, *, #1366, .T. ) ;
#6236 = VERTEX_POINT ( 'NONE', #7352 ) ;
#6237 = CARTESIAN_POINT ( 'NONE',  ( 10.61693644112686900, -1.904165686737041100, 3.000000000000005800 ) ) ;
#6238 = CARTESIAN_POINT ( 'NONE',  ( 9.125361484468559300, -1.010416666666666300, -0.3333333333333347000 ) ) ;
#6239 = CARTESIAN_POINT ( 'NONE',  ( 10.32147870667859600, -8.652034532780209700, -3.804483175388196200 ) ) ;
#6240 = CARTESIAN_POINT ( 'NONE',  ( -10.19360779294097300, -8.586929060810094300, -3.631023320235927400 ) ) ;
#6241 = CARTESIAN_POINT ( 'NONE',  ( 10.76336378647493000, -3.052083333333333900, -2.862500000000007400 ) ) ;
#6242 =( BOUNDED_SURFACE ( )  B_SPLINE_SURFACE ( 3, 2, ( 
 ( #6068, #7362, #3030 ),
 ( #4899, #7310, #3640 ),
 ( #7917, #4255, #5026 ),
 ( #6920, #3818, #1916 ),
 ( #6200, #5653, #1997 ),
 ( #115, #1322, #150 ) ),
 .UNSPECIFIED., .F., .F., .F. ) 
 B_SPLINE_SURFACE_WITH_KNOTS ( ( 4, 2, 4 ),
 ( 3, 3 ),
 ( 0.0000000000000000000, 0.0001638118931138823600, 0.0003276237862277647300 ),
 ( 0.0000000000000000000, 1.000000000000000000 ),
 .UNSPECIFIED. ) 
 GEOMETRIC_REPRESENTATION_ITEM ( )  RATIONAL_B_SPLINE_SURFACE ( (
 ( 1.000000000000000000, 0.7948337212391525200, 1.000000000000000000),
 ( 1.000000000000000000, 0.7950795994170797300, 1.000000000000000000),
 ( 1.000000000000000000, 0.7847844847327984900, 1.000000000000000000),
 ( 1.000000000000000000, 0.7520568369406708300, 1.000000000000000000),
 ( 1.000000000000000000, 0.7295037056103176300, 1.000000000000000000),
 ( 1.000000000000000000, 0.7071067811865429100, 1.000000000000000000) ) ) 
 REPRESENTATION_ITEM ( '' )  SURFACE ( )  );
#6243 = ORIENTED_EDGE ( 'NONE', *, *, #7014, .T. ) ;
#6244 = ORIENTED_EDGE ( 'NONE', *, *, #2314, .F. ) ;
#6245 = CARTESIAN_POINT ( 'NONE',  ( 8.412280679226771700, -8.717795807070944000, -3.500069455688413500 ) ) ;
#6246 = CIRCLE ( 'NONE', #5252, 0.1375000000000000400 ) ;
#6247 = EDGE_CURVE ( 'NONE', #6690, #6520, #3704, .T. ) ;
#6248 = AXIS2_PLACEMENT_3D ( 'NONE', #614, #3642, #7392 ) ;
#6249 = ORIENTED_EDGE ( 'NONE', *, *, #6410, .T. ) ;
#6250 = VECTOR ( 'NONE', #4930, 1000.000000000000000 ) ;
#6251 = ADVANCED_FACE ( 'NONE', ( #1267 ), #4332, .T. ) ;
#6252 = ORIENTED_EDGE ( 'NONE', *, *, #4363, .T. ) ;
#6253 = CARTESIAN_POINT ( 'NONE',  ( 11.20688812464275400, -2.561110967915674900, 3.000000000000005300 ) ) ;
#6254 = DIRECTION ( 'NONE',  ( -1.000000000000000000, -0.0000000000000000000, -0.0000000000000000000 ) ) ;
#6255 = CARTESIAN_POINT ( 'NONE',  ( 10.84474390999538200, -0.6666666666666666300, -0.5872435561625191100 ) ) ;
#6256 = CARTESIAN_POINT ( 'NONE',  ( -11.00000000000000000, -3.052083333333333900, -2.862500000000007400 ) ) ;
#6257 = DIRECTION ( 'NONE',  ( -1.261617073437677500E-014, 1.000000000000000000, 0.0000000000000000000 ) ) ;
#6258 = CARTESIAN_POINT ( 'NONE',  ( -12.92696701773796500, 0.5403851024289089100, 25.85393403547592700 ) ) ;
#6259 = FACE_OUTER_BOUND ( 'NONE', #599, .T. ) ;
#6260 = EDGE_CURVE ( 'NONE', #3665, #527, #5878, .T. ) ;
#6261 = VERTEX_POINT ( 'NONE', #1811 ) ;
#6262 = EDGE_CURVE ( 'NONE', #1456, #2595, #5591, .T. ) ;
#6263 = AXIS2_PLACEMENT_3D ( 'NONE', #486, #4052, #1073 ) ;
#6264 = ORIENTED_EDGE ( 'NONE', *, *, #2760, .T. ) ;
#6265 = CARTESIAN_POINT ( 'NONE',  ( -8.726834841555312700, -0.6666666666666668500, 2.744360975744525100 ) ) ;
#6266 = CYLINDRICAL_SURFACE ( 'NONE', #5638, 0.1375000000000000400 ) ;
#6267 = APPROVAL_ROLE ( '' ) ;
#6268 = DIRECTION ( 'NONE',  ( 1.000000000000000000, 0.0000000000000000000, 0.0000000000000000000 ) ) ;
#6269 = CARTESIAN_POINT ( 'NONE',  ( 10.28616781217575700, -8.740049378073791800, -3.446505542828888200 ) ) ;
#6270 = CARTESIAN_POINT ( 'NONE',  ( 10.60767341788804600, -3.002784939142626900, -2.999999999999976500 ) ) ;
#6271 = ORIENTED_EDGE ( 'NONE', *, *, #1255, .T. ) ;
#6272 = FACE_OUTER_BOUND ( 'NONE', #6638, .T. ) ;
#6273 = VERTEX_POINT ( 'NONE', #6081 ) ;
#6274 = CIRCLE ( 'NONE', #4213, 0.1375000000000000400 ) ;
#6275 = B_SPLINE_CURVE_WITH_KNOTS ( 'NONE', 3,
 ( #69, #5555, #3819, #5603, #6892, #2540, #6175, #689, #4976, #4414 ),
 .UNSPECIFIED., .F., .F.,
 ( 4, 2, 2, 2, 4 ),
 ( 0.0000000000000000000, 0.0003556101068988509600, 0.0007112202137977019100, 0.001066830320696552800, 0.001422440427595403800 ),
 .UNSPECIFIED. ) ;
#6276 = CARTESIAN_POINT ( 'NONE',  ( 8.975257740366252800, -0.8041666666666665900, -0.6668946648426825600 ) ) ;
#6277 = DIRECTION ( 'NONE',  ( 0.9610197948750344200, 0.2764795722261356700, 0.0000000000000000000 ) ) ;
#6278 = FACE_OUTER_BOUND ( 'NONE', #1272, .T. ) ;
#6279 = ORIENTED_EDGE ( 'NONE', *, *, #3405, .T. ) ;
#6280 = CARTESIAN_POINT ( 'NONE',  ( -13.00000000000000000, -8.416666666666671400, -0.3333333333333339300 ) ) ;
#6281 = CARTESIAN_POINT ( 'NONE',  ( 10.58593491671324200, -8.450281924582608200, 3.000886091609202400 ) ) ;
#6282 = DIRECTION ( 'NONE',  ( 0.2764424574801089300, -0.9610304717865912900, 0.0000000000000000000 ) ) ;
#6283 = CARTESIAN_POINT ( 'NONE',  ( 0.0000000000000000000, -0.8041666666666667000, 0.0000000000000000000 ) ) ;
#6284 = CARTESIAN_POINT ( 'NONE',  ( -11.49346051451870000, -2.316184959405245700, 0.4763897783114360300 ) ) ;
#6285 = FACE_OUTER_BOUND ( 'NONE', #6170, .T. ) ;
#6286 = ADVANCED_FACE ( 'NONE', ( #2527 ), #5547, .T. ) ;
#6287 = APPROVAL_STATUS ( 'not_yet_approved' ) ;
#6288 = DIRECTION ( 'NONE',  ( 0.0000000000000000000, -1.000000000000000000, -7.274646834741446500E-016 ) ) ;
#6289 = LINE ( 'NONE', #4726, #7443 ) ;
#6290 = CARTESIAN_POINT ( 'NONE',  ( -11.62797154374838700, -2.423611111111112000, 0.3333333333333341500 ) ) ;
#6291 = CARTESIAN_POINT ( 'NONE',  ( 10.49903856070130100, -8.328530283329096000, -3.000000000000009800 ) ) ;
#6292 = FACE_OUTER_BOUND ( 'NONE', #7713, .T. ) ;
#6293 = DIRECTION ( 'NONE',  ( 0.2906976744186067200, 0.0000000000000000000, -0.9568149570777068100 ) ) ;
#6294 = DIRECTION ( 'NONE',  ( 0.0000000000000000000, 0.0000000000000000000, 1.000000000000000000 ) ) ;
#6295 = CARTESIAN_POINT ( 'NONE',  ( 11.84512056720710200, -4.946053714713293000, 0.3333333333333339300 ) ) ;
#6296 = ORIENTED_EDGE ( 'NONE', *, *, #1934, .F. ) ;
#6297 = FACE_OUTER_BOUND ( 'NONE', #2682, .T. ) ;
#6298 = DIRECTION ( 'NONE',  ( 0.0000000000000000000, 0.0000000000000000000, 1.000000000000000000 ) ) ;
#6299 = EDGE_LOOP ( 'NONE', ( #1246, #580, #4519, #903, #6645 ) ) ;
#6300 = DIRECTION ( 'NONE',  ( 0.0000000000000000000, 1.000000000000000000, 1.219727444046190300E-016 ) ) ;
#6301 = EDGE_CURVE ( 'NONE', #5368, #3326, #5302, .T. ) ;
#6302 = AXIS2_PLACEMENT_3D ( 'NONE', #4265, #7944, #5459 ) ;
#6303 = CARTESIAN_POINT ( 'NONE',  ( 10.98204907180757500, -0.8041668022164674100, 0.6305887663038021200 ) ) ;
#6304 = ADVANCED_FACE ( 'NONE', ( #603 ), #2920, .T. ) ;
#6305 = CARTESIAN_POINT ( 'NONE',  ( -11.19649048754166800, -2.400585455192631600, 2.881484213760868100 ) ) ;
#6306 = CARTESIAN_POINT ( 'NONE',  ( -8.611334613699364500, -0.8041666666666668100, -2.616279069767448300 ) ) ;
#6307 = CARTESIAN_POINT ( 'NONE',  ( -10.99602200798088500, -1.932638888888889200, 2.862500000000005600 ) ) ;
#6308 = ORIENTED_EDGE ( 'NONE', *, *, #6186, .T. ) ;
#6309 = DIRECTION ( 'NONE',  ( 0.0000000000000000000, 0.0000000000000000000, 1.000000000000000000 ) ) ;
#6310 = ORIENTED_EDGE ( 'NONE', *, *, #5906, .F. ) ;
#6311 = APPLICATION_PROTOCOL_DEFINITION ( 'international standard', 'config_control_design', 1994, #2032 ) ;
#6312 = CARTESIAN_POINT ( 'NONE',  ( 10.37761942189293800, -8.547797340158817600, -3.651489442087943800 ) ) ;
#6313 = EDGE_CURVE ( 'NONE', #1822, #4918, #6217, .T. ) ;
#6314 = AXIS2_PLACEMENT_3D ( 'NONE', #5263, #3538, #5912 ) ;
#6315 = CARTESIAN_POINT ( 'NONE',  ( 10.76336378647493100, -1.932638888888889200, 2.862500000000005600 ) ) ;
#6316 = ORIENTED_EDGE ( 'NONE', *, *, #6247, .F. ) ;
#6317 = DIRECTION ( 'NONE',  ( 0.0000000000000000000, -1.219727444046190300E-016, -1.000000000000000000 ) ) ;
#6318 = VERTEX_POINT ( 'NONE', #6184 ) ;
#6319 = ORIENTED_EDGE ( 'NONE', *, *, #1635, .T. ) ;
#6320 = DIRECTION ( 'NONE',  ( 0.0000000000000000000, 0.0000000000000000000, 1.000000000000000000 ) ) ;
#6321 = CARTESIAN_POINT ( 'NONE',  ( 8.658172912632132100, -8.601619883053839300, 3.042281271555469700 ) ) ;
#6322 = CARTESIAN_POINT ( 'NONE',  ( 10.62856313734620200, -8.359211724348467600, 2.897798769979046600 ) ) ;
#6323 = ORIENTED_EDGE ( 'NONE', *, *, #1842, .F. ) ;
#6324 = ORIENTED_EDGE ( 'NONE', *, *, #554, .F. ) ;
#6325 = ADVANCED_FACE ( 'NONE', ( #6059 ), #2141, .T. ) ;
#6326 = PRODUCT_DEFINITION ( 'UNKNOWN', '', #3321, #5322 ) ;
#6327 = DIRECTION ( 'NONE',  ( 0.0000000000000000000, 0.0000000000000000000, -1.000000000000000000 ) ) ;
#6328 = CARTESIAN_POINT ( 'NONE',  ( 10.51182419603454400, -8.285609833563626100, -3.000000000000009800 ) ) ;
#6329 = ORIENTED_EDGE ( 'NONE', *, *, #94, .F. ) ;
#6330 = CARTESIAN_POINT ( 'NONE',  ( -11.27996010631243200, -2.423611111111112000, 2.862500000000005200 ) ) ;
#6331 = CARTESIAN_POINT ( 'NONE',  ( -10.76336378647492800, -3.189583333333334100, -3.000000000000007500 ) ) ;
#6332 = CARTESIAN_POINT ( 'NONE',  ( -8.459745588292706800, -8.749385618508350500, -3.420080260974565500 ) ) ;
#6333 = ORIENTED_EDGE ( 'NONE', *, *, #3483, .T. ) ;
#6334 = ORIENTED_EDGE ( 'NONE', *, *, #596, .F. ) ;
#6335 = EDGE_CURVE ( 'NONE', #3166, #5550, #6828, .T. ) ;
#6336 =( BOUNDED_SURFACE ( )  B_SPLINE_SURFACE ( 3, 2, ( 
 ( #3186, #4971, #4516 ),
 ( #7619, #2641, #2749 ),
 ( #2100, #3948, #2022 ),
 ( #5758, #6409, #3838 ) ),
 .UNSPECIFIED., .F., .F., .F. ) 
 B_SPLINE_SURFACE_WITH_KNOTS ( ( 4, 4 ),
 ( 3, 3 ),
 ( 0.0000000000000000000, 0.0001338827292255131100 ),
 ( 0.0000000000000000000, 1.000000000000000000 ),
 .UNSPECIFIED. ) 
 GEOMETRIC_REPRESENTATION_ITEM ( )  RATIONAL_B_SPLINE_SURFACE ( (
 ( 1.000000000000000000, 0.7942172611763452800, 1.000000000000000000),
 ( 1.000000000000000000, 0.7936489068735840300, 1.000000000000000000),
 ( 1.000000000000000000, 0.7926971983875038500, 1.000000000000000000),
 ( 1.000000000000000000, 0.7913662164498372900, 1.000000000000000000) ) ) 
 REPRESENTATION_ITEM ( '' )  SURFACE ( )  );
#6337 = ORIENTED_EDGE ( 'NONE', *, *, #1828, .T. ) ;
#6338 = DIRECTION ( 'NONE',  ( 0.0000000000000000000, -1.000000000000000000, 0.0000000000000000000 ) ) ;
#6339 = ORIENTED_EDGE ( 'NONE', *, *, #1452, .F. ) ;
#6340 = AXIS2_PLACEMENT_3D ( 'NONE', #884, #1494, #3036 ) ;
#6341 = CARTESIAN_POINT ( 'NONE',  ( 0.0000000000000000000, -2.423611111111112000, 0.0000000000000000000 ) ) ;
#6342 = CARTESIAN_POINT ( 'NONE',  ( 10.99922914623921600, -8.722022313091772000, 0.1538719739926365500 ) ) ;
#6343 = FACE_OUTER_BOUND ( 'NONE', #1783, .T. ) ;
#6344 = ADVANCED_FACE ( 'NONE', ( #4829 ), #2811, .T. ) ;
#6345 = VERTEX_POINT ( 'NONE', #625 ) ;
#6346 = LOCAL_TIME ( 8, 14, 7.000000000000000000, #18 ) ;
#6347 = DIRECTION ( 'NONE',  ( -0.0000000000000000000, 1.000000000000000000, 7.274646834741446500E-016 ) ) ;
#6348 = ORIENTED_EDGE ( 'NONE', *, *, #574, .F. ) ;
#6349 = CARTESIAN_POINT ( 'NONE',  ( -8.584861152319090700, -0.6560812457199556300, -2.703414978039191000 ) ) ;
#6350 = CARTESIAN_POINT ( 'NONE',  ( -10.99602200798088700, -2.359937246941347800, 3.000000000000005300 ) ) ;
#6351 = DIRECTION ( 'NONE',  ( 0.0000000000000000000, 0.0000000000000000000, -1.000000000000000000 ) ) ;
#6352 = CARTESIAN_POINT ( 'NONE',  ( 11.17039095628375700, -2.381812712343645900, 2.887505804963673000 ) ) ;
#6353 = EDGE_CURVE ( 'NONE', #5186, #4658, #3808, .T. ) ;
#6354 = AXIS2_PLACEMENT_3D ( 'NONE', #4913, #4324, #6088 ) ;
#6355 = FACE_OUTER_BOUND ( 'NONE', #7316, .T. ) ;
#6356 = DIRECTION ( 'NONE',  ( 0.0000000000000000000, 0.0000000000000000000, -1.000000000000000000 ) ) ;
#6357 = ORIENTED_EDGE ( 'NONE', *, *, #6104, .T. ) ;
#6358 = CARTESIAN_POINT ( 'NONE',  ( -8.988044144874622900, -8.541617964191825500, 0.4637482612204580400 ) ) ;
#6359 = CARTESIAN_POINT ( 'NONE',  ( -8.677557259966652800, -1.010416666666667000, 3.000000000000006200 ) ) ;
#6360 = DIRECTION ( 'NONE',  ( -1.000000000000000000, -0.0000000000000000000, -0.0000000000000000000 ) ) ;
#6361 = ORIENTED_EDGE ( 'NONE', *, *, #3142, .T. ) ;
#6362 = CARTESIAN_POINT ( 'NONE',  ( -6.253606744053678700, 1.999999999999999600, 0.0000000000000000000 ) ) ;
#6363 = VECTOR ( 'NONE', #6203, 1000.000000000000000 ) ;
#6364 = EDGE_CURVE ( 'NONE', #825, #4927, #7454, .T. ) ;
#6365 = AXIS2_PLACEMENT_3D ( 'NONE', #7185, #383, #3549 ) ;
#6366 = ORIENTED_EDGE ( 'NONE', *, *, #3405, .F. ) ;
#6367 = CARTESIAN_POINT ( 'NONE',  ( 8.182944173180523300, 2.000000000000000000, -3.746922024623800000 ) ) ;
#6368 = LINE ( 'NONE', #7522, #3600 ) ;
#6369 =( NAMED_UNIT ( * ) PLANE_ANGLE_UNIT ( ) SI_UNIT ( $, .RADIAN. ) );
#6370 = ORIENTED_EDGE ( 'NONE', *, *, #339, .F. ) ;
#6371 = CYLINDRICAL_SURFACE ( 'NONE', #4475, 9.000000000000000000 ) ;
#6372 = CARTESIAN_POINT ( 'NONE',  ( -10.58887856671725600, -8.429460590039980200, 3.000000000000001800 ) ) ;
#6373 = CARTESIAN_POINT ( 'NONE',  ( -11.62797154374838900, -2.561111111111112200, 0.4708333333333341600 ) ) ;
#6374 = CARTESIAN_POINT ( 'NONE',  ( 11.20467811338918700, -7.172430905847723400, 0.3333333333333337600 ) ) ;
#6375 = CIRCLE ( 'NONE', #3329, 9.209999999999999100 ) ;
#6376 = AXIS2_PLACEMENT_3D ( 'NONE', #2954, #6711, #3603 ) ;
#6377 = ORIENTED_EDGE ( 'NONE', *, *, #2108, .F. ) ;
#6378 = CARTESIAN_POINT ( 'NONE',  ( -10.85229110474936400, -3.293409825023176300E-017, 0.4708333333333341600 ) ) ;
#6379 = CARTESIAN_POINT ( 'NONE',  ( -10.60209150170434400, -8.352977534924781000, -3.000000000000009300 ) ) ;
#6380 = CARTESIAN_POINT ( 'NONE',  ( 11.12908718079473400, -2.294794407238225400, 2.897139713971402600 ) ) ;
#6381 = FACE_OUTER_BOUND ( 'NONE', #5722, .T. ) ;
#6382 = CARTESIAN_POINT ( 'NONE',  ( -11.98608459299545000, -4.953012634110765900, -0.4762213221149663700 ) ) ;
#6383 = EDGE_CURVE ( 'NONE', #4190, #7523, #5768, .T. ) ;
#6384 = ADVANCED_FACE ( 'NONE', ( #5200 ), #3667, .T. ) ;
#6385 = CARTESIAN_POINT ( 'NONE',  ( -8.709803200125691100, -0.7029970120965372000, 2.834372874755788800 ) ) ;
#6386 = DIRECTION ( 'NONE',  ( 0.0000000000000000000, 0.0000000000000000000, 1.000000000000000000 ) ) ;
#6387 = CARTESIAN_POINT ( 'NONE',  ( 10.17458707870851100, 2.000000000000004400, -3.804166666666663100 ) ) ;
#6388 = AXIS2_PLACEMENT_3D ( 'NONE', #1913, #5623, #3134 ) ;
#6389 = SPHERICAL_SURFACE ( 'NONE', #5826, 0.1375000000000000100 ) ;
#6390 = DIRECTION ( 'NONE',  ( 0.0000000000000000000, -1.000000000000000000, 0.0000000000000000000 ) ) ;
#6391 = CARTESIAN_POINT ( 'NONE',  ( 11.12754340464321800, -1.795138888890240900, 0.3333333333333341500 ) ) ;
#6392 = ORIENTED_EDGE ( 'NONE', *, *, #2159, .T. ) ;
#6393 = CARTESIAN_POINT ( 'NONE',  ( -11.35274073614922900, -1.932638888888889200, 0.3333333333333341500 ) ) ;
#6394 = CIRCLE ( 'NONE', #7395, 0.1374999999999999300 ) ;
#6395 = CARTESIAN_POINT ( 'NONE',  ( -10.87206213280856900, -8.328576165024856000, 0.3333333333333337000 ) ) ;
#6396 = CARTESIAN_POINT ( 'NONE',  ( 10.48446196509711800, -8.416666666666671400, -3.000000000000004400 ) ) ;
#6397 = VECTOR ( 'NONE', #2185, 1000.000000000000000 ) ;
#6398 = CARTESIAN_POINT ( 'NONE',  ( 11.01644946929642700, -8.323592968122440500, 0.4765444609626241500 ) ) ;
#6399 = EDGE_CURVE ( 'NONE', #6939, #5567, #4321, .T. ) ;
#6400 = B_SPLINE_CURVE_WITH_KNOTS ( 'NONE', 3,
 ( #4718, #2254, #5335, #5892 ),
 .UNSPECIFIED., .F., .F.,
 ( 4, 4 ),
 ( 5.421010862427522200E-020, 6.913181708337901000E-005 ),
 .UNSPECIFIED. ) ;
#6401 = EDGE_LOOP ( 'NONE', ( #6620, #4499, #2199, #5763 ) ) ;
#6402 = EDGE_LOOP ( 'NONE', ( #6031, #1793, #5837, #5574 ) ) ;
#6403 = CARTESIAN_POINT ( 'NONE',  ( 10.85615493024235400, -8.627258546350116600, 0.2693898093019680400 ) ) ;
#6404 = CARTESIAN_POINT ( 'NONE',  ( -8.726781384821194400, -0.6666666666666661900, -2.744654231623117300 ) ) ;
#6405 = CARTESIAN_POINT ( 'NONE',  ( -10.98870754740149800, -0.9020223299789285100, -0.4998027149506535400 ) ) ;
#6406 = CARTESIAN_POINT ( 'NONE',  ( 8.546978422949370800, 2.000000000000000000, 2.819425444596451100 ) ) ;
#6407 = CIRCLE ( 'NONE', #6568, 0.1375000000000000400 ) ;
#6408 = ORIENTED_EDGE ( 'NONE', *, *, #5799, .F. ) ;
#6409 = CARTESIAN_POINT ( 'NONE',  ( 10.61362418823682300, -8.315935181604881900, 3.000000000000002200 ) ) ;
#6410 = EDGE_CURVE ( 'NONE', #6685, #2153, #7605, .T. ) ;
#6411 = EDGE_CURVE ( 'NONE', #4139, #3284, #4430, .T. ) ;
#6412 = AXIS2_PLACEMENT_3D ( 'NONE', #622, #1810, #1788 ) ;
#6413 = CARTESIAN_POINT ( 'NONE',  ( 11.08211367648663500, -1.788368143590810500, 0.4727626358661156700 ) ) ;
#6414 = ORIENTED_EDGE ( 'NONE', *, *, #5319, .F. ) ;
#6415 = CARTESIAN_POINT ( 'NONE',  ( -10.84018178033351800, -7.649915003794500700, -2.896604519642449000 ) ) ;
#6416 = CARTESIAN_POINT ( 'NONE',  ( 8.283025159320274600, -8.838583421055743000, 3.521401143147521800 ) ) ;
#6417 = CARTESIAN_POINT ( 'NONE',  ( -11.97716594857773000, -4.984036849272108300, -0.4760820234339755400 ) ) ;
#6418 = B_SPLINE_CURVE_WITH_KNOTS ( 'NONE', 3,
 ( #1061, #5443, #3587, #1772, #5350, #4121 ),
 .UNSPECIFIED., .F., .F.,
 ( 4, 2, 4 ),
 ( 0.0000000000000000000, 0.0002707883512175866900, 0.0005415767024351733900 ),
 .UNSPECIFIED. ) ;
#6419 = DIRECTION ( 'NONE',  ( 0.0000000000000000000, 0.0000000000000000000, 1.000000000000000000 ) ) ;
#6420 = VERTEX_POINT ( 'NONE', #2085 ) ;
#6421 = CARTESIAN_POINT ( 'NONE',  ( 11.85315241706703800, -1.976045895013905900E-017, -0.4708333333333341600 ) ) ;
#6422 = ORIENTED_EDGE ( 'NONE', *, *, #868, .T. ) ;
#6423 = CARTESIAN_POINT ( 'NONE',  ( 9.125361484468557500, -8.416666666666671400, 0.3333333333333338100 ) ) ;
#6424 = AXIS2_PLACEMENT_3D ( 'NONE', #3001, #7284, #560 ) ;
#6425 = CARTESIAN_POINT ( 'NONE',  ( -11.00614438190801200, -8.359398239012117300, 0.4766398870014274000 ) ) ;
#6426 = VERTEX_POINT ( 'NONE', #187 ) ;
#6427 = CARTESIAN_POINT ( 'NONE',  ( -11.39660536863643600, -7.002189753638937500, -0.4763520683915976600 ) ) ;
#6428 = ADVANCED_FACE ( 'NONE', ( #4633 ), #2562, .T. ) ;
#6429 = EDGE_LOOP ( 'NONE', ( #4353, #3231, #5463, #325 ) ) ;
#6430 = ORIENTED_EDGE ( 'NONE', *, *, #6260, .T. ) ;
#6431 = CARTESIAN_POINT ( 'NONE',  ( -10.99640278347121500, -8.556929181530488600, -0.3114268721303800600 ) ) ;
#6432 = CARTESIAN_POINT ( 'NONE',  ( -11.12754340464337200, -3.189583333333333700, -0.4708333333333341600 ) ) ;
#6433 = CARTESIAN_POINT ( 'NONE',  ( 10.76336378647493000, -3.189583333333333700, -3.000000000000007500 ) ) ;
#6434 = ORIENTED_EDGE ( 'NONE', *, *, #6262, .F. ) ;
#6435 = B_SPLINE_CURVE_WITH_KNOTS ( 'NONE', 3,
 ( #3400, #3944, #273, #3918, #1499, #249 ),
 .UNSPECIFIED., .F., .F.,
 ( 4, 2, 4 ),
 ( 0.0000000000000000000, 0.0002729427611971414800, 0.0005458855223942829600 ),
 .UNSPECIFIED. ) ;
#6436 = ORIENTED_EDGE ( 'NONE', *, *, #6364, .F. ) ;
#6437 = CARTESIAN_POINT ( 'NONE',  ( -10.63283582903065200, -1.729711961500688400, 2.893480160252514600 ) ) ;
#6438 = CARTESIAN_POINT ( 'NONE',  ( -10.61118939763454200, -1.694347259681114000, 2.898734131914875200 ) ) ;
#6439 = CARTESIAN_POINT ( 'NONE',  ( 1.102182119232617700E-015, -9.790000000000002700, -9.000000000000000000 ) ) ;
#6440 = DIRECTION ( 'NONE',  ( -0.0000000000000000000, 1.000000000000000000, -4.196911635427758100E-017 ) ) ;
#6441 =( BOUNDED_SURFACE ( )  B_SPLINE_SURFACE ( 3, 2, ( 
 ( #3404, #1591, #6545 ),
 ( #7709, #2798, #7645 ),
 ( #7763, #3375, #4098 ),
 ( #394, #4704, #1559 ),
 ( #5851, #2271, #7082 ),
 ( #421, #4677, #5261 ) ),
 .UNSPECIFIED., .F., .F., .F. ) 
 B_SPLINE_SURFACE_WITH_KNOTS ( ( 4, 2, 4 ),
 ( 3, 3 ),
 ( -1.528860588476121900E-016, 0.0001650298567834446200, 0.0003300597135670421000 ),
 ( 0.0000000000000000000, 1.000000000000000000 ),
 .UNSPECIFIED. ) 
 GEOMETRIC_REPRESENTATION_ITEM ( )  RATIONAL_B_SPLINE_SURFACE ( (
 ( 1.000000000000000000, 0.7071067811864278900, 1.000000000000000000),
 ( 1.000000000000000000, 0.6809924660792623400, 1.000000000000000000),
 ( 1.000000000000000000, 0.6508471343360025000, 1.000000000000000000),
 ( 1.000000000000000000, 0.6028243479678150300, 1.000000000000000000),
 ( 1.000000000000000000, 0.5856584955165631300, 1.000000000000000000),
 ( 1.000000000000000000, 0.5859737648376178700, 1.000000000000000000) ) ) 
 REPRESENTATION_ITEM ( '' )  SURFACE ( )  );
#6442 = VERTEX_POINT ( 'NONE', #1388 ) ;
#6443 = CARTESIAN_POINT ( 'NONE',  ( -10.98430145892008600, -0.6644084675989523300, 0.5945236916234065700 ) ) ;
#6444 = LINE ( 'NONE', #5064, #4534 ) ;
#6445 = ORIENTED_EDGE ( 'NONE', *, *, #4004, .T. ) ;
#6446 = EDGE_CURVE ( 'NONE', #310, #6530, #1340, .T. ) ;
#6447 = CARTESIAN_POINT ( 'NONE',  ( -8.505332865593587100, -0.8000886029786775700, 2.947775841976235900 ) ) ;
#6448 = ADVANCED_FACE ( 'NONE', ( #5667 ), #3059, .T. ) ;
#6449 = LINE ( 'NONE', #1144, #2423 ) ;
#6450 = DIRECTION ( 'NONE',  ( 0.0000000000000000000, 1.133581677370982300E-015, 1.000000000000000000 ) ) ;
#6451 = LINE ( 'NONE', #7593, #406 ) ;
#6452 = EDGE_CURVE ( 'NONE', #5452, #2515, #5047, .T. ) ;
#6453 = CARTESIAN_POINT ( 'NONE',  ( -10.86325305599029700, -8.372267217126784900, 0.3333333333333337000 ) ) ;
#6454 = CARTESIAN_POINT ( 'NONE',  ( 8.242938202538153900, -8.618872190291828200, 3.614767170578701900 ) ) ;
#6455 = VERTEX_POINT ( 'NONE', #5894 ) ;
#6456 = CARTESIAN_POINT ( 'NONE',  ( -11.97716594857773000, -4.984036849272108300, -0.4760820234339755400 ) ) ;
#6457 = ORIENTED_EDGE ( 'NONE', *, *, #6521, .F. ) ;
#6458 = B_SPLINE_CURVE_WITH_KNOTS ( 'NONE', 3,
 ( #3612, #1135, #4842, #4351, #6164, #5520 ),
 .UNSPECIFIED., .F., .F.,
 ( 4, 2, 4 ),
 ( 0.0000000000000000000, 0.0001648485542401922000, 0.0003296971084803844000 ),
 .UNSPECIFIED. ) ;
#6459 = CARTESIAN_POINT ( 'NONE',  ( -8.182944173180521500, -8.544941328391239200, 3.746922024623810600 ) ) ;
#6460 = CARTESIAN_POINT ( 'NONE',  ( 0.0000000000000000000, 2.000000000000000000, 0.0000000000000000000 ) ) ;
#6461 = CARTESIAN_POINT ( 'NONE',  ( -10.17458707870851100, 2.000000000000004400, 3.804166666666661400 ) ) ;
#6462 = DIRECTION ( 'NONE',  ( -0.0000000000000000000, 1.000000000000000000, -0.0000000000000000000 ) ) ;
#6463 = ORIENTED_EDGE ( 'NONE', *, *, #7903, .F. ) ;
#6464 = EDGE_CURVE ( 'NONE', #2961, #4703, #5974, .T. ) ;
#6465 = AXIS2_PLACEMENT_3D ( 'NONE', #537, #1165, #2373 ) ;
#6466 = VECTOR ( 'NONE', #2890, 1000.000000000000000 ) ;
#6467 = VERTEX_POINT ( 'NONE', #2114 ) ;
#6468 = FACE_OUTER_BOUND ( 'NONE', #2308, .T. ) ;
#6469 = CARTESIAN_POINT ( 'NONE',  ( -10.65293728971599100, -1.753369210725209500, 2.888632929785151000 ) ) ;
#6470 = CARTESIAN_POINT ( 'NONE',  ( 0.0000000000000000000, 2.000000000000000000, 0.0000000000000000000 ) ) ;
#6471 = CARTESIAN_POINT ( 'NONE',  ( 8.988044143389418000, -0.9563051672087981000, 0.4637482900129499300 ) ) ;
#6472 = ADVANCED_FACE ( 'NONE', ( #3589 ), #6977, .T. ) ;
#6473 = CARTESIAN_POINT ( 'NONE',  ( -11.14258195757851400, -2.344862192287101400, 2.893980747231964300 ) ) ;
#6474 = FACE_OUTER_BOUND ( 'NONE', #7141, .T. ) ;
#6475 = B_SPLINE_CURVE_WITH_KNOTS ( 'NONE', 3,
 ( #845, #896, #338, #5792, #6413, #7031, #7650, #306, #2775, #4597, #923, #5204, #5705, #2051, #2669, #6951 ),
 .UNSPECIFIED., .F., .F.,
 ( 4, 3, 3, 3, 3, 4 ),
 ( 0.0000000000000000000, 3.059960594286258000E-005, 7.728019212830128400E-005, 0.0001238834526644765700, 0.0001704262778875482600, 0.0002169435683465391400 ),
 .UNSPECIFIED. ) ;
#6476 = ORIENTED_EDGE ( 'NONE', *, *, #2380, .F. ) ;
#6477 = B_SPLINE_CURVE_WITH_KNOTS ( 'NONE', 3,
 ( #5456, #3646, #1785, #1197, #3006, #6023 ),
 .UNSPECIFIED., .F., .F.,
 ( 4, 2, 4 ),
 ( 0.0000000000000000000, 0.0002148951292376822900, 0.0004297902584753645800 ),
 .UNSPECIFIED. ) ;
#6478 = ADVANCED_FACE ( 'NONE', ( #2617 ), #3416, .T. ) ;
#6479 = EDGE_CURVE ( 'NONE', #6939, #384, #7888, .T. ) ;
#6480 = CARTESIAN_POINT ( 'NONE',  ( -10.41666937021405600, -8.873624616977481900, -3.536514010989594500 ) ) ;
#6481 = DIRECTION ( 'NONE',  ( 0.0000000000000000000, -1.000000000000000000, 1.219727444046190300E-016 ) ) ;
#6482 = LINE ( 'NONE', #5472, #4943 ) ;
#6483 = CARTESIAN_POINT ( 'NONE',  ( -11.27996010631243400, -2.423611111111112000, 2.862500000000005200 ) ) ;
#6484 = CARTESIAN_POINT ( 'NONE',  ( -10.60159463338569800, -8.630101890864743600, 2.933743910764686500 ) ) ;
#6485 = CARTESIAN_POINT ( 'NONE',  ( 8.611334613699362700, -0.8041666666666669200, 2.616279069767447400 ) ) ;
#6486 = CARTESIAN_POINT ( 'NONE',  ( -10.99009943064561400, -8.513508640916526800, 0.4665988689687421400 ) ) ;
#6487 = AXIS2_PLACEMENT_3D ( 'NONE', #6102, #5387, #1716 ) ;
#6488 = CYLINDRICAL_SURFACE ( 'NONE', #2960, 13.00000000000000000 ) ;
#6489 = CARTESIAN_POINT ( 'NONE',  ( -13.00000000000000000, -1.010416666666666500, -3.000000000000006700 ) ) ;
#6490 = DIRECTION ( 'NONE',  ( 0.0000000000000000000, -1.000000000000000000, 0.0000000000000000000 ) ) ;
#6491 = CARTESIAN_POINT ( 'NONE',  ( 11.05488069440146300, -3.189583333333332300, -0.3333333333333341500 ) ) ;
#6492 = CARTESIAN_POINT ( 'NONE',  ( 0.0000000000000000000, -2.168404344971008900E-015, 9.000000000000000000 ) ) ;
#6493 = DIRECTION ( 'NONE',  ( -1.000000000000000000, -0.0000000000000000000, 0.0000000000000000000 ) ) ;
#6494 = CARTESIAN_POINT ( 'NONE',  ( -10.76336378647493000, -1.795138888888889300, 2.862500000000006900 ) ) ;
#6495 = CYLINDRICAL_SURFACE ( 'NONE', #7535, 0.1375000000000000400 ) ;
#6496 = EDGE_CURVE ( 'NONE', #6467, #1952, #3766, .T. ) ;
#6497 = DIRECTION ( 'NONE',  ( 0.0000000000000000000, 0.0000000000000000000, 1.000000000000000000 ) ) ;
#6498 = CARTESIAN_POINT ( 'NONE',  ( 10.97861004775703500, -0.8041666666666665900, 0.6856540084388194100 ) ) ;
#6499 = DIRECTION ( 'NONE',  ( 0.0000000000000000000, 0.0000000000000000000, -1.000000000000000000 ) ) ;
#6500 = AXIS2_PLACEMENT_3D ( 'NONE', #4379, #1318, #5599 ) ;
#6501 = ORIENTED_EDGE ( 'NONE', *, *, #819, .T. ) ;
#6502 = CIRCLE ( 'NONE', #302, 0.1374999999999996200 ) ;
#6503 = SPHERICAL_SURFACE ( 'NONE', #4399, 0.1375000000000000100 ) ;
#6504 = CARTESIAN_POINT ( 'NONE',  ( -13.00000000000000000, -1.010416666666667000, 3.000000000000006200 ) ) ;
#6505 = CARTESIAN_POINT ( 'NONE',  ( 10.98363903008028700, -1.902786707956011900, 0.3333333333333341500 ) ) ;
#6506 = CARTESIAN_POINT ( 'NONE',  ( 11.12754340464337100, -1.795138888888889300, 0.4708333333333341000 ) ) ;
#6507 = CARTESIAN_POINT ( 'NONE',  ( -10.99880052175744700, -8.395807456933765100, 0.4767081896817299000 ) ) ;
#6508 = ORIENTED_EDGE ( 'NONE', *, *, #7273, .F. ) ;
#6509 = CARTESIAN_POINT ( 'NONE',  ( -10.66604804961214900, -0.8041666666666664700, -2.689873417721526200 ) ) ;
#6510 = CARTESIAN_POINT ( 'NONE',  ( -10.85800004235543500, -8.416666666666671400, -0.3333333333333339300 ) ) ;
#6511 = EDGE_LOOP ( 'NONE', ( #5748, #1917, #1508, #4417 ) ) ;
#6512 = ADVANCED_FACE ( 'NONE', ( #4348 ), #4443, .T. ) ;
#6513 = EDGE_CURVE ( 'NONE', #3284, #6166, #1965, .T. ) ;
#6514 = B_SPLINE_CURVE_WITH_KNOTS ( 'NONE', 3,
 ( #4003, #6519, #7140, #3401, #5813, #4674, #332, #2857, #7760, #5877 ),
 .UNSPECIFIED., .F., .F.,
 ( 4, 2, 2, 2, 4 ),
 ( 0.0000000000000000000, 0.0002583868314557809500, 0.0005167736629115619000, 0.0007751604943673428500, 0.001033547325823123800 ),
 .UNSPECIFIED. ) ;
#6515 = ORIENTED_EDGE ( 'NONE', *, *, #5852, .F. ) ;
#6516 = CARTESIAN_POINT ( 'NONE',  ( -10.71171687877648200, -3.043885215345964100, -2.874621938121031800 ) ) ;
#6517 = CARTESIAN_POINT ( 'NONE',  ( 10.98966187822720600, -1.010416666666666500, 0.4767932489451486300 ) ) ;
#6518 = EDGE_LOOP ( 'NONE', ( #2689, #2191, #6799, #6657 ) ) ;
#6519 = CARTESIAN_POINT ( 'NONE',  ( 10.46890207949891800, -8.569892003902527500, -3.024921510137160500 ) ) ;
#6520 = VERTEX_POINT ( 'NONE', #7236 ) ;
#6521 = EDGE_CURVE ( 'NONE', #2795, #2234, #1947, .T. ) ;
#6522 = EDGE_CURVE ( 'NONE', #7001, #4927, #3402, .T. ) ;
#6523 = ORIENTED_EDGE ( 'NONE', *, *, #1299, .T. ) ;
#6524 = CARTESIAN_POINT ( 'NONE',  ( 8.988044143389005900, -8.540138716793631300, -0.4637482900136804000 ) ) ;
#6525 = CARTESIAN_POINT ( 'NONE',  ( -11.12908718079473400, -2.301177402104955600, 2.897139713971402600 ) ) ;
#6526 = CARTESIAN_POINT ( 'NONE',  ( 11.97716594857773000, -4.984036849272108300, 0.4760820234339752700 ) ) ;
#6527 = ORIENTED_EDGE ( 'NONE', *, *, #4473, .T. ) ;
#6528 = CARTESIAN_POINT ( 'NONE',  ( -11.84512056720710000, -4.946053714713289500, 0.3333333333333339300 ) ) ;
#6529 = B_SPLINE_CURVE_WITH_KNOTS ( 'NONE', 3,
 ( #3050, #5447, #6092, #7934, #7336, #3659 ),
 .UNSPECIFIED., .F., .F.,
 ( 4, 2, 4 ),
 ( 0.0000000000000000000, 0.0002148949975207792500, 0.0004297899950415585100 ),
 .UNSPECIFIED. ) ;
#6530 = VERTEX_POINT ( 'NONE', #4130 ) ;
#6531 = CARTESIAN_POINT ( 'NONE',  ( 10.37279332050153400, -8.416666666666671400, 3.666666666666670500 ) ) ;
#6532 = ORIENTED_EDGE ( 'NONE', *, *, #4675, .F. ) ;
#6533 = CARTESIAN_POINT ( 'NONE',  ( 0.0000000000000000000, -4.889079012875070500, 0.0000000000000000000 ) ) ;
#6534 = EDGE_LOOP ( 'NONE', ( #4607, #422, #5973, #3314 ) ) ;
#6535 = CARTESIAN_POINT ( 'NONE',  ( -10.99820235350845900, -8.849941954914463300, -0.2161211450956445900 ) ) ;
#6536 = ORIENTED_EDGE ( 'NONE', *, *, #6640, .F. ) ;
#6537 = CARTESIAN_POINT ( 'NONE',  ( 11.65694847563808900, -6.097228145099036200, -0.4762236886384461600 ) ) ;
#6538 = CARTESIAN_POINT ( 'NONE',  ( -10.76336378647492800, -3.052083333333333900, -2.862500000000007800 ) ) ;
#6539 = CARTESIAN_POINT ( 'NONE',  ( 9.125361484468559300, -1.010416666666666500, 0.3333333333333342600 ) ) ;
#6540 = DIRECTION ( 'NONE',  ( -0.0000000000000000000, 1.000000000000000000, -0.0000000000000000000 ) ) ;
#6541 = EDGE_CURVE ( 'NONE', #5598, #527, #893, .T. ) ;
#6542 = CYLINDRICAL_SURFACE ( 'NONE', #3260, 0.1375000000000000400 ) ;
#6543 = ORIENTED_EDGE ( 'NONE', *, *, #7288, .T. ) ;
#6544 = PERSON_AND_ORGANIZATION ( #1598, #4343 ) ;
#6545 = CARTESIAN_POINT ( 'NONE',  ( 8.611334613699289900, -0.8041666666666664700, -2.616279069767684500 ) ) ;
#6546 = ORIENTED_EDGE ( 'NONE', *, *, #6965, .T. ) ;
#6547 = CARTESIAN_POINT ( 'NONE',  ( -10.68981691805477400, -1.932638784758728100, 3.000000000000005800 ) ) ;
#6548 = ADVANCED_FACE ( 'NONE', ( #3005 ), #3737, .T. ) ;
#6549 = CARTESIAN_POINT ( 'NONE',  ( -8.987012303436005200, -0.7078083627916419400, 0.4915736297071925400 ) ) ;
#6550 = VECTOR ( 'NONE', #7669, 1000.000000000000000 ) ;
#6551 = CARTESIAN_POINT ( 'NONE',  ( 10.66604804961214900, -0.6666666666666668500, 2.689873417721524900 ) ) ;
#6552 = ORIENTED_EDGE ( 'NONE', *, *, #7635, .T. ) ;
#6553 = EDGE_CURVE ( 'NONE', #4650, #5207, #2, .T. ) ;
#6554 = EDGE_CURVE ( 'NONE', #2469, #4120, #5643, .T. ) ;
#6555 = AXIS2_PLACEMENT_3D ( 'NONE', #81, #5586, #159 ) ;
#6556 = DIRECTION ( 'NONE',  ( 0.0000000000000000000, -0.2056820692032289800, 0.9786188667751495300 ) ) ;
#6557 = ORIENTED_EDGE ( 'NONE', *, *, #1680, .T. ) ;
#6558 = CARTESIAN_POINT ( 'NONE',  ( -11.01644946929642500, -8.323592968122445900, -0.4765444609626243700 ) ) ;
#6559 = FACE_OUTER_BOUND ( 'NONE', #7112, .T. ) ;
#6560 = CARTESIAN_POINT ( 'NONE',  ( -13.00000000000000000, 0.0000000000000000000, 3.666666666666664300 ) ) ;
#6561 = CARTESIAN_POINT ( 'NONE',  ( -10.47854955286895200, -0.9176434818726193500, -3.000000000000113200 ) ) ;
#6562 = LINE ( 'NONE', #3, #3023 ) ;
#6563 = ORIENTED_EDGE ( 'NONE', *, *, #1722, .F. ) ;
#6564 = CIRCLE ( 'NONE', #1329, 0.1375000000000000400 ) ;
#6565 = CARTESIAN_POINT ( 'NONE',  ( 8.546978422949372600, 2.000000000000000000, -2.819425444596448400 ) ) ;
#6566 = CARTESIAN_POINT ( 'NONE',  ( 11.99622265472732400, -4.889079012875070500, -0.3333333333333322600 ) ) ;
#6567 = EDGE_CURVE ( 'NONE', #1822, #7889, #800, .T. ) ;
#6568 = AXIS2_PLACEMENT_3D ( 'NONE', #1832, #1213, #2456 ) ;
#6569 = VECTOR ( 'NONE', #1017, 1000.000000000000000 ) ;
#6570 = ORIENTED_EDGE ( 'NONE', *, *, #6976, .F. ) ;
#6571 = CARTESIAN_POINT ( 'NONE',  ( 10.76336378647493100, -1.932638888888889200, 3.000000000000005800 ) ) ;
#6572 = CARTESIAN_POINT ( 'NONE',  ( 8.988044143389002400, -8.540138253562936700, 0.4637482900136803400 ) ) ;
#6573 = CARTESIAN_POINT ( 'NONE',  ( 8.345929598231858600, -8.761844929221604500, -3.369508173796986300 ) ) ;
#6574 = DIRECTION ( 'NONE',  ( -0.2854934147699853500, -0.9583806707790872800, -0.0000000000000000000 ) ) ;
#6575 = TOROIDAL_SURFACE ( 'NONE', #7576, 11.63750000000000100, 0.1375000000000000100 ) ;
#6576 = CARTESIAN_POINT ( 'NONE',  ( -8.988044143389004100, -1.010416666666666500, 0.4637482900136808400 ) ) ;
#6577 = CARTESIAN_POINT ( 'NONE',  ( 10.84764120914009000, -0.7039910938979158100, 0.4973472583472472500 ) ) ;
#6578 = CARTESIAN_POINT ( 'NONE',  ( 10.69312570952393300, -3.037483168305806600, -2.879022283004593500 ) ) ;
#6579 = CARTESIAN_POINT ( 'NONE',  ( -11.64538703507234300, -4.921381413545059800, -2.895679678999228300 ) ) ;
#6580 = CARTESIAN_POINT ( 'NONE',  ( -10.48494578076300200, -0.8282618275503521600, -2.961266393989910200 ) ) ;
#6581 = DIRECTION ( 'NONE',  ( 0.0000000000000000000, 1.000000000000000000, 1.219727444046190300E-016 ) ) ;
#6582 = FACE_OUTER_BOUND ( 'NONE', #1704, .T. ) ;
#6583 = ADVANCED_FACE ( 'NONE', ( #7123 ), #704, .F. ) ;
#6584 = ORIENTED_EDGE ( 'NONE', *, *, #4409, .T. ) ;
#6585 = CARTESIAN_POINT ( 'NONE',  ( -11.69841093490492900, -5.953073348933270600, 0.4762078918495475900 ) ) ;
#6586 = CYLINDRICAL_SURFACE ( 'NONE', #7753, 0.1375000000000000400 ) ;
#6587 = DIRECTION ( 'NONE',  ( 0.0000000000000000000, 0.0000000000000000000, -1.000000000000000000 ) ) ;
#6588 = CARTESIAN_POINT ( 'NONE',  ( 10.66582764644188900, -1.763093532464532700, 2.885543017670471900 ) ) ;
#6589 = ORIENTED_EDGE ( 'NONE', *, *, #1685, .F. ) ;
#6590 = DIRECTION ( 'NONE',  ( -0.0000000000000000000, 1.000000000000000000, -0.0000000000000000000 ) ) ;
#6591 = ORIENTED_EDGE ( 'NONE', *, *, #6383, .F. ) ;
#6592 = DIRECTION ( 'NONE',  ( -0.0000000000000000000, 1.000000000000000000, -0.0000000000000000000 ) ) ;
#6593 = CYLINDRICAL_SURFACE ( 'NONE', #1221, 0.1375000000000000400 ) ;
#6594 = EDGE_CURVE ( 'NONE', #262, #3598, #318, .T. ) ;
#6595 = DIRECTION ( 'NONE',  ( -0.2764795722261332900, 0.9610197948750350800, 0.0000000000000000000 ) ) ;
#6596 = CARTESIAN_POINT ( 'NONE',  ( -11.64538703909961700, -3.189583333333333700, -2.895679662802956400 ) ) ;
#6597 = EDGE_CURVE ( 'NONE', #2213, #6467, #1091, .T. ) ;
#6598 = AXIS2_PLACEMENT_3D ( 'NONE', #5400, #1735, #2871 ) ;
#6599 = AXIS2_PLACEMENT_3D ( 'NONE', #3897, #5100, #3816 ) ;
#6600 = EDGE_LOOP ( 'NONE', ( #1350, #4994, #7238, #2797 ) ) ;
#6601 = CARTESIAN_POINT ( 'NONE',  ( 10.35834435142093400, -8.756250747606307200, 3.290541095514182900 ) ) ;
#6602 = EDGE_LOOP ( 'NONE', ( #1044, #7590, #2691, #1500 ) ) ;
#6603 = DIRECTION ( 'NONE',  ( 0.0000000000000000000, -1.000000000000000000, 0.0000000000000000000 ) ) ;
#6604 = CARTESIAN_POINT ( 'NONE',  ( -11.63191935903348900, -4.984036849272107400, -2.894410177868509400 ) ) ;
#6605 = CARTESIAN_POINT ( 'NONE',  ( 11.61778648497326900, -2.423611111111112000, 0.4712443931363935500 ) ) ;
#6606 = CARTESIAN_POINT ( 'NONE',  ( -10.72561715663039200, -3.060877932172855900, -3.000000000000007500 ) ) ;
#6607 = ORIENTED_EDGE ( 'NONE', *, *, #6116, .F. ) ;
#6608 = EDGE_CURVE ( 'NONE', #2285, #5454, #4063, .T. ) ;
#6609 = VERTEX_POINT ( 'NONE', #4229 ) ;
#6610 = CARTESIAN_POINT ( 'NONE',  ( -10.66604804961214900, -0.6666666666666669600, 2.689873417721526200 ) ) ;
#6611 = CARTESIAN_POINT ( 'NONE',  ( -11.08211367648663500, -3.045312588035255200, -0.4727626358661156700 ) ) ;
#6612 = CARTESIAN_POINT ( 'NONE',  ( 10.61660321201027900, -3.160864486438074800, -3.000000000000007500 ) ) ;
#6613 = CARTESIAN_POINT ( 'NONE',  ( 11.63191935903338600, -4.984036849272459200, -2.894410177868509800 ) ) ;
#6614 = ORIENTED_EDGE ( 'NONE', *, *, #6541, .T. ) ;
#6615 = EDGE_LOOP ( 'NONE', ( #471, #5518, #5714, #5798 ) ) ;
#6616 = CARTESIAN_POINT ( 'NONE',  ( 0.0000000000000000000, -1.657638888888889300, 0.0000000000000000000 ) ) ;
#6617 = EDGE_CURVE ( 'NONE', #6667, #6733, #7227, .T. ) ;
#6618 = CARTESIAN_POINT ( 'NONE',  ( 9.125361484468557500, -8.504776521751582100, 0.3333333333333339300 ) ) ;
#6619 = CARTESIAN_POINT ( 'NONE',  ( -10.47854951794378300, -1.010416666666666500, -2.862500000000006500 ) ) ;
#6620 = ORIENTED_EDGE ( 'NONE', *, *, #3734, .T. ) ;
#6621 = CARTESIAN_POINT ( 'NONE',  ( -13.00000000000000000, -8.416666666666671400, 3.000000000000000900 ) ) ;
#6622 = ORIENTED_EDGE ( 'NONE', *, *, #4247, .T. ) ;
#6623 = DIRECTION ( 'NONE',  ( -0.0000000000000000000, 1.000000000000000000, -0.0000000000000000000 ) ) ;
#6624 = CIRCLE ( 'NONE', #5354, 11.86249999999999900 ) ;
#6625 = ORIENTED_EDGE ( 'NONE', *, *, #1058, .T. ) ;
#6626 = CARTESIAN_POINT ( 'NONE',  ( -10.37871040819777600, -8.821365928657135300, 3.645468538607808700 ) ) ;
#6627 = CIRCLE ( 'NONE', #168, 12.00000000000000000 ) ;
#6628 = AXIS2_PLACEMENT_3D ( 'NONE', #7187, #2907, #968 ) ;
#6629 = CARTESIAN_POINT ( 'NONE',  ( 11.51195031260993500, -2.561111111111112200, 2.862500000000005200 ) ) ;
#6630 = CARTESIAN_POINT ( 'NONE',  ( 11.99161100192527500, -4.954069349571757800, 0.3333333333333353700 ) ) ;
#6631 = CARTESIAN_POINT ( 'NONE',  ( -10.98966187822720600, -1.657638888888889300, 0.4767932489451486300 ) ) ;
#6632 = ORIENTED_EDGE ( 'NONE', *, *, #4352, .T. ) ;
#6633 = LINE ( 'NONE', #3687, #514 ) ;
#6634 = TOROIDAL_SURFACE ( 'NONE', #6487, 10.86249999999999900, 0.1375000000000000100 ) ;
#6635 = CARTESIAN_POINT ( 'NONE',  ( 8.546978422949370800, -1.010416666666667000, 2.819425444596448400 ) ) ;
#6636 = DIRECTION ( 'NONE',  ( -1.000000000000000000, -0.0000000000000000000, -0.0000000000000000000 ) ) ;
#6637 = CARTESIAN_POINT ( 'NONE',  ( -13.00000000000000000, -3.189583333333334100, -0.4708333333333341000 ) ) ;
#6638 = EDGE_LOOP ( 'NONE', ( #7617, #5127, #2663, #7192 ) ) ;
#6639 = CARTESIAN_POINT ( 'NONE',  ( -8.307961375826334200, -8.416666666666671400, -3.666666666666675800 ) ) ;
#6640 = EDGE_CURVE ( 'NONE', #4333, #1574, #6633, .T. ) ;
#6641 = ORIENTED_EDGE ( 'NONE', *, *, #6696, .F. ) ;
#6642 = CIRCLE ( 'NONE', #2222, 10.78999999999999900 ) ;
#6643 = AXIS2_PLACEMENT_3D ( 'NONE', #4252, #583, #1971 ) ;
#6644 = CARTESIAN_POINT ( 'NONE',  ( 11.64088229691267400, -4.953065796067800600, 2.895255626311201300 ) ) ;
#6645 = ORIENTED_EDGE ( 'NONE', *, *, #1510, .T. ) ;
#6646 = CARTESIAN_POINT ( 'NONE',  ( 10.85800004235542600, -8.416666666666671400, -0.3333333333333339300 ) ) ;
#6647 = CARTESIAN_POINT ( 'NONE',  ( 8.459562726683206100, -8.749319183702187500, -3.420399852161512200 ) ) ;
#6648 = CIRCLE ( 'NONE', #6653, 0.2100000000000001300 ) ;
#6649 = ORIENTED_EDGE ( 'NONE', *, *, #5772, .T. ) ;
#6650 = FACE_BOUND ( 'NONE', #1, .T. ) ;
#6651 = CARTESIAN_POINT ( 'NONE',  ( 0.0000000000000000000, -2.286111111111111900, 0.0000000000000000000 ) ) ;
#6652 = EDGE_CURVE ( 'NONE', #4429, #6690, #7315, .T. ) ;
#6653 = AXIS2_PLACEMENT_3D ( 'NONE', #5477, #7919, #664 ) ;
#6654 = CARTESIAN_POINT ( 'NONE',  ( 12.92696701773796700, 0.5403851024289089100, 1.583096878095620500E-015 ) ) ;
#6655 = VECTOR ( 'NONE', #7653, 1000.000000000000000 ) ;
#6656 = CARTESIAN_POINT ( 'NONE',  ( 8.307961375826321800, -8.416666666666671400, -3.666666666666675800 ) ) ;
#6657 = ORIENTED_EDGE ( 'NONE', *, *, #4964, .F. ) ;
#6658 = DIRECTION ( 'NONE',  ( 0.0000000000000000000, 0.0000000000000000000, -1.000000000000000000 ) ) ;
#6659 = CARTESIAN_POINT ( 'NONE',  ( -8.546978422949383300, -0.9549906887783454800, 2.819425444596476800 ) ) ;
#6660 = CIRCLE ( 'NONE', #6598, 0.1375000000000000400 ) ;
#6661 = CARTESIAN_POINT ( 'NONE',  ( 11.06713829267079800, -8.147406267158769900, 0.4765180069357564100 ) ) ;
#6662 = EDGE_CURVE ( 'NONE', #1456, #4658, #1364, .T. ) ;
#6663 = EDGE_CURVE ( 'NONE', #3055, #5598, #6449, .T. ) ;
#6664 = AXIS2_PLACEMENT_3D ( 'NONE', #2306, #6581, #2878 ) ;
#6665 = CARTESIAN_POINT ( 'NONE',  ( 11.50368023849098800, -4.946053714713643000, -3.000000000000008400 ) ) ;
#6666 = VECTOR ( 'NONE', #2030, 1000.000000000000000 ) ;
#6667 = VERTEX_POINT ( 'NONE', #5428 ) ;
#6668 = DIRECTION ( 'NONE',  ( 0.0000000000000000000, 1.219727444046190300E-016, -1.000000000000000000 ) ) ;
#6669 = CARTESIAN_POINT ( 'NONE',  ( 10.61362418823683700, -8.315935181604883700, -3.000000000000010700 ) ) ;
#6670 = CARTESIAN_POINT ( 'NONE',  ( -8.979268836714899400, -0.8041666666666665900, -0.6129121913751015600 ) ) ;
#6671 = CIRCLE ( 'NONE', #4365, 0.1375000000000000400 ) ;
#6672 = CARTESIAN_POINT ( 'NONE',  ( -13.00000000000000000, -8.416666666666671400, -0.3333333333333339300 ) ) ;
#6673 =( BOUNDED_SURFACE ( )  B_SPLINE_SURFACE ( 3, 2, ( 
 ( #6959, #3304, #3905 ),
 ( #6265, #346, #7656 ),
 ( #7122, #2844, #5272 ),
 ( #3384, #6447, #5862 ),
 ( #3470, #987, #3417 ),
 ( #2812, #2194, #5213 ) ),
 .UNSPECIFIED., .F., .F., .F. ) 
 B_SPLINE_SURFACE_WITH_KNOTS ( ( 4, 2, 4 ),
 ( 3, 3 ),
 ( 0.0000000000000000000, 0.0001650298567836457900, 0.0003300597135672915800 ),
 ( 0.0000000000000000000, 1.000000000000000000 ),
 .UNSPECIFIED. ) 
 GEOMETRIC_REPRESENTATION_ITEM ( )  RATIONAL_B_SPLINE_SURFACE ( (
 ( 1.000000000000000000, 0.7071067811865475700, 1.000000000000000000),
 ( 1.000000000000000000, 0.6809924660792694400, 1.000000000000000000),
 ( 1.000000000000000000, 0.6508471343360067200, 1.000000000000000000),
 ( 1.000000000000000000, 0.6028243479678521100, 1.000000000000000000),
 ( 1.000000000000000000, 0.5856584955165443600, 1.000000000000000000),
 ( 1.000000000000000000, 0.5859737648376178700, 1.000000000000000000) ) ) 
 REPRESENTATION_ITEM ( '' )  SURFACE ( )  );
#6674 = CARTESIAN_POINT ( 'NONE',  ( 6.253606744053681300, 1.999999999999999600, -12.50721348810735700 ) ) ;
#6675 = CARTESIAN_POINT ( 'NONE',  ( 9.124254312862358800, -0.8304636415523463100, 0.3707778735909798000 ) ) ;
#6676 = CARTESIAN_POINT ( 'NONE',  ( -10.86325338064784600, -8.372264427882324600, -0.3333333333333339300 ) ) ;
#6677 = EDGE_LOOP ( 'NONE', ( #2446, #1831, #6788, #2027, #3656, #6584, #22, #5947, #7193, #6126 ) ) ;
#6678 = DIRECTION ( 'NONE',  ( -0.0000000000000000000, 1.000000000000000000, -0.0000000000000000000 ) ) ;
#6679 = CARTESIAN_POINT ( 'NONE',  ( 10.47854951794378300, -1.657638888888889300, 3.000000000000005800 ) ) ;
#6680 = FACE_OUTER_BOUND ( 'NONE', #5339, .T. ) ;
#6681 = FACE_OUTER_BOUND ( 'NONE', #5646, .T. ) ;
#6682 = DIRECTION ( 'NONE',  ( 0.0000000000000000000, 0.0000000000000000000, 1.000000000000000000 ) ) ;
#6683 = CARTESIAN_POINT ( 'NONE',  ( -6.253606744053680400, 1.999999999999999600, 0.0000000000000000000 ) ) ;
#6684 = CARTESIAN_POINT ( 'NONE',  ( 10.85800004235543300, -8.416666666666671400, -0.3333333333333339300 ) ) ;
#6685 = VERTEX_POINT ( 'NONE', #5028 ) ;
#6686 = DIRECTION ( 'NONE',  ( 0.0000000000000000000, 0.0000000000000000000, -1.000000000000000000 ) ) ;
#6687 = ORIENTED_EDGE ( 'NONE', *, *, #2272, .T. ) ;
#6688 = DIRECTION ( 'NONE',  ( 1.000000000000000000, 0.0000000000000000000, 0.0000000000000000000 ) ) ;
#6689 = VERTEX_POINT ( 'NONE', #3163 ) ;
#6690 = VERTEX_POINT ( 'NONE', #3193 ) ;
#6691 = EDGE_LOOP ( 'NONE', ( #3914, #4435, #381, #4821 ) ) ;
#6692 = CARTESIAN_POINT ( 'NONE',  ( 10.99860860381057900, -8.450673309937908300, -0.3321641899692074400 ) ) ;
#6693 = CARTESIAN_POINT ( 'NONE',  ( -8.677557259966649300, -1.010416666666667000, 2.862500000000006000 ) ) ;
#6694 = CARTESIAN_POINT ( 'NONE',  ( -11.00461216178203500, -2.986438267648660700, -0.4761273833009232500 ) ) ;
#6695 = ORIENTED_EDGE ( 'NONE', *, *, #6496, .T. ) ;
#6696 = EDGE_CURVE ( 'NONE', #6039, #3598, #1753, .T. ) ;
#6697 = AXIS2_PLACEMENT_3D ( 'NONE', #4673, #2935, #3507 ) ;
#6698 = EDGE_CURVE ( 'NONE', #7610, #1245, #6275, .T. ) ;
#6699 = ORIENTED_EDGE ( 'NONE', *, *, #1592, .T. ) ;
#6700 = CARTESIAN_POINT ( 'NONE',  ( 11.84512056720710200, -4.946053714713293000, 0.3333333333333339300 ) ) ;
#6701 = DIRECTION ( 'NONE',  ( 0.0000000000000000000, 0.0000000000000000000, 1.000000000000000000 ) ) ;
#6702 = CARTESIAN_POINT ( 'NONE',  ( 9.116382839306538700, -0.6666666666666666300, 0.5872916698030308200 ) ) ;
#6703 = ORIENTED_EDGE ( 'NONE', *, *, #3839, .F. ) ;
#6704 = CARTESIAN_POINT ( 'NONE',  ( -8.546978422949370800, -8.416666666666671400, 2.819425444596451100 ) ) ;
#6705 = CARTESIAN_POINT ( 'NONE',  ( 11.99054406784442300, -4.889079012875070500, 0.4762908324552166400 ) ) ;
#6706 = EDGE_CURVE ( 'NONE', #2998, #2342, #988, .T. ) ;
#6707 = AXIS2_PLACEMENT_3D ( 'NONE', #2490, #594, #3118 ) ;
#6708 = ORIENTED_EDGE ( 'NONE', *, *, #74, .F. ) ;
#6709 = CARTESIAN_POINT ( 'NONE',  ( -10.47854957943277300, -0.9187391114951498600, 3.000000000000005800 ) ) ;
#6710 = ORIENTED_EDGE ( 'NONE', *, *, #3126, .F. ) ;
#6711 = DIRECTION ( 'NONE',  ( -0.0000000000000000000, 1.000000000000000000, -0.0000000000000000000 ) ) ;
#6712 = CARTESIAN_POINT ( 'NONE',  ( -10.99602200798088500, -1.932638888888889200, 2.862500000000005600 ) ) ;
#6713 = DIRECTION ( 'NONE',  ( -0.9992120056537020500, 0.0000000000000000000, -0.03969090270460155800 ) ) ;
#6714 = CARTESIAN_POINT ( 'NONE',  ( 10.84477794918032400, -0.6666666666666665200, -0.5863352795221862300 ) ) ;
#6715 = DIRECTION ( 'NONE',  ( -0.0000000000000000000, -1.000000000000000000, -1.219727444046190300E-016 ) ) ;
#6716 = LINE ( 'NONE', #3710, #7115 ) ;
#6717 = ORIENTED_EDGE ( 'NONE', *, *, #5479, .F. ) ;
#6718 = VERTEX_POINT ( 'NONE', #5001 ) ;
#6719 = AXIS2_PLACEMENT_3D ( 'NONE', #2725, #3465, #4602 ) ;
#6720 = CARTESIAN_POINT ( 'NONE',  ( -8.988044136429820700, -0.9558926114427044300, -0.4637484248999886900 ) ) ;
#6721 = CARTESIAN_POINT ( 'NONE',  ( 10.61118938525956100, -0.9546083377827162500, 2.898734177215327900 ) ) ;
#6722 = FACE_OUTER_BOUND ( 'NONE', #1440, .T. ) ;
#6723 = ORIENTED_EDGE ( 'NONE', *, *, #2721, .F. ) ;
#6724 = PERSON_AND_ORGANIZATION ( #1598, #4343 ) ;
#6725 = ADVANCED_FACE ( 'NONE', ( #5481 ), #5641, .T. ) ;
#6726 = ORIENTED_EDGE ( 'NONE', *, *, #4474, .F. ) ;
#6727 = CARTESIAN_POINT ( 'NONE',  ( -11.85315241706703800, -4.889079012875070500, 0.4708333333333339400 ) ) ;
#6728 = CARTESIAN_POINT ( 'NONE',  ( 11.04065689612508000, -6.976124874080480400, 2.896020123450526700 ) ) ;
#6729 = CIRCLE ( 'NONE', #3852, 0.1375000000000000400 ) ;
#6730 = CARTESIAN_POINT ( 'NONE',  ( 0.0000000000000000000, -2.914583333333333700, 0.0000000000000000000 ) ) ;
#6731 = CARTESIAN_POINT ( 'NONE',  ( 11.85315241706704000, -3.052083333333333900, -0.4708333333333340500 ) ) ;
#6732 = ORIENTED_EDGE ( 'NONE', *, *, #5979, .F. ) ;
#6733 = VERTEX_POINT ( 'NONE', #118 ) ;
#6734 = PLANE ( 'NONE',  #2440 ) ;
#6735 = LINE ( 'NONE', #2460, #5781 ) ;
#6736 = CARTESIAN_POINT ( 'NONE',  ( -11.99054406784442300, -4.889079012875070500, -0.4762908324552168600 ) ) ;
#6737 = CARTESIAN_POINT ( 'NONE',  ( -10.71788277190680500, -8.060050686800218900, 2.896981886502317100 ) ) ;
#6738 = CARTESIAN_POINT ( 'NONE',  ( -8.677557225743541400, -8.507649578631724600, 3.000000000000000000 ) ) ;
#6739 = CARTESIAN_POINT ( 'NONE',  ( 11.00000086454944500, -8.750034125939738100, -0.07754845494756347500 ) ) ;
#6740 = DIRECTION ( 'NONE',  ( -0.0000000000000000000, 1.000000000000000000, -0.0000000000000000000 ) ) ;
#6741 = EDGE_CURVE ( 'NONE', #3518, #3652, #3856, .T. ) ;
#6742 = FACE_OUTER_BOUND ( 'NONE', #1151, .T. ) ;
#6743 = AXIS2_PLACEMENT_3D ( 'NONE', #1858, #1212, #3661 ) ;
#6744 = ORIENTED_EDGE ( 'NONE', *, *, #1481, .T. ) ;
#6745 = LINE ( 'NONE', #3364, #5128 ) ;
#6746 = DIRECTION ( 'NONE',  ( 0.0000000000000000000, -1.000000000000000000, 0.0000000000000000000 ) ) ;
#6747 = CARTESIAN_POINT ( 'NONE',  ( 10.61618999397227000, -8.432806995708311600, 2.898464790936376100 ) ) ;
#6748 = DIRECTION ( 'NONE',  ( 0.0000000000000000000, 0.0000000000000000000, -1.000000000000000000 ) ) ;
#6749 = FACE_OUTER_BOUND ( 'NONE', #5580, .T. ) ;
#6750 = VERTEX_POINT ( 'NONE', #2564 ) ;
#6751 = DIRECTION ( 'NONE',  ( 1.000000000000000000, 0.0000000000000000000, 0.0000000000000000000 ) ) ;
#6752 = DIRECTION ( 'NONE',  ( 0.0000000000000000000, 0.0000000000000000000, 1.000000000000000000 ) ) ;
#6753 = EDGE_CURVE ( 'NONE', #2346, #3665, #116, .T. ) ;
#6754 = AXIS2_PLACEMENT_3D ( 'NONE', #2075, #3953, #3982 ) ;
#6755 = CARTESIAN_POINT ( 'NONE',  ( 11.84512056720710600, -4.946053714713285000, -0.3333333333333340900 ) ) ;
#6756 = CARTESIAN_POINT ( 'NONE',  ( 9.125361484469035400, -1.010416666666305900, 0.3333333333323903500 ) ) ;
#6757 = DIRECTION ( 'NONE',  ( 1.000000000000000000, 0.0000000000000000000, 0.0000000000000000000 ) ) ;
#6758 = CIRCLE ( 'NONE', #4193, 9.000000000000000000 ) ;
#6759 = VERTEX_POINT ( 'NONE', #1323 ) ;
#6760 = CARTESIAN_POINT ( 'NONE',  ( -11.85315241706703800, -2.561111111111112200, 0.4708333333333341600 ) ) ;
#6761 = ADVANCED_FACE ( 'NONE', ( #2707 ), #6542, .T. ) ;
#6762 = DIRECTION ( 'NONE',  ( -0.0000000000000000000, -1.000000000000000000, -1.219727444046190300E-016 ) ) ;
#6763 = CARTESIAN_POINT ( 'NONE',  ( 8.981845156805002600, -0.6693244987993299800, -0.5782392087482378700 ) ) ;
#6764 = CYLINDRICAL_SURFACE ( 'NONE', #4292, 12.00000000000000000 ) ;
#6765 = EDGE_CURVE ( 'NONE', #2679, #5965, #6882, .T. ) ;
#6766 = AXIS2_PLACEMENT_3D ( 'NONE', #7703, #7166, #2205 ) ;
#6767 = CARTESIAN_POINT ( 'NONE',  ( -10.37811674739000100, -8.820124157429857400, -3.647142902847218900 ) ) ;
#6768 = CARTESIAN_POINT ( 'NONE',  ( 10.47854955286881000, -0.9176434818726277900, 3.000000000000112800 ) ) ;
#6769 = PLANE ( 'NONE',  #6107 ) ;
#6770 = EDGE_LOOP ( 'NONE', ( #6235, #1074, #420, #4905 ) ) ;
#6771 = VECTOR ( 'NONE', #7226, 1000.000000000000000 ) ;
#6772 = B_SPLINE_CURVE_WITH_KNOTS ( 'NONE', 3,
 ( #1250, #54, #626, #6133, #702, #3065, #7376, #7323, #1901, #4909 ),
 .UNSPECIFIED., .F., .F.,
 ( 4, 2, 2, 2, 4 ),
 ( 0.0000000000000000000, 0.0002257230317486941100, 0.0004514460634973881100, 0.0006771690952460821100, 0.0009028921269947760000 ),
 .UNSPECIFIED. ) ;
#6773 = CARTESIAN_POINT ( 'NONE',  ( -9.112379733621850200, -0.6666666666666666300, -0.6770833333333347000 ) ) ;
#6774 = ORIENTED_EDGE ( 'NONE', *, *, #643, .T. ) ;
#6775 = CARTESIAN_POINT ( 'NONE',  ( -13.00000000000000000, -8.416666666666671400, -3.666666666666675800 ) ) ;
#6776 = DIRECTION ( 'NONE',  ( -0.2764424574800672400, 0.9610304717866032800, 0.0000000000000000000 ) ) ;
#6777 = CARTESIAN_POINT ( 'NONE',  ( 10.85272318776254100, -8.485227356401077600, 0.3262062889250511000 ) ) ;
#6778 =( BOUNDED_SURFACE ( )  B_SPLINE_SURFACE ( 3, 2, ( 
 ( #2782, #3414, #7683 ),
 ( #5797, #343, #5300 ),
 ( #2136, #4631, #953 ),
 ( #6528, #314, #2190 ) ),
 .UNSPECIFIED., .F., .F., .F. ) 
 B_SPLINE_SURFACE_WITH_KNOTS ( ( 4, 4 ),
 ( 3, 3 ),
 ( -8.673617379884035500E-019, 5.753805055549390400E-005 ),
 ( 0.0000000000000000000, 1.000000000000000000 ),
 .UNSPECIFIED. ) 
 GEOMETRIC_REPRESENTATION_ITEM ( )  RATIONAL_B_SPLINE_SURFACE ( (
 ( 1.000000000000000000, 0.6929318499302071800, 1.000000000000000000),
 ( 1.000000000000000000, 0.6929326307969634300, 1.000000000000000000),
 ( 1.000000000000000000, 0.6931150983388341100, 1.000000000000000000),
 ( 1.000000000000000000, 0.6934795268639772900, 1.000000000000000000) ) ) 
 REPRESENTATION_ITEM ( '' )  SURFACE ( )  );
#6779 = ORIENTED_EDGE ( 'NONE', *, *, #6247, .T. ) ;
#6780 = VERTEX_POINT ( 'NONE', #3952 ) ;
#6781 = CARTESIAN_POINT ( 'NONE',  ( -11.12754340464337400, -1.932638888888889200, 0.4708333333333341600 ) ) ;
#6782 = CARTESIAN_POINT ( 'NONE',  ( -8.709726083479699500, -0.7033155471903375100, -2.834774213363463700 ) ) ;
#6783 = CARTESIAN_POINT ( 'NONE',  ( -9.134599062794112700, -8.713850270094738400, -0.1742187993013667400 ) ) ;
#6784 = CARTESIAN_POINT ( 'NONE',  ( 8.986999694489405500, -0.7076668523059108700, 0.4917976212243582700 ) ) ;
#6785 = DIRECTION ( 'NONE',  ( -0.0000000000000000000, 1.000000000000000000, -1.219727444046190300E-016 ) ) ;
#6786 = CARTESIAN_POINT ( 'NONE',  ( -8.307961375826334200, -1.558674806385066000E-016, -3.666666666666666100 ) ) ;
#6787 = ORIENTED_EDGE ( 'NONE', *, *, #2930, .T. ) ;
#6788 = ORIENTED_EDGE ( 'NONE', *, *, #3794, .T. ) ;
#6789 = ORIENTED_EDGE ( 'NONE', *, *, #4211, .F. ) ;
#6790 = EDGE_CURVE ( 'NONE', #4840, #3285, #163, .T. ) ;
#6791 = DIRECTION ( 'NONE',  ( 0.0000000000000000000, 1.000000000000000000, 0.0000000000000000000 ) ) ;
#6792 = DIRECTION ( 'NONE',  ( 1.000000000000000000, 0.0000000000000000000, 0.0000000000000000000 ) ) ;
#6793 = CARTESIAN_POINT ( 'NONE',  ( 8.988044132646798800, -0.9563831275784305800, -0.4637484982115922000 ) ) ;
#6794 = CARTESIAN_POINT ( 'NONE',  ( -10.76336378647492800, -3.052083333333333900, -2.862500000000007800 ) ) ;
#6795 = CARTESIAN_POINT ( 'NONE',  ( -10.58887856671731200, -8.429460590040090300, 3.000000000000000000 ) ) ;
#6796 = ORIENTED_EDGE ( 'NONE', *, *, #5435, .F. ) ;
#6797 = CARTESIAN_POINT ( 'NONE',  ( -10.39385681030888300, -8.736422234494813900, -3.209010923214662200 ) ) ;
#6798 = CARTESIAN_POINT ( 'NONE',  ( 11.12754340464337400, -3.052083333333333900, -0.4708333333333341000 ) ) ;
#6799 = ORIENTED_EDGE ( 'NONE', *, *, #4495, .F. ) ;
#6800 = CARTESIAN_POINT ( 'NONE',  ( 10.99442124812328100, -8.432806995708313400, -0.4767489394116605800 ) ) ;
#6801 = CARTESIAN_POINT ( 'NONE',  ( 8.677557259966645700, -8.416666666666671400, -3.000000000000004400 ) ) ;
#6802 = ORIENTED_EDGE ( 'NONE', *, *, #2895, .F. ) ;
#6803 = DIRECTION ( 'NONE',  ( 1.000000000000000000, -0.0000000000000000000, -0.0000000000000000000 ) ) ;
#6804 = EDGE_CURVE ( 'NONE', #5538, #2809, #4531, .T. ) ;
#6805 = EDGE_LOOP ( 'NONE', ( #6054, #7177, #6225, #1799, #2110, #6744, #2035, #227, #4428, #4796 ) ) ;
#6806 = ADVANCED_FACE ( 'NONE', ( #1659 ), #2326, .T. ) ;
#6807 = CARTESIAN_POINT ( 'NONE',  ( 10.99602200798067900, -2.286111111111152700, 3.000000000000005300 ) ) ;
#6808 = ORIENTED_EDGE ( 'NONE', *, *, #1855, .T. ) ;
#6809 = CARTESIAN_POINT ( 'NONE',  ( 10.98435191548745100, -0.6643883229621614400, 0.5937158395092705400 ) ) ;
#6810 = DIRECTION ( 'NONE',  ( 1.000000000000000000, -0.0000000000000000000, -0.0000000000000000000 ) ) ;
#6811 = ORIENTED_EDGE ( 'NONE', *, *, #972, .F. ) ;
#6812 = EDGE_CURVE ( 'NONE', #1897, #2406, #1232, .T. ) ;
#6813 = EDGE_CURVE ( 'NONE', #5978, #5735, #2472, .T. ) ;
#6814 = AXIS2_PLACEMENT_3D ( 'NONE', #1926, #2550, #79 ) ;
#6815 = VECTOR ( 'NONE', #7596, 1000.000000000000000 ) ;
#6816 = ORIENTED_EDGE ( 'NONE', *, *, #912, .T. ) ;
#6817 = DIRECTION ( 'NONE',  ( -0.0000000000000000000, 1.000000000000000000, -0.0000000000000000000 ) ) ;
#6818 = LINE ( 'NONE', #1925, #3000 ) ;
#6819 = DIRECTION ( 'NONE',  ( 0.0000000000000000000, 0.0000000000000000000, -1.000000000000000000 ) ) ;
#6820 = CARTESIAN_POINT ( 'NONE',  ( 10.88442328056748900, -8.285609833563626100, 0.3333333333333337000 ) ) ;
#6821 = CARTESIAN_POINT ( 'NONE',  ( -8.546978422949370800, 2.000000000000000000, 2.819425444596451100 ) ) ;
#6822 = VERTEX_POINT ( 'NONE', #1506 ) ;
#6823 = CARTESIAN_POINT ( 'NONE',  ( 10.99105202557116800, -8.618927621222155700, -0.4441617958311613900 ) ) ;
#6824 = CARTESIAN_POINT ( 'NONE',  ( 10.67848506513497900, -3.053893286692595900, -3.000000000000040400 ) ) ;
#6825 =( BOUNDED_SURFACE ( )  B_SPLINE_SURFACE ( 3, 2, ( 
 ( #5874, #5928, #4030 ),
 ( #7808, #7758, #4091 ),
 ( #6537, #4671, #1077 ),
 ( #355, #5256, #1615 ) ),
 .UNSPECIFIED., .F., .F., .F. ) 
 B_SPLINE_SURFACE_WITH_KNOTS ( ( 4, 4 ),
 ( 3, 3 ),
 ( -1.734723475976807100E-018, 0.003474992711863935500 ),
 ( 0.0000000000000000000, 1.000000000000000000 ),
 .UNSPECIFIED. ) 
 GEOMETRIC_REPRESENTATION_ITEM ( )  RATIONAL_B_SPLINE_SURFACE ( (
 ( 1.000000000000000000, 0.6922660349650390200, 1.000000000000000000),
 ( 1.000000000000000000, 0.6927064981664243800, 1.000000000000000000),
 ( 1.000000000000000000, 0.6931080534477613900, 1.000000000000000000),
 ( 1.000000000000000000, 0.6934795268639729600, 1.000000000000000000) ) ) 
 REPRESENTATION_ITEM ( '' )  SURFACE ( )  );
#6826 = VECTOR ( 'NONE', #5358, 1000.000000000000000 ) ;
#6827 = AXIS2_PLACEMENT_3D ( 'NONE', #4521, #3350, #7622 ) ;
#6828 = B_SPLINE_CURVE_WITH_KNOTS ( 'NONE', 3,
 ( #3092, #4371, #7475, #4289 ),
 .UNSPECIFIED., .F., .F.,
 ( 4, 4 ),
 ( 0.0000000000000000000, 8.145217968610623700E-005 ),
 .UNSPECIFIED. ) ;
#6829 = CARTESIAN_POINT ( 'NONE',  ( -10.98966187822765600, -0.9555474945902672200, 0.4767932489440995800 ) ) ;
#6830 = ORIENTED_EDGE ( 'NONE', *, *, #868, .F. ) ;
#6831 = EDGE_CURVE ( 'NONE', #1157, #2276, #4941, .T. ) ;
#6832 = CARTESIAN_POINT ( 'NONE',  ( -11.65694847563808700, -6.097228145099043300, -0.4762236886384354500 ) ) ;
#6833 = ORIENTED_EDGE ( 'NONE', *, *, #3992, .T. ) ;
#6834 = LINE ( 'NONE', #3238, #2045 ) ;
#6835 = DIRECTION ( 'NONE',  ( 0.0000000000000000000, 0.0000000000000000000, 1.000000000000000000 ) ) ;
#6836 = EDGE_LOOP ( 'NONE', ( #1862, #1004, #4064, #2687 ) ) ;
#6837 = CARTESIAN_POINT ( 'NONE',  ( 10.98430145892008800, -0.6644084675989526700, -0.5945236916234076800 ) ) ;
#6838 = CARTESIAN_POINT ( 'NONE',  ( 10.97861004775707800, -0.6666666666656494400, 0.6856540084384399300 ) ) ;
#6839 = CIRCLE ( 'NONE', #6248, 0.1374999999999999600 ) ;
#6840 = ORIENTED_EDGE ( 'NONE', *, *, #4886, .F. ) ;
#6841 = DIRECTION ( 'NONE',  ( 0.0000000000000000000, 1.000000000000000000, 0.0000000000000000000 ) ) ;
#6842 = LINE ( 'NONE', #387, #7825 ) ;
#6843 = CIRCLE ( 'NONE', #2709, 11.00000000000000000 ) ;
#6844 = ADVANCED_FACE ( 'NONE', ( #2513 ), #7019, .T. ) ;
#6845 = DIRECTION ( 'NONE',  ( -0.0000000000000000000, -1.000000000000000000, 0.0000000000000000000 ) ) ;
#6846 = DIRECTION ( 'NONE',  ( 0.0000000000000000000, -1.000000000000000000, 0.0000000000000000000 ) ) ;
#6847 = EDGE_LOOP ( 'NONE', ( #1673, #513, #532, #3927 ) ) ;
#6848 = CARTESIAN_POINT ( 'NONE',  ( 10.55812457632189100, -8.659443784076225700, -3.088491948480740900 ) ) ;
#6849 = CARTESIAN_POINT ( 'NONE',  ( -10.61618999397229000, -8.432806995708144600, -2.898464790936383700 ) ) ;
#6850 = CARTESIAN_POINT ( 'NONE',  ( 11.09148183195868100, -3.052083333333334400, -0.4723537419262517400 ) ) ;
#6851 = B_SPLINE_CURVE_WITH_KNOTS ( 'NONE', 3,
 ( #7631, #5895, #2787, #4085 ),
 .UNSPECIFIED., .F., .F.,
 ( 4, 4 ),
 ( 0.0000000000000000000, 0.0001114135905579526200 ),
 .UNSPECIFIED. ) ;
#6852 = EDGE_CURVE ( 'NONE', #5454, #1871, #5760, .T. ) ;
#6853 = EDGE_CURVE ( 'NONE', #4918, #780, #5543, .T. ) ;
#6854 = AXIS2_PLACEMENT_3D ( 'NONE', #389, #3672, #4882 ) ;
#6855 = VECTOR ( 'NONE', #6636, 1000.000000000000000 ) ;
#6856 = EDGE_CURVE ( 'NONE', #4190, #1106, #7715, .T. ) ;
#6857 = CARTESIAN_POINT ( 'NONE',  ( 10.51182419603454400, -8.285609833563626100, -3.000000000000009800 ) ) ;
#6858 = DIRECTION ( 'NONE',  ( 0.0000000000000000000, 1.000000000000000000, 0.0000000000000000000 ) ) ;
#6859 = CARTESIAN_POINT ( 'NONE',  ( -11.97716594857773000, -4.984036849272101200, 0.4760820234339753200 ) ) ;
#6860 = FACE_OUTER_BOUND ( 'NONE', #7654, .T. ) ;
#6861 = DIRECTION ( 'NONE',  ( 0.0000000000000000000, 0.0000000000000000000, 1.000000000000000000 ) ) ;
#6862 = EDGE_CURVE ( 'NONE', #7601, #5211, #5102, .T. ) ;
#6863 = AXIS2_PLACEMENT_3D ( 'NONE', #7835, #5434, #4164 ) ;
#6864 = CARTESIAN_POINT ( 'NONE',  ( -9.125361484468557500, -8.416666666666671400, -0.3333333333333339300 ) ) ;
#6865 = CARTESIAN_POINT ( 'NONE',  ( -9.125361484468559300, -8.416666666666671400, -0.3333333333333338100 ) ) ;
#6866 = CARTESIAN_POINT ( 'NONE',  ( 10.99442124812322800, -8.432806995708297400, 0.4767489394116603000 ) ) ;
#6867 = CARTESIAN_POINT ( 'NONE',  ( -11.52976158717455500, -2.383816135661220900, 0.4748635983466069600 ) ) ;
#6868 = CARTESIAN_POINT ( 'NONE',  ( -8.467544913947907800, -8.843010937211319700, -3.051150844739808600 ) ) ;
#6869 = FACE_OUTER_BOUND ( 'NONE', #6511, .T. ) ;
#6870 = SPHERICAL_SURFACE ( 'NONE', #7328, 0.1375000000000000100 ) ;
#6871 = CARTESIAN_POINT ( 'NONE',  ( 0.0000000000000000000, -2.561111111111112200, 0.0000000000000000000 ) ) ;
#6872 = DIRECTION ( 'NONE',  ( 0.9677467113734552500, 0.0000000000000000000, -0.2519251925192521600 ) ) ;
#6873 = DIRECTION ( 'NONE',  ( -0.0000000000000000000, -1.000000000000000000, -1.219727444046190300E-016 ) ) ;
#6874 = VERTEX_POINT ( 'NONE', #5183 ) ;
#6875 = CYLINDRICAL_SURFACE ( 'NONE', #2772, 0.3437500000000000000 ) ;
#6876 = EDGE_CURVE ( 'NONE', #4158, #6718, #6051, .T. ) ;
#6877 = AXIS2_PLACEMENT_3D ( 'NONE', #4912, #1233, #4511 ) ;
#6878 = CARTESIAN_POINT ( 'NONE',  ( -10.99822433289083500, -8.850453223228877100, -0.2150627421055447100 ) ) ;
#6879 = CARTESIAN_POINT ( 'NONE',  ( 10.72542728021906700, -3.060922194599659200, -3.000000000000022600 ) ) ;
#6880 = CIRCLE ( 'NONE', #6037, 0.1375000000000000400 ) ;
#6881 = ORIENTED_EDGE ( 'NONE', *, *, #7839, .F. ) ;
#6882 = B_SPLINE_CURVE_WITH_KNOTS ( 'NONE', 3,
 ( #4359, #774, #4948, #7521, #7545, #1426 ),
 .UNSPECIFIED., .F., .F.,
 ( 4, 2, 4 ),
 ( 0.0000000000000000000, 0.0002717611676059467300, 0.0005435223352118934600 ),
 .UNSPECIFIED. ) ;
#6883 = DIRECTION ( 'NONE',  ( -0.9610197948750344200, 0.2764795722261356700, 0.0000000000000000000 ) ) ;
#6884 = DIRECTION ( 'NONE',  ( -0.0000000000000000000, 1.000000000000000000, -0.0000000000000000000 ) ) ;
#6885 = CARTESIAN_POINT ( 'NONE',  ( -11.51195031260993700, -4.908269608880766900, 3.000000000000003600 ) ) ;
#6886 = DIRECTION ( 'NONE',  ( 0.0000000000000000000, 0.0000000000000000000, 1.000000000000000000 ) ) ;
#6887 = ORIENTED_EDGE ( 'NONE', *, *, #3795, .F. ) ;
#6888 = ADVANCED_FACE ( 'NONE', ( #2997 ), #7673, .T. ) ;
#6889 = ORIENTED_EDGE ( 'NONE', *, *, #5370, .T. ) ;
#6890 = DIRECTION ( 'NONE',  ( 0.0000000000000000000, 0.0000000000000000000, 1.000000000000000000 ) ) ;
#6891 = ORIENTED_EDGE ( 'NONE', *, *, #3226, .F. ) ;
#6892 = CARTESIAN_POINT ( 'NONE',  ( 10.41674737004665900, -8.873687508651356000, -3.536281943355553900 ) ) ;
#6893 = CARTESIAN_POINT ( 'NONE',  ( -11.59688655846061400, -2.420951717836183000, 0.4720930996586060200 ) ) ;
#6894 = DIRECTION ( 'NONE',  ( 1.000000000000000000, -0.0000000000000000000, -0.0000000000000000000 ) ) ;
#6895 = ORIENTED_EDGE ( 'NONE', *, *, #2209, .T. ) ;
#6896 = EDGE_CURVE ( 'NONE', #7248, #6759, #1258, .T. ) ;
#6897 = EDGE_LOOP ( 'NONE', ( #2242, #7373, #4980, #7591 ) ) ;
#6898 = CARTESIAN_POINT ( 'NONE',  ( 0.0000000000000000000, 0.0000000000000000000, 0.0000000000000000000 ) ) ;
#6899 = ORIENTED_EDGE ( 'NONE', *, *, #5070, .T. ) ;
#6900 = CARTESIAN_POINT ( 'NONE',  ( -10.99602200798088500, -1.932638888888889200, 2.862500000000005600 ) ) ;
#6901 = CARTESIAN_POINT ( 'NONE',  ( -10.84335215821869100, -7.172694528486959000, 3.000000000000001800 ) ) ;
#6902 = CARTESIAN_POINT ( 'NONE',  ( 10.19246022783209500, -8.583298796912428600, -3.633222765886011000 ) ) ;
#6903 = AXIS2_PLACEMENT_3D ( 'NONE', #6616, #1676, #7222 ) ;
#6904 = CARTESIAN_POINT ( 'NONE',  ( 10.88442328056748900, -8.285609833563626100, -0.3333333333333339300 ) ) ;
#6905 = CARTESIAN_POINT ( 'NONE',  ( -11.51195031260993700, -2.423611111111112000, 2.862500000000005600 ) ) ;
#6906 = CARTESIAN_POINT ( 'NONE',  ( 10.99588597501946900, -2.914583333333466500, -0.3333333333333340900 ) ) ;
#6907 = ORIENTED_EDGE ( 'NONE', *, *, #2001, .F. ) ;
#6908 = ADVANCED_FACE ( 'NONE', ( #5390 ), #950, .F. ) ;
#6909 = ORIENTED_EDGE ( 'NONE', *, *, #3327, .F. ) ;
#6910 = ORIENTED_EDGE ( 'NONE', *, *, #1771, .T. ) ;
#6911 = DIRECTION ( 'NONE',  ( -0.9568149570777065800, 0.0000000000000000000, -0.2906976744186066700 ) ) ;
#6912 = CARTESIAN_POINT ( 'NONE',  ( -10.61618999397262500, -8.432806995708364900, -2.898464790935701500 ) ) ;
#6913 = CARTESIAN_POINT ( 'NONE',  ( 10.99602200798088500, -1.932638888888889200, 2.862500000000005600 ) ) ;
#6914 = EDGE_CURVE ( 'NONE', #573, #2501, #4915, .T. ) ;
#6915 = AXIS2_PLACEMENT_3D ( 'NONE', #6138, #1158, #2393 ) ;
#6916 = ORIENTED_EDGE ( 'NONE', *, *, #4192, .T. ) ;
#6917 = EDGE_LOOP ( 'NONE', ( #411, #6140, #3942 ) ) ;
#6918 = CARTESIAN_POINT ( 'NONE',  ( 9.125361484468557500, -1.010416666666666500, 0.3333333333333342600 ) ) ;
#6919 = CARTESIAN_POINT ( 'NONE',  ( -13.00000000000000000, -8.416666666666671400, 3.666666666666673200 ) ) ;
#6920 = CARTESIAN_POINT ( 'NONE',  ( 10.50537171543282300, -0.7027125502296292000, -2.833705104170941300 ) ) ;
#6921 = LINE ( 'NONE', #2338, #1557 ) ;
#6922 = CARTESIAN_POINT ( 'NONE',  ( -10.85136513250467700, -0.8308050525209856900, -0.3705847911474959800 ) ) ;
#6923 = CARTESIAN_POINT ( 'NONE',  ( -9.112379733621851900, -0.6666666666666666300, 0.6770833333333342600 ) ) ;
#6924 = ORIENTED_EDGE ( 'NONE', *, *, #4574, .T. ) ;
#6925 = CARTESIAN_POINT ( 'NONE',  ( -8.596910177866183400, -8.718503287487957100, -3.166559779934965800 ) ) ;
#6926 = EDGE_CURVE ( 'NONE', #6455, #7074, #693, .T. ) ;
#6927 = ORIENTED_EDGE ( 'NONE', *, *, #7083, .T. ) ;
#6928 = EDGE_CURVE ( 'NONE', #2904, #3947, #7696, .T. ) ;
#6929 =( BOUNDED_SURFACE ( )  B_SPLINE_SURFACE ( 3, 2, ( 
 ( #3235, #6290, #4483 ),
 ( #2631, #3777, #809 ),
 ( #6938, #5090, #1413 ),
 ( #2038, #2654, #1439 ),
 ( #4395, #1338, #7664 ),
 ( #5190, #5806, #5836 ) ),
 .UNSPECIFIED., .F., .F., .T. ) 
 B_SPLINE_SURFACE_WITH_KNOTS ( ( 4, 2, 4 ),
 ( 3, 3 ),
 ( 0.0000000000000000000, 0.0002148867765913274700, 0.0004297735531826549500 ),
 ( 0.0000000000000000000, 1.000000000000000000 ),
 .UNSPECIFIED. ) 
 GEOMETRIC_REPRESENTATION_ITEM ( )  RATIONAL_B_SPLINE_SURFACE ( (
 ( 1.000000000000000000, 0.7071067811865476800, 1.000000000000000000),
 ( 1.000000000000000000, 0.7033714376341051500, 1.000000000000000000),
 ( 1.000000000000000000, 0.6995208751461631200, 1.000000000000000000),
 ( 1.000000000000000000, 0.6939799153328501900, 1.000000000000000000),
 ( 1.000000000000000000, 0.6922705040407445300, 1.000000000000000000),
 ( 1.000000000000000000, 0.6923014238462007500, 1.000000000000000000) ) ) 
 REPRESENTATION_ITEM ( '' )  SURFACE ( )  );
#6930 = DIRECTION ( 'NONE',  ( -0.0000000000000000000, 1.000000000000000000, -0.0000000000000000000 ) ) ;
#6931 = ADVANCED_FACE ( 'NONE', ( #2911 ), #7594, .T. ) ;
#6932 = CIRCLE ( 'NONE', #430, 0.1375000000000003400 ) ;
#6933 = APPROVAL_ROLE ( '' ) ;
#6934 = CARTESIAN_POINT ( 'NONE',  ( -11.60776418017886500, -4.976882328835225500, 3.000000000000005300 ) ) ;
#6935 = CARTESIAN_POINT ( 'NONE',  ( 10.52675392340577100, -8.866520772970831700, -3.193291774033556200 ) ) ;
#6936 = CARTESIAN_POINT ( 'NONE',  ( -10.99360171968243300, -8.715056812913619700, -0.3845928868680028600 ) ) ;
#6937 = DIRECTION ( 'NONE',  ( 1.000000000000000000, -0.0000000000000000000, 0.0000000000000000000 ) ) ;
#6938 = CARTESIAN_POINT ( 'NONE',  ( -11.55599251237667100, -2.408736815153466300, 0.4737698435413325000 ) ) ;
#6939 = VERTEX_POINT ( 'NONE', #6646 ) ;
#6940 = ORIENTED_EDGE ( 'NONE', *, *, #1776, .F. ) ;
#6941 = LINE ( 'NONE', #1537, #7235 ) ;
#6942 = EDGE_CURVE ( 'NONE', #6667, #4593, #4434, .T. ) ;
#6943 = DIRECTION ( 'NONE',  ( 0.0000000000000000000, -1.000000000000000000, 0.0000000000000000000 ) ) ;
#6944 = CARTESIAN_POINT ( 'NONE',  ( -8.487411767077704300, -0.8993577448485711200, -2.999999459639216800 ) ) ;
#6945 = CARTESIAN_POINT ( 'NONE',  ( 11.49012263724674900, -2.286111111111111900, 0.4765309864319773300 ) ) ;
#6946 = CARTESIAN_POINT ( 'NONE',  ( -10.47763955056237600, -8.462559343371294700, -3.002362775106944200 ) ) ;
#6947 = DIRECTION ( 'NONE',  ( -0.0000000000000000000, 1.000000000000000000, -0.0000000000000000000 ) ) ;
#6948 = LINE ( 'NONE', #1039, #3418 ) ;
#6949 = ORIENTED_EDGE ( 'NONE', *, *, #5109, .T. ) ;
#6950 = CIRCLE ( 'NONE', #4734, 0.1375000000000000400 ) ;
#6951 = CARTESIAN_POINT ( 'NONE',  ( 10.98966187822720600, -1.657638888888889300, 0.4767932489451486300 ) ) ;
#6952 = EDGE_CURVE ( 'NONE', #7001, #4429, #2726, .T. ) ;
#6953 = ADVANCED_FACE ( 'NONE', ( #2801 ), #1453, .T. ) ;
#6954 = CARTESIAN_POINT ( 'NONE',  ( 11.51195031260993300, 1.121274891931784600E-015, -2.862500000000005200 ) ) ;
#6955 = CARTESIAN_POINT ( 'NONE',  ( -8.487411577767980800, -8.490337132651159600, -3.000000013515773400 ) ) ;
#6956 = AXIS2_PLACEMENT_3D ( 'NONE', #1127, #2980, #6682 ) ;
#6957 = SPHERICAL_SURFACE ( 'NONE', #4961, 0.1375000000000000100 ) ;
#6958 = EDGE_LOOP ( 'NONE', ( #7643, #3851, #4241 ) ) ;
#6959 = CARTESIAN_POINT ( 'NONE',  ( -8.742896670297549000, -0.6666666666666668500, 2.656250000000005800 ) ) ;
#6960 = CARTESIAN_POINT ( 'NONE',  ( 11.62797154374838500, -2.561111111111112200, 0.4708333333333341600 ) ) ;
#6961 = CARTESIAN_POINT ( 'NONE',  ( 9.128266393508830800, -8.590886292886835900, 0.2971871205832634100 ) ) ;
#6962 = LINE ( 'NONE', #140, #642 ) ;
#6963 = CARTESIAN_POINT ( 'NONE',  ( 11.35274073614922900, -3.293409825023176300E-017, 0.4708333333333341600 ) ) ;
#6964 = CARTESIAN_POINT ( 'NONE',  ( 8.424511329114665200, -8.888343503213270900, 3.169148205532744000 ) ) ;
#6965 = EDGE_CURVE ( 'NONE', #6044, #974, #3353, .T. ) ;
#6966 = AXIS2_PLACEMENT_3D ( 'NONE', #349, #3447, #3994 ) ;
#6967 = CARTESIAN_POINT ( 'NONE',  ( 8.988044143389004100, -1.010416666666666500, -0.4637482900136811700 ) ) ;
#6968 = VECTOR ( 'NONE', #3635, 1000.000000000000000 ) ;
#6969 = CARTESIAN_POINT ( 'NONE',  ( 11.51195031260993300, -4.889079012875070500, -2.862500000000008300 ) ) ;
#6970 = CARTESIAN_POINT ( 'NONE',  ( -10.84335205014229000, -7.172694891347832800, 3.000000000000001800 ) ) ;
#6971 = CARTESIAN_POINT ( 'NONE',  ( 11.26271784499464200, -2.423611111111112000, 2.866376290307107500 ) ) ;
#6972 = ORIENTED_EDGE ( 'NONE', *, *, #566, .F. ) ;
#6973 = FACE_OUTER_BOUND ( 'NONE', #2697, .T. ) ;
#6974 = CARTESIAN_POINT ( 'NONE',  ( 0.0000000000000000000, -2.914583333333333700, 0.0000000000000000000 ) ) ;
#6975 = ORIENTED_EDGE ( 'NONE', *, *, #7007, .F. ) ;
#6976 = EDGE_CURVE ( 'NONE', #5765, #1157, #419, .T. ) ;
#6977 =( BOUNDED_SURFACE ( )  B_SPLINE_SURFACE ( 3, 2, ( 
 ( #3446, #3993, #2228 ),
 ( #6507, #3933, #6453 ),
 ( #6425, #264, #6395 ),
 ( #1545, #3965, #3361 ) ),
 .UNSPECIFIED., .F., .F., .F. ) 
 B_SPLINE_SURFACE_WITH_KNOTS ( ( 4, 4 ),
 ( 3, 3 ),
 ( 0.0000000000000000000, 0.0001336939827389729300 ),
 ( 0.0000000000000000000, 1.000000000000000000 ),
 .UNSPECIFIED. ) 
 GEOMETRIC_REPRESENTATION_ITEM ( )  RATIONAL_B_SPLINE_SURFACE ( (
 ( 1.000000000000000000, 0.6917287800646445600, 1.000000000000000000),
 ( 1.000000000000000000, 0.6918359803472434700, 1.000000000000000000),
 ( 1.000000000000000000, 0.6920154745225853800, 1.000000000000000000),
 ( 1.000000000000000000, 0.6922660349650389100, 1.000000000000000000) ) ) 
 REPRESENTATION_ITEM ( '' )  SURFACE ( )  );
#6978 = CARTESIAN_POINT ( 'NONE',  ( -11.51195031260993300, 1.121274891931784600E-015, -2.862500000000005200 ) ) ;
#6979 = CARTESIAN_POINT ( 'NONE',  ( -8.726465191802443400, -0.6666666666666668500, 2.746388803841842000 ) ) ;
#6980 = CARTESIAN_POINT ( 'NONE',  ( -10.63856594181002400, -0.8252921824902343900, -2.796880903208315100 ) ) ;
#6981 = ORIENTED_EDGE ( 'NONE', *, *, #6640, .T. ) ;
#6982 = ORIENTED_EDGE ( 'NONE', *, *, #7878, .T. ) ;
#6983 = DIRECTION ( 'NONE',  ( 0.0000000000000000000, 0.0000000000000000000, -1.000000000000000000 ) ) ;
#6984 = CARTESIAN_POINT ( 'NONE',  ( -11.27811176020833600, -6.087334148132956800, 2.999999999997743600 ) ) ;
#6985 = CARTESIAN_POINT ( 'NONE',  ( 8.988044148159993100, -8.539966037442985300, 0.4637481975457094500 ) ) ;
#6986 = EDGE_CURVE ( 'NONE', #6112, #6039, #5796, .T. ) ;
#6987 = AXIS2_PLACEMENT_3D ( 'NONE', #3705, #3127, #59 ) ;
#6988 = DIRECTION ( 'NONE',  ( 0.0000000000000000000, -1.000000000000000000, 0.0000000000000000000 ) ) ;
#6989 = EDGE_LOOP ( 'NONE', ( #2575, #805, #6940, #5940 ) ) ;
#6990 = CARTESIAN_POINT ( 'NONE',  ( 10.99604904946702400, -8.484002524078430700, 0.3264637191209118800 ) ) ;
#6991 = CARTESIAN_POINT ( 'NONE',  ( 8.467544913947911300, -8.843010937211323300, 3.051150844739797500 ) ) ;
#6992 = ORIENTED_EDGE ( 'NONE', *, *, #1943, .F. ) ;
#6993 = EDGE_LOOP ( 'NONE', ( #6774, #4890, #4178, #5925 ) ) ;
#6994 = CARTESIAN_POINT ( 'NONE',  ( -11.04179396009708100, -8.235499640408660200, -0.4765311876820211800 ) ) ;
#6995 = ADVANCED_FACE ( 'NONE', ( #2039 ), #7885, .F. ) ;
#6996 = DIRECTION ( 'NONE',  ( 0.0000000000000000000, 0.0000000000000000000, 1.000000000000000000 ) ) ;
#6997 = CARTESIAN_POINT ( 'NONE',  ( -10.61118938525952900, -2.914583333333333700, -2.898734177215196900 ) ) ;
#6998 = DIRECTION ( 'NONE',  ( -0.0000000000000000000, 1.000000000000000000, -0.0000000000000000000 ) ) ;
#6999 = ORIENTED_EDGE ( 'NONE', *, *, #7813, .F. ) ;
#7000 = CARTESIAN_POINT ( 'NONE',  ( 11.13179591869258900, -2.312012006644126300, 2.896504864171120600 ) ) ;
#7001 = VERTEX_POINT ( 'NONE', #1750 ) ;
#7002 = CARTESIAN_POINT ( 'NONE',  ( -10.58352587923466400, -1.657638888888889300, 3.000000000000005300 ) ) ;
#7003 = ORIENTED_EDGE ( 'NONE', *, *, #137, .T. ) ;
#7004 = CARTESIAN_POINT ( 'NONE',  ( -9.125361486023024300, -8.505127744870428300, 0.3333333333333339300 ) ) ;
#7005 = CARTESIAN_POINT ( 'NONE',  ( 8.546978422949374400, -8.544855861365876500, 2.819425444596444000 ) ) ;
#7006 = ORIENTED_EDGE ( 'NONE', *, *, #7706, .F. ) ;
#7007 = EDGE_CURVE ( 'NONE', #2951, #5185, #6624, .T. ) ;
#7008 = EDGE_LOOP ( 'NONE', ( #673, #7374, #1479, #6392 ) ) ;
#7009 = DIRECTION ( 'NONE',  ( 0.0000000000000000000, 0.0000000000000000000, 1.000000000000000000 ) ) ;
#7010 = AXIS2_PLACEMENT_3D ( 'NONE', #3849, #3880, #3253 ) ;
#7011 = CARTESIAN_POINT ( 'NONE',  ( 11.85315241706704200, -2.561111111111112200, 0.4708333333333341600 ) ) ;
#7012 = DIRECTION ( 'NONE',  ( 0.0000000000000000000, -1.000000000000000000, -3.917117526399240400E-016 ) ) ;
#7013 = ORIENTED_EDGE ( 'NONE', *, *, #4448, .T. ) ;
#7014 = EDGE_CURVE ( 'NONE', #409, #2342, #3492, .T. ) ;
#7015 = CARTESIAN_POINT ( 'NONE',  ( -11.35274073614923100, -2.286111111111111900, 0.3333333333333341500 ) ) ;
#7016 = CARTESIAN_POINT ( 'NONE',  ( -10.35908194236918000, -8.756392853169282700, 3.288943635840400900 ) ) ;
#7017 = DIRECTION ( 'NONE',  ( 1.261617073437677500E-014, 1.000000000000000000, 0.0000000000000000000 ) ) ;
#7018 = CARTESIAN_POINT ( 'NONE',  ( -10.48051277158411500, -8.439485097071589300, 3.000000000000000000 ) ) ;
#7019 = CYLINDRICAL_SURFACE ( 'NONE', #6827, 0.3437499999999998900 ) ;
#7020 = ORIENTED_EDGE ( 'NONE', *, *, #6813, .F. ) ;
#7021 = B_SPLINE_CURVE_WITH_KNOTS ( 'NONE', 3,
 ( #2814, #5864, #2196, #457, #378, #5305 ),
 .UNSPECIFIED., .F., .F.,
 ( 4, 2, 4 ),
 ( 0.0000000000000000000, 0.0001637752755407884100, 0.0003275505510815768200 ),
 .UNSPECIFIED. ) ;
#7022 = PERSON_AND_ORGANIZATION ( #1598, #4343 ) ;
#7023 = DIRECTION ( 'NONE',  ( 0.0000000000000000000, 0.0000000000000000000, 1.000000000000000000 ) ) ;
#7024 = EDGE_LOOP ( 'NONE', ( #4152, #7897, #708, #4900 ) ) ;
#7025 = CARTESIAN_POINT ( 'NONE',  ( 10.47854951794378700, -1.010416666666666500, -3.000000000000006700 ) ) ;
#7026 = CARTESIAN_POINT ( 'NONE',  ( 11.14976459010852300, -2.355507289911379100, 2.892305680638164400 ) ) ;
#7027 = EDGE_CURVE ( 'NONE', #7789, #4523, #6418, .T. ) ;
#7028 = CARTESIAN_POINT ( 'NONE',  ( -10.17458707870850900, -8.503493975592229900, 3.666666666666673200 ) ) ;
#7029 = ORIENTED_EDGE ( 'NONE', *, *, #7602, .F. ) ;
#7030 = CARTESIAN_POINT ( 'NONE',  ( 8.742896670297502800, -0.6666666666666669600, -2.656250000000006700 ) ) ;
#7031 = CARTESIAN_POINT ( 'NONE',  ( 11.06744467199494200, -1.782342316942581400, 0.4733933155971608000 ) ) ;
#7032 = ADVANCED_FACE ( 'NONE', ( #6722 ), #3515, .T. ) ;
#7033 = CARTESIAN_POINT ( 'NONE',  ( -11.12754340464337400, -1.932638888888889200, 0.3333333333333341500 ) ) ;
#7034 = CARTESIAN_POINT ( 'NONE',  ( 8.332126372040875100, -8.886635620190498100, 3.404672101939707500 ) ) ;
#7035 = VERTEX_POINT ( 'NONE', #475 ) ;
#7036 =( BOUNDED_SURFACE ( )  B_SPLINE_SURFACE ( 3, 2, ( 
 ( #4471, #1324, #7441 ),
 ( #71, #3138, #7414 ),
 ( #1919, #3741, #3351 ),
 ( #2054, #204, #7597 ) ),
 .UNSPECIFIED., .F., .F., .F. ) 
 B_SPLINE_SURFACE_WITH_KNOTS ( ( 4, 4 ),
 ( 3, 3 ),
 ( 0.0000000000000000000, 0.003483735564004293700 ),
 ( 0.0000000000000000000, 1.000000000000000000 ),
 .UNSPECIFIED. ) 
 GEOMETRIC_REPRESENTATION_ITEM ( )  RATIONAL_B_SPLINE_SURFACE ( (
 ( 1.000000000000000000, 0.7913662164498372900, 1.000000000000000000),
 ( 1.000000000000000000, 0.7890241995345226300, 1.000000000000000000),
 ( 1.000000000000000000, 0.7868760636724299000, 1.000000000000000000),
 ( 1.000000000000000000, 0.7848802522875139000, 1.000000000000000000) ) ) 
 REPRESENTATION_ITEM ( '' )  SURFACE ( )  );
#7037 = CARTESIAN_POINT ( 'NONE',  ( -10.85136076264639700, -0.8305130390848504100, 0.3707511040343869900 ) ) ;
#7038 = LINE ( 'NONE', #7524, #4354 ) ;
#7039 = DIRECTION ( 'NONE',  ( 0.0000000000000000000, 1.133581677370982300E-015, -1.000000000000000000 ) ) ;
#7040 = ORIENTED_EDGE ( 'NONE', *, *, #4960, .T. ) ;
#7041 = LINE ( 'NONE', #951, #7898 ) ;
#7042 = ORIENTED_EDGE ( 'NONE', *, *, #6862, .T. ) ;
#7043 = DIRECTION ( 'NONE',  ( 0.0000000000000000000, -1.000000000000000000, 0.0000000000000000000 ) ) ;
#7044 = VECTOR ( 'NONE', #2768, 1000.000000000000000 ) ;
#7045 = DIRECTION ( 'NONE',  ( 0.0000000000000000000, 0.0000000000000000000, -1.000000000000000000 ) ) ;
#7046 = CIRCLE ( 'NONE', #7636, 0.1374999999999998200 ) ;
#7047 = CARTESIAN_POINT ( 'NONE',  ( -10.86073804519179500, -8.723654363157976400, 0.1506872321218571700 ) ) ;
#7048 = VERTEX_POINT ( 'NONE', #3677 ) ;
#7049 = CARTESIAN_POINT ( 'NONE',  ( -8.424749306440995500, -8.888438444023339700, 3.168556043567965800 ) ) ;
#7050 = CARTESIAN_POINT ( 'NONE',  ( -8.677557259966652800, -1.010416666666666500, -3.000000000000006700 ) ) ;
#7051 = DIRECTION ( 'NONE',  ( 0.0000000000000000000, -1.000000000000000000, 0.0000000000000000000 ) ) ;
#7052 = B_SPLINE_CURVE_WITH_KNOTS ( 'NONE', 3,
 ( #7705, #3972, #6970, #2909 ),
 .UNSPECIFIED., .F., .F.,
 ( 4, 4 ),
 ( 0.0000000000000000000, 0.003483735564004300300 ),
 .UNSPECIFIED. ) ;
#7053 = CYLINDRICAL_SURFACE ( 'NONE', #7687, 0.1375000000000000400 ) ;
#7054 = CARTESIAN_POINT ( 'NONE',  ( -11.61944720587392700, -4.918870000247652600, 3.000000000000003600 ) ) ;
#7055 = CARTESIAN_POINT ( 'NONE',  ( -8.996107337801243300, -8.593822499685094500, 0.2956148096005213300 ) ) ;
#7056 = EDGE_CURVE ( 'NONE', #4055, #929, #5299, .T. ) ;
#7057 = CARTESIAN_POINT ( 'NONE',  ( -11.09148183195870600, -1.795138888888889500, 0.4723537419262480200 ) ) ;
#7058 = CARTESIAN_POINT ( 'NONE',  ( 8.677557259966651100, -8.416666666666671400, -3.000000000000004400 ) ) ;
#7059 = CARTESIAN_POINT ( 'NONE',  ( -8.182944173180517900, -8.416666666666671400, 3.746922024623809700 ) ) ;
#7060 = CARTESIAN_POINT ( 'NONE',  ( 10.84137742216007500, -0.6666666666666666300, -0.6770833333333347000 ) ) ;
#7061 = AXIS2_PLACEMENT_3D ( 'NONE', #871, #226, #3267 ) ;
#7062 = LINE ( 'NONE', #4717, #5347 ) ;
#7063 = CARTESIAN_POINT ( 'NONE',  ( -10.32189542188765200, -8.653834106071720100, -3.803352789927998000 ) ) ;
#7064 = CARTESIAN_POINT ( 'NONE',  ( 8.307961375826328900, 0.0000000000000000000, 3.666666666666664300 ) ) ;
#7065 = CARTESIAN_POINT ( 'NONE',  ( 9.000004262152272000, -8.887583965055077000, -0.1206666470992701100 ) ) ;
#7066 = FACE_OUTER_BOUND ( 'NONE', #2337, .T. ) ;
#7067 = CARTESIAN_POINT ( 'NONE',  ( -8.997098900267490200, -8.835541990905508000, -0.2438987977404037400 ) ) ;
#7068 = CARTESIAN_POINT ( 'NONE',  ( -10.17458707870851100, -8.416666666666669600, -3.666666666666675800 ) ) ;
#7069 = FACE_OUTER_BOUND ( 'NONE', #523, .T. ) ;
#7070 = ADVANCED_FACE ( 'NONE', ( #4340 ), #4575, .T. ) ;
#7071 = EDGE_CURVE ( 'NONE', #1938, #3303, #4150, .T. ) ;
#7072 = B_SPLINE_CURVE_WITH_KNOTS ( 'NONE', 3,
 ( #4946, #4258, #2377, #7301, #1184, #5743, #3552, #235, #1681, #426 ),
 .UNSPECIFIED., .F., .F.,
 ( 4, 2, 2, 2, 4 ),
 ( 0.0000000000000000000, 0.0003218974381789863400, 0.0006437948763579726800, 0.0009656923145369588500, 0.001287589752715945100 ),
 .UNSPECIFIED. ) ;
#7073 = CARTESIAN_POINT ( 'NONE',  ( -10.99104906294255600, -8.618599726505369300, -0.4442315765039583400 ) ) ;
#7074 = VERTEX_POINT ( 'NONE', #3655 ) ;
#7075 = CARTESIAN_POINT ( 'NONE',  ( -13.00000000000000000, -1.010416666666666500, 0.6770833333333342600 ) ) ;
#7076 = LINE ( 'NONE', #5258, #5531 ) ;
#7077 = CARTESIAN_POINT ( 'NONE',  ( 11.35274089562816400, -2.358109026719268400, 0.3333333333333341500 ) ) ;
#7078 = DIRECTION ( 'NONE',  ( -0.0000000000000000000, 1.000000000000000000, 3.917117526399240400E-016 ) ) ;
#7079 = CIRCLE ( 'NONE', #960, 0.1375000000000004600 ) ;
#7080 =( BOUNDED_SURFACE ( )  B_SPLINE_SURFACE ( 3, 2, ( 
 ( #3081, #1800, #4923 ),
 ( #6702, #4947, #3685 ),
 ( #4334, #6784, #7340 ),
 ( #6675, #6097, #10 ),
 ( #3053, #1239, #2480 ),
 ( #6756, #1295, #662 ) ),
 .UNSPECIFIED., .F., .F., .T. ) 
 B_SPLINE_SURFACE_WITH_KNOTS ( ( 4, 2, 4 ),
 ( 3, 3 ),
 ( 0.0000000000000000000, 0.0001612679955405151400, 0.0003225359910810302700 ),
 ( 0.0000000000000000000, 1.000000000000000000 ),
 .UNSPECIFIED. ) 
 GEOMETRIC_REPRESENTATION_ITEM ( )  RATIONAL_B_SPLINE_SURFACE ( (
 ( 1.000000000000000000, 0.7071067811865474600, 1.000000000000000000),
 ( 1.000000000000000000, 0.7140402765098578000, 1.000000000000000000),
 ( 1.000000000000000000, 0.7187844111194122700, 1.000000000000000000),
 ( 1.000000000000000000, 0.7241857068069336200, 1.000000000000000000),
 ( 1.000000000000000000, 0.7250567640857130700, 1.000000000000000000),
 ( 1.000000000000000000, 0.7250957136058633300, 1.000000000000000000) ) ) 
 REPRESENTATION_ITEM ( '' )  SURFACE ( )  );
#7081 = ORIENTED_EDGE ( 'NONE', *, *, #4223, .T. ) ;
#7082 = CARTESIAN_POINT ( 'NONE',  ( 8.546978462614006800, -0.9542105153282396400, -2.819425324354726900 ) ) ;
#7083 = EDGE_CURVE ( 'NONE', #1639, #2376, #3759, .T. ) ;
#7084 = CARTESIAN_POINT ( 'NONE',  ( 12.92696701773796900, 0.5403851024289089100, 1.583096878095620700E-015 ) ) ;
#7085 = EDGE_CURVE ( 'NONE', #870, #661, #7409, .T. ) ;
#7086 = ORIENTED_EDGE ( 'NONE', *, *, #4364, .F. ) ;
#7087 = CARTESIAN_POINT ( 'NONE',  ( -11.12908718079473400, -2.286111111111111900, 2.897139713971403500 ) ) ;
#7088 = DIRECTION ( 'NONE',  ( -0.0000000000000000000, 1.000000000000000000, -0.0000000000000000000 ) ) ;
#7089 = CARTESIAN_POINT ( 'NONE',  ( -10.99588596675198300, -0.9179317694394597500, 0.3333335700735317000 ) ) ;
#7090 = PRODUCT ( '85985K161_Locking Panel Plugs', '85985K161_Locking Panel Plugs', '', ( #3306 ) ) ;
#7091 = DIRECTION ( 'NONE',  ( 1.154631945610162800E-014, -1.197737727947162700E-016, -1.000000000000000000 ) ) ;
#7092 = B_SPLINE_CURVE_WITH_KNOTS ( 'NONE', 3,
 ( #6142, #742, #2503, #2561 ),
 .UNSPECIFIED., .F., .F.,
 ( 4, 4 ),
 ( 0.0000000000000000000, 5.753805055549320600E-005 ),
 .UNSPECIFIED. ) ;
#7093 = EDGE_LOOP ( 'NONE', ( #3836, #200, #1370, #3411 ) ) ;
#7094 = CARTESIAN_POINT ( 'NONE',  ( -10.51182419603454200, -8.285609833563631500, -3.000000000000009800 ) ) ;
#7095 = ORIENTED_EDGE ( 'NONE', *, *, #3176, .T. ) ;
#7096 = CARTESIAN_POINT ( 'NONE',  ( 9.112379733621850200, -0.6666666666666666300, -0.6770833333333347000 ) ) ;
#7097 = CARTESIAN_POINT ( 'NONE',  ( 10.94696290254384000, -7.199896532500995100, 3.000000000000001300 ) ) ;
#7098 = EDGE_CURVE ( 'NONE', #4419, #6520, #5571, .T. ) ;
#7099 = AXIS2_PLACEMENT_3D ( 'NONE', #6315, #807, #5689 ) ;
#7100 = CARTESIAN_POINT ( 'NONE',  ( -11.27996010631243400, -2.561111111111112200, 3.000000000000005300 ) ) ;
#7101 = CARTESIAN_POINT ( 'NONE',  ( -10.57528524266537100, -8.580868298868106000, 3.028773188234612900 ) ) ;
#7102 = VERTEX_POINT ( 'NONE', #6192 ) ;
#7103 = ORIENTED_EDGE ( 'NONE', *, *, #6567, .F. ) ;
#7104 = CARTESIAN_POINT ( 'NONE',  ( -10.85366388068716500, -8.559860379477719100, 0.3105202285613453700 ) ) ;
#7105 = CARTESIAN_POINT ( 'NONE',  ( 0.0000000000000000000, -9.790000000000002700, 0.0000000000000000000 ) ) ;
#7106 = CARTESIAN_POINT ( 'NONE',  ( 11.49012263752400600, -2.322110062291463400, 0.4765309797466882900 ) ) ;
#7107 = DIRECTION ( 'NONE',  ( 1.000000000000000000, 1.261617073437673500E-014, 0.0000000000000000000 ) ) ;
#7108 = ORIENTED_EDGE ( 'NONE', *, *, #3727, .T. ) ;
#7109 = AXIS2_PLACEMENT_3D ( 'NONE', #124, #6791, #3716 ) ;
#7110 = ORIENTED_EDGE ( 'NONE', *, *, #3445, .T. ) ;
#7111 = CARTESIAN_POINT ( 'NONE',  ( -10.61118938525953000, -1.657638888888889300, 2.898734177215196400 ) ) ;
#7112 = EDGE_LOOP ( 'NONE', ( #78, #7787, #4097, #7262 ) ) ;
#7113 = CARTESIAN_POINT ( 'NONE',  ( 1.347111479062088400E-015, 2.000000000000000000, -11.00000000000000000 ) ) ;
#7114 = CARTESIAN_POINT ( 'NONE',  ( 8.999995690538542100, -8.887415088175773200, 0.1222064637949290300 ) ) ;
#7115 = VECTOR ( 'NONE', #2432, 1000.000000000000000 ) ;
#7116 = ADVANCED_FACE ( 'NONE', ( #1836 ), #110, .T. ) ;
#7117 = CARTESIAN_POINT ( 'NONE',  ( -11.12754340464337400, -1.795138888888889300, 0.4708333333333341000 ) ) ;
#7118 = CARTESIAN_POINT ( 'NONE',  ( -10.99009943064561600, -8.513508640916526800, -0.4665988689687420300 ) ) ;
#7119 = ORIENTED_EDGE ( 'NONE', *, *, #6852, .F. ) ;
#7120 = EDGE_LOOP ( 'NONE', ( #4515, #3261, #3562, #395 ) ) ;
#7121 = ADVANCED_FACE ( 'NONE', ( #2130 ), #3161, .T. ) ;
#7122 = CARTESIAN_POINT ( 'NONE',  ( -8.710211979746084400, -0.7017823283100802500, 2.832230952402350300 ) ) ;
#7123 = FACE_OUTER_BOUND ( 'NONE', #6117, .T. ) ;
#7124 = CARTESIAN_POINT ( 'NONE',  ( -10.85800004235543500, -8.416666666666671400, -0.3333333333333338100 ) ) ;
#7125 = ORIENTED_EDGE ( 'NONE', *, *, #4818, .F. ) ;
#7126 = CARTESIAN_POINT ( 'NONE',  ( 10.73758734082259800, -3.050589659383974500, -2.868522453775087700 ) ) ;
#7127 = LINE ( 'NONE', #2457, #7317 ) ;
#7128 = AXIS2_PLACEMENT_3D ( 'NONE', #7488, #6300, #5077 ) ;
#7129 = CARTESIAN_POINT ( 'NONE',  ( -10.99602200798088700, -2.286111111111111900, 3.000000000000005300 ) ) ;
#7130 = DIRECTION ( 'NONE',  ( 1.513940488125213100E-013, 0.0000000000000000000, -1.000000000000000000 ) ) ;
#7131 = CARTESIAN_POINT ( 'NONE',  ( 11.51195031260993300, -4.889079012875070500, 3.000000000000003600 ) ) ;
#7132 = ORIENTED_EDGE ( 'NONE', *, *, #2615, .T. ) ;
#7133 = ORIENTED_EDGE ( 'NONE', *, *, #4599, .T. ) ;
#7134 = B_SPLINE_CURVE_WITH_KNOTS ( 'NONE', 3,
 ( #4634, #4690, #7126, #2302, #1634, #6578, #2280, #2926, #1689, #4083, #7157, #7181, #4018, #3522, #7801, #4129 ),
 .UNSPECIFIED., .F., .F.,
 ( 4, 3, 3, 3, 3, 4 ),
 ( 0.0000000000000000000, 3.957972869504296100E-005, 9.091933995473164400E-005, 0.0001393833393638029300, 0.0001857355107150509500, 0.0002311909322144261100 ),
 .UNSPECIFIED. ) ;
#7135 = CARTESIAN_POINT ( 'NONE',  ( -10.86250201721648500, -8.750032974655088200, 0.07618659766597629700 ) ) ;
#7136 = CARTESIAN_POINT ( 'NONE',  ( -11.01644946929642500, -8.323592968122445900, -0.4765444609626243200 ) ) ;
#7137 = CARTESIAN_POINT ( 'NONE',  ( 10.85229110474936400, -1.010416666666666500, -0.3333333333333342600 ) ) ;
#7138 = CARTESIAN_POINT ( 'NONE',  ( 11.12754340464337100, -3.189583333333333700, -0.3333333333333341500 ) ) ;
#7139 = CARTESIAN_POINT ( 'NONE',  ( 10.97861004775703500, -0.8041666666666665900, 0.6856540084388194100 ) ) ;
#7140 = CARTESIAN_POINT ( 'NONE',  ( 10.44896382318718200, -8.643775120507365600, -3.076306427339192200 ) ) ;
#7141 = EDGE_LOOP ( 'NONE', ( #1448, #1443, #1533, #6445, #2742, #2327 ) ) ;
#7142 = EDGE_CURVE ( 'NONE', #956, #5473, #15, .T. ) ;
#7143 = AXIS2_PLACEMENT_3D ( 'NONE', #2410, #4956, #4287 ) ;
#7144 = ORIENTED_EDGE ( 'NONE', *, *, #7635, .F. ) ;
#7145 =( BOUNDED_SURFACE ( )  B_SPLINE_SURFACE ( 3, 2, ( 
 ( #4697, #2203, #6486 ),
 ( #7104, #2791, #7164 ),
 ( #4057, #2261, #2851 ),
 ( #7047, #5924, #1668 ),
 ( #7135, #2824, #3396 ),
 ( #3427, #4668, #1611 ),
 ( #5899, #5281, #6535 ),
 ( #4088, #2879, #7668 ),
 ( #3451, #6431, #7073 ),
 ( #2233, #3503, #4025 ) ),
 .UNSPECIFIED., .F., .F., .F. ) 
 B_SPLINE_SURFACE_WITH_KNOTS ( ( 4, 2, 2, 2, 4 ),
 ( 3, 3 ),
 ( -1.707618421664669500E-018, 0.0003196174286088919900, 0.0006392348572177857100, 0.0009588522858266794400, 0.001278469714435573200 ),
 ( 0.0000000000000000000, 1.000000000000000000 ),
 .UNSPECIFIED. ) 
 GEOMETRIC_REPRESENTATION_ITEM ( )  RATIONAL_B_SPLINE_SURFACE ( (
 ( 1.000000000000000000, 0.6922748253407102800, 1.000000000000000000),
 ( 1.000000000000000000, 0.6936676649790629600, 1.000000000000000000),
 ( 1.000000000000000000, 0.6975300823762883300, 1.000000000000000000),
 ( 1.000000000000000000, 0.7044640560824969600, 1.000000000000000000),
 ( 1.000000000000000000, 0.7071098106825661800, 1.000000000000000000),
 ( 1.000000000000000000, 0.7071037459598714700, 1.000000000000000000),
 ( 1.000000000000000000, 0.7044440878502078500, 1.000000000000000000),
 ( 1.000000000000000000, 0.6975236241442721600, 1.000000000000000000),
 ( 1.000000000000000000, 0.6936593146273717400, 1.000000000000000000),
 ( 1.000000000000000000, 0.6922748253407102800, 1.000000000000000000) ) ) 
 REPRESENTATION_ITEM ( '' )  SURFACE ( )  );
#7146 = CONICAL_SURFACE ( 'NONE', #6365, 12.00000000000000000, 0.2798806853557597700 ) ;
#7147 = CARTESIAN_POINT ( 'NONE',  ( -10.61118938525953000, -1.672674428621449200, 2.898734177215195100 ) ) ;
#7148 = CARTESIAN_POINT ( 'NONE',  ( 10.61026777283991000, -8.486828410917393500, -2.902114352226916200 ) ) ;
#7149 = CARTESIAN_POINT ( 'NONE',  ( -11.05555020236432100, -1.780266023867821800, 0.4739030631196224900 ) ) ;
#7150 = CARTESIAN_POINT ( 'NONE',  ( -10.85229110474936600, -1.010416666666666500, -0.3333333333333342600 ) ) ;
#7151 = CARTESIAN_POINT ( 'NONE',  ( -9.124258039841040000, -0.8306741964220355500, 0.3706585177877571600 ) ) ;
#7152 = FACE_OUTER_BOUND ( 'NONE', #181, .T. ) ;
#7153 = CARTESIAN_POINT ( 'NONE',  ( -10.98363904853290400, -3.159731131681714700, -0.3333333333333340900 ) ) ;
#7154 = ORIENTED_EDGE ( 'NONE', *, *, #2078, .F. ) ;
#7155 = CARTESIAN_POINT ( 'NONE',  ( 0.0000000000000000000, -4.984036849272108300, 0.0000000000000000000 ) ) ;
#7156 = CARTESIAN_POINT ( 'NONE',  ( 10.85229110474936600, -0.9196057048276423700, 0.3333333333333342600 ) ) ;
#7157 = CARTESIAN_POINT ( 'NONE',  ( 10.63283582903065000, -2.986656405945133000, -2.893480160252516400 ) ) ;
#7158 = TOROIDAL_SURFACE ( 'NONE', #2757, 9.137499999999999300, 0.1375000000000000100 ) ;
#7159 = CARTESIAN_POINT ( 'NONE',  ( -10.98891396599528600, -0.7004437009513282400, -0.5027406311343950400 ) ) ;
#7160 = CARTESIAN_POINT ( 'NONE',  ( 11.98240646594245500, -4.985544295228611300, 0.3333333333333338100 ) ) ;
#7161 = ORIENTED_EDGE ( 'NONE', *, *, #6853, .T. ) ;
#7162 = CARTESIAN_POINT ( 'NONE',  ( 0.0000000000000000000, -4.889079012875070500, 0.0000000000000000000 ) ) ;
#7163 = ADVANCED_FACE ( 'NONE', ( #3298 ), #679, .T. ) ;
#7164 = CARTESIAN_POINT ( 'NONE',  ( -10.99105202557116800, -8.618927621222161100, 0.4441617958311530100 ) ) ;
#7165 = CIRCLE ( 'NONE', #957, 0.1375000000000000400 ) ;
#7166 = DIRECTION ( 'NONE',  ( 0.0000000000000000000, -1.000000000000000000, 0.0000000000000000000 ) ) ;
#7167 = CARTESIAN_POINT ( 'NONE',  ( 0.0000000000000000000, -10.00000000000000200, 0.0000000000000000000 ) ) ;
#7168 = ORIENTED_EDGE ( 'NONE', *, *, #7495, .F. ) ;
#7169 = CARTESIAN_POINT ( 'NONE',  ( 11.50368023849098400, -4.946053714713651800, -3.000000000000008400 ) ) ;
#7170 = CARTESIAN_POINT ( 'NONE',  ( -8.611334613699364500, -0.8041666666666668100, 2.616279069767447400 ) ) ;
#7171 = CIRCLE ( 'NONE', #1569, 0.1375000000000000400 ) ;
#7172 = CARTESIAN_POINT ( 'NONE',  ( 8.988044143389004100, -8.416666666666671400, -0.4637482900136808400 ) ) ;
#7173 = EDGE_CURVE ( 'NONE', #2111, #3628, #307, .T. ) ;
#7174 = CARTESIAN_POINT ( 'NONE',  ( 8.546978422949370800, -8.416666666666671400, -2.819425444596447900 ) ) ;
#7175 = CARTESIAN_POINT ( 'NONE',  ( -8.981845156805004400, -0.6693244987993217700, 0.5782392087482350900 ) ) ;
#7176 = CARTESIAN_POINT ( 'NONE',  ( -11.05488186491852800, -3.189583333334610400, -0.3333333333333341500 ) ) ;
#7177 = ORIENTED_EDGE ( 'NONE', *, *, #7788, .T. ) ;
#7178 = CYLINDRICAL_SURFACE ( 'NONE', #1265, 0.3333333333333365300 ) ;
#7179 = ORIENTED_EDGE ( 'NONE', *, *, #2411, .F. ) ;
#7180 = CARTESIAN_POINT ( 'NONE',  ( 11.85315241706704200, -4.889079012875070500, 0.3333333333333339800 ) ) ;
#7181 = CARTESIAN_POINT ( 'NONE',  ( 10.62474503979811200, -2.973211176261044000, -2.895441218673582300 ) ) ;
#7182 = CARTESIAN_POINT ( 'NONE',  ( -10.84763846208352200, -0.7039371516912552600, -0.4974358475835287100 ) ) ;
#7183 = ORIENTED_EDGE ( 'NONE', *, *, #2356, .T. ) ;
#7184 = CARTESIAN_POINT ( 'NONE',  ( 11.62797154374838500, -2.423611111111112000, 0.4708333333333341000 ) ) ;
#7185 = CARTESIAN_POINT ( 'NONE',  ( 0.0000000000000000000, -4.937500000000000900, 0.0000000000000000000 ) ) ;
#7186 = EDGE_CURVE ( 'NONE', #3055, #6426, #1041, .T. ) ;
#7187 = CARTESIAN_POINT ( 'NONE',  ( 0.0000000000000000000, -8.513508640916526800, 0.0000000000000000000 ) ) ;
#7188 = CARTESIAN_POINT ( 'NONE',  ( 10.85229110474936400, -2.914583333333333700, -0.3333333333333341500 ) ) ;
#7189 = DIRECTION ( 'NONE',  ( -0.0000000000000000000, 1.000000000000000000, 3.917117526399240400E-016 ) ) ;
#7190 = EDGE_LOOP ( 'NONE', ( #3577, #122, #2536, #6710 ) ) ;
#7191 = CARTESIAN_POINT ( 'NONE',  ( 9.125361484468559300, -1.010416666666666500, -0.4708333333333347100 ) ) ;
#7192 = ORIENTED_EDGE ( 'NONE', *, *, #7186, .F. ) ;
#7193 = ORIENTED_EDGE ( 'NONE', *, *, #7426, .T. ) ;
#7194 = DIRECTION ( 'NONE',  ( 0.0000000000000000000, -1.000000000000000000, -3.917117526399240400E-016 ) ) ;
#7195 = EDGE_CURVE ( 'NONE', #6420, #949, #5004, .T. ) ;
#7196 = AXIS2_PLACEMENT_3D ( 'NONE', #4878, #1121, #1803 ) ;
#7197 = ORIENTED_EDGE ( 'NONE', *, *, #2084, .T. ) ;
#7198 = CARTESIAN_POINT ( 'NONE',  ( 10.47763955056251100, -8.462559343368599900, -3.002362775106377900 ) ) ;
#7199 = ADVANCED_FACE ( 'NONE', ( #6343 ), #1376, .T. ) ;
#7200 = CARTESIAN_POINT ( 'NONE',  ( -8.677557259966649300, -1.010416666666666700, 3.000000000000006200 ) ) ;
#7201 = CARTESIAN_POINT ( 'NONE',  ( 8.487411565805507200, -8.489380444361671600, -3.000000044820433100 ) ) ;
#7202 = CARTESIAN_POINT ( 'NONE',  ( -8.988044132646798800, -0.9563831275784288000, 0.4637484982115917500 ) ) ;
#7203 = ORIENTED_EDGE ( 'NONE', *, *, #5695, .T. ) ;
#7204 = VERTEX_POINT ( 'NONE', #5592 ) ;
#7205 = CARTESIAN_POINT ( 'NONE',  ( -8.986978481895972600, -0.9032676906261715200, 0.4854038064514857900 ) ) ;
#7206 = CARTESIAN_POINT ( 'NONE',  ( 10.85229110474936400, -1.010416666666666500, 0.3333333333333342600 ) ) ;
#7207 = CARTESIAN_POINT ( 'NONE',  ( -10.30337932021115000, -8.416666666666671400, 3.852320675105491700 ) ) ;
#7208 = EDGE_LOOP ( 'NONE', ( #5478, #7569, #5639, #1488 ) ) ;
#7209 = AXIS2_PLACEMENT_3D ( 'NONE', #139, #165, #1393 ) ;
#7210 = CARTESIAN_POINT ( 'NONE',  ( 11.51066802218398200, -2.359945651001755400, 0.4756637502638257400 ) ) ;
#7211 = CARTESIAN_POINT ( 'NONE',  ( -11.64538703909961900, 0.0000000000000000000, -2.895679662802956900 ) ) ;
#7212 = VERTEX_POINT ( 'NONE', #4485 ) ;
#7213 = CARTESIAN_POINT ( 'NONE',  ( 10.88442328056748900, -8.285609833563626100, 0.3333333333333337000 ) ) ;
#7214 = ORIENTED_EDGE ( 'NONE', *, *, #7007, .T. ) ;
#7215 = CARTESIAN_POINT ( 'NONE',  ( -8.283933821204762200, -8.840099866862084700, 3.519292181854498700 ) ) ;
#7216 = DIRECTION ( 'NONE',  ( 0.9930737109695735300, -0.1174929980089014200, 0.0000000000000000000 ) ) ;
#7217 = CARTESIAN_POINT ( 'NONE',  ( -13.00000000000000000, -8.416666666666671400, -3.000000000000004400 ) ) ;
#7218 = EDGE_CURVE ( 'NONE', #1931, #2988, #427, .T. ) ;
#7219 = VECTOR ( 'NONE', #2162, 1000.000000000000000 ) ;
#7220 = VERTEX_POINT ( 'NONE', #2531 ) ;
#7221 = AXIS2_PLACEMENT_3D ( 'NONE', #180, #4476, #5084 ) ;
#7222 = DIRECTION ( 'NONE',  ( 0.0000000000000000000, 0.0000000000000000000, 1.000000000000000000 ) ) ;
#7223 = ORIENTED_EDGE ( 'NONE', *, *, #3545, .F. ) ;
#7224 = DIRECTION ( 'NONE',  ( 0.0000000000000000000, 0.0000000000000000000, 1.000000000000000000 ) ) ;
#7225 = CARTESIAN_POINT ( 'NONE',  ( 8.529156093886738800, -8.671068636872817600, -2.874397559932160700 ) ) ;
#7226 = DIRECTION ( 'NONE',  ( 1.000000000000000000, 0.0000000000000000000, 0.0000000000000000000 ) ) ;
#7227 = CIRCLE ( 'NONE', #1604, 0.1375000000000000400 ) ;
#7228 = ORIENTED_EDGE ( 'NONE', *, *, #1124, .T. ) ;
#7229 = CARTESIAN_POINT ( 'NONE',  ( -11.12908718079473400, -2.286111111111111900, 2.897139713971403500 ) ) ;
#7230 = EDGE_CURVE ( 'NONE', #6874, #4988, #1747, .T. ) ;
#7231 = AXIS2_PLACEMENT_3D ( 'NONE', #7693, #4051, #1021 ) ;
#7232 = CARTESIAN_POINT ( 'NONE',  ( 10.46911701424070000, -8.567251436278754200, 3.024366526546334200 ) ) ;
#7233 = ORIENTED_EDGE ( 'NONE', *, *, #2197, .F. ) ;
#7234 = CARTESIAN_POINT ( 'NONE',  ( -10.58190561240080800, -8.734753029359692900, 3.005483276612047000 ) ) ;
#7235 = VECTOR ( 'NONE', #2134, 1000.000000000000000 ) ;
#7236 = CARTESIAN_POINT ( 'NONE',  ( -8.307961375826334200, -8.416666666666671400, -3.666666666666675800 ) ) ;
#7237 = CARTESIAN_POINT ( 'NONE',  ( -10.47854961734660900, -2.988889219826811800, -3.000000000000007500 ) ) ;
#7238 = ORIENTED_EDGE ( 'NONE', *, *, #5559, .F. ) ;
#7239 = ADVANCED_FACE ( 'NONE', ( #3389 ), #3101, .T. ) ;
#7240 = FACE_OUTER_BOUND ( 'NONE', #5549, .T. ) ;
#7241 = VERTEX_POINT ( 'NONE', #864 ) ;
#7242 = CARTESIAN_POINT ( 'NONE',  ( -10.85229110474936400, -1.010416666666666500, 0.3333333333333342600 ) ) ;
#7243 = CARTESIAN_POINT ( 'NONE',  ( -11.01982960024993300, -3.000418263185646000, -0.4754637008326889600 ) ) ;
#7244 = EDGE_CURVE ( 'NONE', #5900, #2512, #6246, .T. ) ;
#7245 = EDGE_CURVE ( 'NONE', #6004, #980, #2842, .T. ) ;
#7246 = CARTESIAN_POINT ( 'NONE',  ( 11.27811176020549600, -6.087334148132382200, -3.000000000000008900 ) ) ;
#7247 = CIRCLE ( 'NONE', #4769, 11.13749999999999900 ) ;
#7248 = VERTEX_POINT ( 'NONE', #6945 ) ;
#7249 = CARTESIAN_POINT ( 'NONE',  ( 10.51074977456626100, -1.803501765471882100, 3.000000000000006200 ) ) ;
#7250 = CARTESIAN_POINT ( 'NONE',  ( 11.61553676467805300, -4.948162245174578400, 2.999999999999967100 ) ) ;
#7251 = DIRECTION ( 'NONE',  ( 0.0000000000000000000, 0.0000000000000000000, -1.000000000000000000 ) ) ;
#7252 = CARTESIAN_POINT ( 'NONE',  ( 8.597249031699977500, -8.717874882373777700, -3.165873457485659500 ) ) ;
#7253 = DIRECTION ( 'NONE',  ( 1.000000000000000000, -0.0000000000000000000, -0.0000000000000000000 ) ) ;
#7254 = DIRECTION ( 'NONE',  ( 0.0000000000000000000, -1.000000000000000000, 0.0000000000000000000 ) ) ;
#7255 = CARTESIAN_POINT ( 'NONE',  ( 10.84137742216007400, -0.6666666666666666300, -0.6770833333333349200 ) ) ;
#7256 = CARTESIAN_POINT ( 'NONE',  ( 2.221449702374166300E-015, 2.000000000000000000, 4.442899404748335000E-015 ) ) ;
#7257 = CARTESIAN_POINT ( 'NONE',  ( -10.85136397614871500, -0.8307261097987868000, -0.3706290691954352000 ) ) ;
#7258 = CARTESIAN_POINT ( 'NONE',  ( 11.85315241706704000, -4.889079012875069600, 0.3333333333333339800 ) ) ;
#7259 = DIRECTION ( 'NONE',  ( 0.0000000000000000000, 0.0000000000000000000, 1.000000000000000000 ) ) ;
#7260 = FACE_OUTER_BOUND ( 'NONE', #7812, .T. ) ;
#7261 = CC_DESIGN_PERSON_AND_ORGANIZATION_ASSIGNMENT ( #2329, #2700, ( #3321 ) ) ;
#7262 = ORIENTED_EDGE ( 'NONE', *, *, #623, .T. ) ;
#7263 = CARTESIAN_POINT ( 'NONE',  ( -10.47854951794378500, -1.010416666666667200, 3.000000000000005800 ) ) ;
#7264 = CIRCLE ( 'NONE', #3691, 0.1374999999999995900 ) ;
#7265 = CARTESIAN_POINT ( 'NONE',  ( 10.99442124812328100, -8.432806995708311600, -0.4767489394116605200 ) ) ;
#7266 = DIRECTION ( 'NONE',  ( -0.07409940720474206300, 0.0000000000000000000, 0.9972508600406950800 ) ) ;
#7267 = CIRCLE ( 'NONE', #1818, 11.13749999999999900 ) ;
#7268 = CARTESIAN_POINT ( 'NONE',  ( 10.84335215822125200, -7.172694528487842700, -3.000000000000009300 ) ) ;
#7269 = ORIENTED_EDGE ( 'NONE', *, *, #2545, .F. ) ;
#7270 = CIRCLE ( 'NONE', #4974, 0.1375000000000000400 ) ;
#7271 = CARTESIAN_POINT ( 'NONE',  ( 10.61777112150252300, -0.9005673923701684700, -2.874813493285056900 ) ) ;
#7272 = FACE_OUTER_BOUND ( 'NONE', #296, .T. ) ;
#7273 = EDGE_CURVE ( 'NONE', #3202, #4978, #3195, .T. ) ;
#7274 = DIRECTION ( 'NONE',  ( 0.0000000000000000000, 7.274646834741446500E-016, -1.000000000000000000 ) ) ;
#7275 = CARTESIAN_POINT ( 'NONE',  ( 8.219692629721288700, -8.416666666666671400, -3.666666666666671800 ) ) ;
#7276 = CARTESIAN_POINT ( 'NONE',  ( 10.66604804961214900, -0.8041666666666668100, 2.689873417721524900 ) ) ;
#7277 = AXIS2_PLACEMENT_3D ( 'NONE', #5759, #2073, #844 ) ;
#7278 = ORIENTED_EDGE ( 'NONE', *, *, #4973, .F. ) ;
#7279 = DIRECTION ( 'NONE',  ( 0.0000000000000000000, -1.000000000000000000, 0.0000000000000000000 ) ) ;
#7280 = ORIENTED_EDGE ( 'NONE', *, *, #4067, .T. ) ;
#7281 = CARTESIAN_POINT ( 'NONE',  ( 9.112379733621850200, -0.6666666666666666300, -0.6770833333333347000 ) ) ;
#7282 = MANIFOLD_SOLID_BREP ( 'Fillet5', #2714 ) ;
#7283 = CARTESIAN_POINT ( 'NONE',  ( -12.92696701773795800, 0.5403851024289089100, -25.85393403547592700 ) ) ;
#7284 = DIRECTION ( 'NONE',  ( -0.0000000000000000000, 1.000000000000000000, 0.0000000000000000000 ) ) ;
#7285 = DIRECTION ( 'NONE',  ( 0.0000000000000000000, 0.0000000000000000000, -1.000000000000000000 ) ) ;
#7286 = CARTESIAN_POINT ( 'NONE',  ( -10.61118939225463500, -2.951736283965274800, -2.898734151608128400 ) ) ;
#7287 = ORIENTED_EDGE ( 'NONE', *, *, #5853, .F. ) ;
#7288 = EDGE_CURVE ( 'NONE', #178, #1621, #2166, .T. ) ;
#7289 = AXIS2_PLACEMENT_3D ( 'NONE', #3429, #5952, #4670 ) ;
#7290 = ORIENTED_EDGE ( 'NONE', *, *, #5019, .T. ) ;
#7291 = CARTESIAN_POINT ( 'NONE',  ( -10.61118938525952900, -1.010416666666667000, 2.898734177215195600 ) ) ;
#7292 = DIRECTION ( 'NONE',  ( 1.000000000000000000, -0.0000000000000000000, -0.0000000000000000000 ) ) ;
#7293 = CARTESIAN_POINT ( 'NONE',  ( 8.546978422949370800, -8.416666666666671400, -2.819425444596447900 ) ) ;
#7294 = CARTESIAN_POINT ( 'NONE',  ( 10.63933082173411600, -8.323592968122440500, -2.897221634347996400 ) ) ;
#7295 = EDGE_LOOP ( 'NONE', ( #3018, #6789, #6726 ) ) ;
#7296 = CARTESIAN_POINT ( 'NONE',  ( 11.64538703909961900, 0.0000000000000000000, -2.895679662802956900 ) ) ;
#7297 = ORIENTED_EDGE ( 'NONE', *, *, #4780, .T. ) ;
#7298 = VERTEX_POINT ( 'NONE', #2769 ) ;
#7299 = DIRECTION ( 'NONE',  ( -1.000000000000000000, -0.0000000000000000000, 0.0000000000000000000 ) ) ;
#7300 = CARTESIAN_POINT ( 'NONE',  ( 10.58887856671725200, -8.429460590040072500, -3.000000000000008900 ) ) ;
#7301 = CARTESIAN_POINT ( 'NONE',  ( 10.99823602122230200, -8.850747275310148200, -0.2145412025140852100 ) ) ;
#7302 = ORIENTED_EDGE ( 'NONE', *, *, #5319, .T. ) ;
#7303 = CARTESIAN_POINT ( 'NONE',  ( -11.12754340464321800, -3.052083333334685700, -0.3333333333333341500 ) ) ;
#7304 = ORIENTED_EDGE ( 'NONE', *, *, #6313, .F. ) ;
#7305 = CARTESIAN_POINT ( 'NONE',  ( 10.99878642144152800, -8.395926587374937400, -0.4767083211261983200 ) ) ;
#7306 = CARTESIAN_POINT ( 'NONE',  ( 10.98981137004389000, -8.486943335504427900, -0.4733837432270574500 ) ) ;
#7307 = CIRCLE ( 'NONE', #4026, 11.00000000000000000 ) ;
#7308 = EDGE_LOOP ( 'NONE', ( #4173, #7868, #3355, #2316 ) ) ;
#7309 = CARTESIAN_POINT ( 'NONE',  ( 0.0000000000000000000, -9.790000000000002700, 0.0000000000000000000 ) ) ;
#7310 = CARTESIAN_POINT ( 'NONE',  ( 10.58352596647482700, -0.9266431443653481100, -2.999999689804143000 ) ) ;
#7311 = DIRECTION ( 'NONE',  ( 0.0000000000000000000, -1.000000000000000000, 0.0000000000000000000 ) ) ;
#7312 = CARTESIAN_POINT ( 'NONE',  ( -10.51182419603454600, -8.285609833563633200, 3.000000000000000900 ) ) ;
#7313 = CARTESIAN_POINT ( 'NONE',  ( -10.69017793860138700, -3.189583191460875900, -3.000000000000007500 ) ) ;
#7314 = ORIENTED_EDGE ( 'NONE', *, *, #3512, .F. ) ;
#7315 = LINE ( 'NONE', #1242, #3961 ) ;
#7316 = EDGE_LOOP ( 'NONE', ( #4910, #616, #3263, #112 ) ) ;
#7317 = VECTOR ( 'NONE', #2508, 1000.000000000000000 ) ;
#7318 = CARTESIAN_POINT ( 'NONE',  ( -9.125361484468557500, -1.010416666666666500, -0.3333333333333342600 ) ) ;
#7319 = CARTESIAN_POINT ( 'NONE',  ( 11.00614438190801200, -8.359398239012115500, -0.4766398870014255100 ) ) ;
#7320 = DIRECTION ( 'NONE',  ( -0.0000000000000000000, 1.000000000000000000, -0.0000000000000000000 ) ) ;
#7321 = ORIENTED_EDGE ( 'NONE', *, *, #2693, .T. ) ;
#7322 = CARTESIAN_POINT ( 'NONE',  ( -10.39506806306421200, -8.735353544890413600, -3.206176940288627500 ) ) ;
#7323 = CARTESIAN_POINT ( 'NONE',  ( -10.85615914094382200, -8.627381182205303000, 0.2693444911367657300 ) ) ;
#7324 = EDGE_CURVE ( 'NONE', #169, #7480, #370, .T. ) ;
#7325 = ORIENTED_EDGE ( 'NONE', *, *, #5732, .T. ) ;
#7326 = FACE_OUTER_BOUND ( 'NONE', #5168, .T. ) ;
#7327 = AXIS2_PLACEMENT_3D ( 'NONE', #5730, #5153, #6356 ) ;
#7328 = AXIS2_PLACEMENT_3D ( 'NONE', #1170, #543, #1715 ) ;
#7329 = DIRECTION ( 'NONE',  ( -0.0000000000000000000, -1.000000000000000000, -1.219727444046190300E-016 ) ) ;
#7330 = ORIENTED_EDGE ( 'NONE', *, *, #1842, .T. ) ;
#7331 = CARTESIAN_POINT ( 'NONE',  ( 10.60209150170311600, -8.352977534925381400, -2.999999999999893900 ) ) ;
#7332 = CARTESIAN_POINT ( 'NONE',  ( 0.0000000000000000000, -8.513508640916521500, 0.0000000000000000000 ) ) ;
#7333 = CARTESIAN_POINT ( 'NONE',  ( -11.09089344865008400, -3.050538044708343200, -0.3333333333333342000 ) ) ;
#7334 = ORIENTED_EDGE ( 'NONE', *, *, #6876, .F. ) ;
#7335 = CIRCLE ( 'NONE', #779, 11.86249999999999900 ) ;
#7336 = CARTESIAN_POINT ( 'NONE',  ( 11.05488186491852800, -1.932638888890165800, 0.3333333333333341500 ) ) ;
#7337 = EDGE_CURVE ( 'NONE', #3428, #3668, #4819, .T. ) ;
#7338 = AXIS2_PLACEMENT_3D ( 'NONE', #1012, #4176, #4738 ) ;
#7339 = DIRECTION ( 'NONE',  ( 1.000000000000000000, 0.0000000000000000000, 0.0000000000000000000 ) ) ;
#7340 = CARTESIAN_POINT ( 'NONE',  ( 8.982583416986685200, -0.8264246671775989900, 0.5608983745127827900 ) ) ;
#7341 = LINE ( 'NONE', #7068, #5795 ) ;
#7342 = CARTESIAN_POINT ( 'NONE',  ( 11.11210247099230800, -3.052083333333333500, -0.4714843455949873600 ) ) ;
#7343 = VERTEX_POINT ( 'NONE', #5172 ) ;
#7344 = CARTESIAN_POINT ( 'NONE',  ( -10.59286255273472600, -0.8416928537889354400, 2.967045754987563300 ) ) ;
#7345 = CIRCLE ( 'NONE', #27, 0.1374999999999999800 ) ;
#7346 = DIRECTION ( 'NONE',  ( 0.0000000000000000000, -1.000000000000000000, 0.0000000000000000000 ) ) ;
#7347 = ORIENTED_EDGE ( 'NONE', *, *, #574, .T. ) ;
#7348 = DIRECTION ( 'NONE',  ( 0.0000000000000000000, -1.000000000000000000, -6.994852725712929000E-017 ) ) ;
#7349 = EDGE_CURVE ( 'NONE', #5741, #2724, #313, .T. ) ;
#7350 = EDGE_CURVE ( 'NONE', #7468, #2998, #2107, .T. ) ;
#7351 = AXIS2_PLACEMENT_3D ( 'NONE', #4862, #2235, #5462 ) ;
#7352 = CARTESIAN_POINT ( 'NONE',  ( -10.98966187822720600, -1.010416666666666500, 0.4767932489451486300 ) ) ;
#7353 = CARTESIAN_POINT ( 'NONE',  ( 0.0000000000000000000, -8.323592968122440500, 0.0000000000000000000 ) ) ;
#7354 = TOROIDAL_SURFACE ( 'NONE', #7625, 9.137499999999999300, 0.1375000000000000100 ) ;
#7355 = CARTESIAN_POINT ( 'NONE',  ( -8.988044143389480200, -1.010416666666450000, -0.4637482900127518100 ) ) ;
#7356 = CARTESIAN_POINT ( 'NONE',  ( 10.61118938525952900, -1.010416666666667000, 2.898734177215195600 ) ) ;
#7357 = EDGE_CURVE ( 'NONE', #269, #3676, #1549, .T. ) ;
#7358 = FACE_OUTER_BOUND ( 'NONE', #3104, .T. ) ;
#7359 = CARTESIAN_POINT ( 'NONE',  ( -11.51195031260993500, -4.908269608880767800, -3.000000000000008400 ) ) ;
#7360 = CARTESIAN_POINT ( 'NONE',  ( 0.0000000000000000000, -3.189583333333333700, 0.0000000000000000000 ) ) ;
#7361 = DIRECTION ( 'NONE',  ( 0.0000000000000000000, 0.0000000000000000000, -1.000000000000000000 ) ) ;
#7362 = CARTESIAN_POINT ( 'NONE',  ( 10.58352587923466000, -1.010416666666666500, -3.000000000000004900 ) ) ;
#7363 = DIRECTION ( 'NONE',  ( -1.224646799147350500E-016, 0.0000000000000000000, -1.000000000000000000 ) ) ;
#7364 = ORIENTED_EDGE ( 'NONE', *, *, #7559, .T. ) ;
#7365 = DIRECTION ( 'NONE',  ( -0.9568149570777065800, 0.0000000000000000000, 0.2906976744186066700 ) ) ;
#7366 = CARTESIAN_POINT ( 'NONE',  ( -8.182944173180519700, -8.416666666666671400, -3.746922024623806600 ) ) ;
#7367 = TOROIDAL_SURFACE ( 'NONE', #4871, 12.86249999999999900, 0.1375000000000000100 ) ;
#7368 = ORIENTED_EDGE ( 'NONE', *, *, #6662, .F. ) ;
#7369 = EDGE_CURVE ( 'NONE', #2501, #4262, #5239, .T. ) ;
#7370 = CARTESIAN_POINT ( 'NONE',  ( 10.32189542188765000, -8.653834106071720100, 3.803352789927999700 ) ) ;
#7371 = CARTESIAN_POINT ( 'NONE',  ( 10.61118938525936400, -1.657638888888905800, 2.898734177215196000 ) ) ;
#7372 = DIRECTION ( 'NONE',  ( 0.0000000000000000000, -1.000000000000000000, -6.994852725712929000E-017 ) ) ;
#7373 = ORIENTED_EDGE ( 'NONE', *, *, #2129, .F. ) ;
#7374 = ORIENTED_EDGE ( 'NONE', *, *, #2884, .T. ) ;
#7375 = CARTESIAN_POINT ( 'NONE',  ( -10.62856313734621400, -8.359211724348417900, -2.897798769979054600 ) ) ;
#7376 = CARTESIAN_POINT ( 'NONE',  ( -10.86073765257573600, -8.723646855711251600, 0.1506991224213306600 ) ) ;
#7377 = ORIENTED_EDGE ( 'NONE', *, *, #5579, .F. ) ;
#7378 = DIRECTION ( 'NONE',  ( -0.0000000000000000000, 1.000000000000000000, -0.0000000000000000000 ) ) ;
#7379 = CARTESIAN_POINT ( 'NONE',  ( 10.49903941559767300, -8.328527428760358100, -3.000000000000009800 ) ) ;
#7380 = PLANE ( 'NONE',  #4160 ) ;
#7381 = DIRECTION ( 'NONE',  ( 0.0000000000000000000, 0.0000000000000000000, -1.000000000000000000 ) ) ;
#7382 = ORIENTED_EDGE ( 'NONE', *, *, #7752, .T. ) ;
#7383 = EDGE_CURVE ( 'NONE', #6455, #4524, #7879, .T. ) ;
#7384 = AXIS2_PLACEMENT_3D ( 'NONE', #1427, #283, #1455 ) ;
#7385 =( BOUNDED_SURFACE ( )  B_SPLINE_SURFACE ( 3, 2, ( 
 ( #7401, #4372, #1928 ),
 ( #2551, #24, #6823 ),
 ( #3175, #7450, #1959 ),
 ( #4426, #2468, #5043 ),
 ( #5640, #6739, #3700 ),
 ( #4319, #650, #1873 ),
 ( #4506, #6342, #833 ),
 ( #2086, #3334, #7581 ),
 ( #5690, #2011, #5142 ),
 ( #3234, #6990, #5746 ) ),
 .UNSPECIFIED., .F., .F., .F. ) 
 B_SPLINE_SURFACE_WITH_KNOTS ( ( 4, 2, 2, 2, 4 ),
 ( 3, 3 ),
 ( 0.0000000000000000000, 0.0003196174286088968700, 0.0006392348572177937400, 0.0009588522858266906000, 0.001278469714435587500 ),
 ( 0.0000000000000000000, 1.000000000000000000 ),
 .UNSPECIFIED. ) 
 GEOMETRIC_REPRESENTATION_ITEM ( )  RATIONAL_B_SPLINE_SURFACE ( (
 ( 1.000000000000000000, 0.6922748253407057200, 1.000000000000000000),
 ( 1.000000000000000000, 0.6936676649790530800, 1.000000000000000000),
 ( 1.000000000000000000, 0.6975300823762897700, 1.000000000000000000),
 ( 1.000000000000000000, 0.7044640560824864100, 1.000000000000000000),
 ( 1.000000000000000000, 0.7071098106825676200, 1.000000000000000000),
 ( 1.000000000000000000, 0.7071037459598609200, 1.000000000000000000),
 ( 1.000000000000000000, 0.7044440878502137300, 1.000000000000000000),
 ( 1.000000000000000000, 0.6975236241442660500, 1.000000000000000000),
 ( 1.000000000000000000, 0.6936593146273660700, 1.000000000000000000),
 ( 1.000000000000000000, 0.6922748253407057200, 1.000000000000000000) ) ) 
 REPRESENTATION_ITEM ( '' )  SURFACE ( )  );
#7386 = ORIENTED_EDGE ( 'NONE', *, *, #5626, .T. ) ;
#7387 = ADVANCED_FACE ( 'NONE', ( #4728 ), #2918, .T. ) ;
#7388 = ORIENTED_EDGE ( 'NONE', *, *, #252, .T. ) ;
#7389 = CARTESIAN_POINT ( 'NONE',  ( 10.99442124812328100, -8.432806995708313400, -0.4767489394116605800 ) ) ;
#7390 = ORIENTED_EDGE ( 'NONE', *, *, #207, .F. ) ;
#7391 = CARTESIAN_POINT ( 'NONE',  ( 10.87206213280530400, -8.328576165024308900, 0.3333333333333337000 ) ) ;
#7392 = DIRECTION ( 'NONE',  ( 0.0000000000000000000, 0.2056820692032164100, -0.9786188667751523100 ) ) ;
#7393 = CARTESIAN_POINT ( 'NONE',  ( -8.553121788653696100, -8.750659801802594700, 3.251560101325568400 ) ) ;
#7394 = EDGE_CURVE ( 'NONE', #5968, #3932, #3007, .T. ) ;
#7395 = AXIS2_PLACEMENT_3D ( 'NONE', #49, #3063, #6713 ) ;
#7396 = ORIENTED_EDGE ( 'NONE', *, *, #2462, .F. ) ;
#7397 = CARTESIAN_POINT ( 'NONE',  ( -10.48446196509714500, -8.416666666666671400, -3.000000000000004400 ) ) ;
#7398 = ORIENTED_EDGE ( 'NONE', *, *, #4733, .F. ) ;
#7399 = CARTESIAN_POINT ( 'NONE',  ( 10.76336378647493300, -1.932638888888889200, 3.000000000000005800 ) ) ;
#7400 = CARTESIAN_POINT ( 'NONE',  ( 0.0000000000000000000, -1.932638888888889200, 0.0000000000000000000 ) ) ;
#7401 = CARTESIAN_POINT ( 'NONE',  ( 10.85272318776254300, -8.485227356401077600, -0.3262062889250509900 ) ) ;
#7402 = EDGE_LOOP ( 'NONE', ( #2533, #4568, #1330, #5202 ) ) ;
#7403 = ORIENTED_EDGE ( 'NONE', *, *, #3459, .F. ) ;
#7404 = AXIS2_PLACEMENT_3D ( 'NONE', #600, #2448, #1907 ) ;
#7405 = B_SPLINE_CURVE_WITH_KNOTS ( 'NONE', 3,
 ( #4898, #3080, #7563, #5148, #329, #3317 ),
 .UNSPECIFIED., .F., .F.,
 ( 4, 2, 4 ),
 ( 0.0000000000000000000, 0.0002707644810447426100, 0.0005415289620894851200 ),
 .UNSPECIFIED. ) ;
#7406 = CARTESIAN_POINT ( 'NONE',  ( 11.60776418017886300, -4.976882328835232600, 3.000000000000005300 ) ) ;
#7407 = CARTESIAN_POINT ( 'NONE',  ( 10.99604904946702900, -8.484002524078432500, -0.3264637191209137100 ) ) ;
#7408 = DIRECTION ( 'NONE',  ( 0.0000000000000000000, 0.0000000000000000000, -1.000000000000000000 ) ) ;
#7409 = CIRCLE ( 'NONE', #7404, 0.1375000000000003400 ) ;
#7410 = VERTEX_POINT ( 'NONE', #414 ) ;
#7411 = ORIENTED_EDGE ( 'NONE', *, *, #93, .T. ) ;
#7412 = CARTESIAN_POINT ( 'NONE',  ( 10.98966187220507100, -0.9559131267465461600, -0.4767933877582775600 ) ) ;
#7413 = CARTESIAN_POINT ( 'NONE',  ( -8.597249031700091100, -8.717874882373699600, 3.165873457485571600 ) ) ;
#7414 = CARTESIAN_POINT ( 'NONE',  ( -10.84335215821961800, -7.172694528487219200, -3.000000000000009300 ) ) ;
#7415 = ORIENTED_EDGE ( 'NONE', *, *, #3545, .T. ) ;
#7416 = ORIENTED_EDGE ( 'NONE', *, *, #1328, .T. ) ;
#7417 = CARTESIAN_POINT ( 'NONE',  ( -13.00000000000000000, -1.010416666666666700, 2.656250000000005800 ) ) ;
#7418 = ADVANCED_FACE ( 'NONE', ( #1558 ), #6061, .T. ) ;
#7419 = CIRCLE ( 'NONE', #474, 0.1374999999999993700 ) ;
#7420 = DIRECTION ( 'NONE',  ( 0.0000000000000000000, 0.0000000000000000000, -1.000000000000000000 ) ) ;
#7421 = DIRECTION ( 'NONE',  ( 0.0000000000000000000, 0.0000000000000000000, -1.000000000000000000 ) ) ;
#7422 = CARTESIAN_POINT ( 'NONE',  ( 9.112379733621851900, -0.6666666666666666300, 0.6770833333333342600 ) ) ;
#7423 = CARTESIAN_POINT ( 'NONE',  ( -11.64538703909961700, -4.889079012875070500, -2.895679662802956400 ) ) ;
#7424 = DIRECTION ( 'NONE',  ( 0.0000000000000000000, -1.000000000000000000, 0.0000000000000000000 ) ) ;
#7425 = EDGE_LOOP ( 'NONE', ( #2971, #6563, #2623, #4834 ) ) ;
#7426 = EDGE_CURVE ( 'NONE', #5846, #2888, #2781, .T. ) ;
#7427 = CIRCLE ( 'NONE', #1632, 0.1375000000000000400 ) ;
#7428 = AXIS2_PLACEMENT_3D ( 'NONE', #3493, #2399, #5498 ) ;
#7429 = VERTEX_POINT ( 'NONE', #4031 ) ;
#7430 = AXIS2_PLACEMENT_3D ( 'NONE', #5449, #2428, #6093 ) ;
#7431 = CARTESIAN_POINT ( 'NONE',  ( -10.98202879833879600, -0.8041666666666668100, 0.6309133826629067500 ) ) ;
#7432 = CARTESIAN_POINT ( 'NONE',  ( -11.34205444407865700, -7.212717477019992900, -0.3333333333373501000 ) ) ;
#7433 = CIRCLE ( 'NONE', #1990, 9.137499999999999300 ) ;
#7434 = ORIENTED_EDGE ( 'NONE', *, *, #777, .F. ) ;
#7435 = DIRECTION ( 'NONE',  ( 0.0000000000000000000, 1.000000000000000000, 0.0000000000000000000 ) ) ;
#7436 = CARTESIAN_POINT ( 'NONE',  ( 8.487411582955431300, -1.010416666666667400, 3.000000000000006200 ) ) ;
#7437 = EDGE_CURVE ( 'NONE', #1270, #5678, #5306, .T. ) ;
#7438 = CARTESIAN_POINT ( 'NONE',  ( 10.98871975320291100, -0.9024744640363452400, -0.4995280702809761800 ) ) ;
#7439 = CARTESIAN_POINT ( 'NONE',  ( -8.442477109135847300, -8.688322457803803200, 3.119541960187661300 ) ) ;
#7440 = CARTESIAN_POINT ( 'NONE',  ( 11.00055430151961600, -8.433532612369509400, 0.3333333333333319300 ) ) ;
#7441 = CARTESIAN_POINT ( 'NONE',  ( -10.51182419603454200, -8.285609833563631500, -3.000000000000009800 ) ) ;
#7442 = CARTESIAN_POINT ( 'NONE',  ( 11.51195031260993500, -2.561111111111112200, 2.862500000000005600 ) ) ;
#7443 = VECTOR ( 'NONE', #7189, 1000.000000000000000 ) ;
#7444 = DIRECTION ( 'NONE',  ( 0.0000000000000000000, 0.0000000000000000000, 1.000000000000000000 ) ) ;
#7445 = DIRECTION ( 'NONE',  ( -0.0000000000000000000, 1.000000000000000000, 7.274646834741446500E-016 ) ) ;
#7446 = CARTESIAN_POINT ( 'NONE',  ( 10.37279333229536400, -8.480374154078493400, -3.666666629785226400 ) ) ;
#7447 = TOROIDAL_SURFACE ( 'NONE', #344, 11.63750000000000100, 0.1375000000000000100 ) ;
#7448 = EDGE_CURVE ( 'NONE', #2419, #4489, #926, .T. ) ;
#7449 = AXIS2_PLACEMENT_3D ( 'NONE', #3352, #4010, #2805 ) ;
#7450 = CARTESIAN_POINT ( 'NONE',  ( 10.99736352824968200, -8.624543491884562500, -0.2717599178120134200 ) ) ;
#7451 = CARTESIAN_POINT ( 'NONE',  ( -13.00000000000000000, -1.010416666666666500, -0.3333333333333342600 ) ) ;
#7452 = EDGE_LOOP ( 'NONE', ( #7386, #7314, #5271, #3888 ) ) ;
#7453 = CYLINDRICAL_SURFACE ( 'NONE', #2722, 0.1374999999999999800 ) ;
#7454 = B_SPLINE_CURVE_WITH_KNOTS ( 'NONE', 3,
 ( #5042, #5089, #3257, #2703 ),
 .UNSPECIFIED., .F., .F.,
 ( 4, 4 ),
 ( 0.0000000000000000000, 8.174926075468057600E-005 ),
 .UNSPECIFIED. ) ;
#7455 = DIRECTION ( 'NONE',  ( 1.000000000000000000, 0.0000000000000000000, 0.0000000000000000000 ) ) ;
#7456 = CARTESIAN_POINT ( 'NONE',  ( 8.307961375826328900, -8.511520069191709200, -3.666666666666670500 ) ) ;
#7457 = CARTESIAN_POINT ( 'NONE',  ( 9.125361484468557500, -1.010416666666666500, 0.4708333333333342700 ) ) ;
#7458 = DIRECTION ( 'NONE',  ( 0.0000000000000000000, 0.0000000000000000000, -1.000000000000000000 ) ) ;
#7459 = ADVANCED_FACE ( 'NONE', ( #1171 ), #5879, .T. ) ;
#7460 = AXIS2_PLACEMENT_3D ( 'NONE', #1766, #7292, #6024 ) ;
#7461 = ORIENTED_EDGE ( 'NONE', *, *, #4549, .F. ) ;
#7462 = CARTESIAN_POINT ( 'NONE',  ( 11.24121914263487700, -2.423611111111112000, 2.871209485973229600 ) ) ;
#7463 = CYLINDRICAL_SURFACE ( 'NONE', #1082, 0.1374999999999995900 ) ;
#7464 = DIRECTION ( 'NONE',  ( 5.329070518200750600E-015, 1.197737727947162700E-016, -1.000000000000000000 ) ) ;
#7465 = CARTESIAN_POINT ( 'NONE',  ( 10.84763846208352200, -0.7039371516912597000, 0.4974358475835237200 ) ) ;
#7466 = CARTESIAN_POINT ( 'NONE',  ( -8.307961375826332400, -8.416666666666671400, -3.666666666666670500 ) ) ;
#7467 = ORIENTED_EDGE ( 'NONE', *, *, #4316, .T. ) ;
#7468 = VERTEX_POINT ( 'NONE', #6123 ) ;
#7469 = EDGE_CURVE ( 'NONE', #3510, #1931, #7771, .T. ) ;
#7470 = CARTESIAN_POINT ( 'NONE',  ( -10.49903856070131300, -8.328530283329007100, -3.000000000000009800 ) ) ;
#7471 = AXIS2_PLACEMENT_3D ( 'NONE', #6141, #7435, #684 ) ;
#7472 = PLANE ( 'NONE',  #2195 ) ;
#7473 = CARTESIAN_POINT ( 'NONE',  ( 10.37279332050153400, -8.416666666666671400, -3.666666666666668300 ) ) ;
#7474 = CARTESIAN_POINT ( 'NONE',  ( 11.61944720587410600, -4.918870000247464300, -2.999999999999960500 ) ) ;
#7475 = CARTESIAN_POINT ( 'NONE',  ( 10.99119778115646700, -8.460041373204182600, 0.4767789340285721300 ) ) ;
#7476 = ORIENTED_EDGE ( 'NONE', *, *, #7218, .T. ) ;
#7477 = DIRECTION ( 'NONE',  ( 0.0000000000000000000, -1.000000000000000000, 0.0000000000000000000 ) ) ;
#7478 = CARTESIAN_POINT ( 'NONE',  ( 11.09121135812474400, -3.050551420779417100, -0.3333333333333341500 ) ) ;
#7479 = B_SPLINE_CURVE_WITH_KNOTS ( 'NONE', 3,
 ( #5578, #899, #5738, #2751, #3272, #6306 ),
 .UNSPECIFIED., .F., .F.,
 ( 4, 2, 4 ),
 ( 0.0000000000000000000, 0.0001637752755407885200, 0.0003275505510815770400 ),
 .UNSPECIFIED. ) ;
#7480 = VERTEX_POINT ( 'NONE', #1885 ) ;
#7481 = CARTESIAN_POINT ( 'NONE',  ( -8.529790337874208800, -8.668625917029348900, -2.872537041234222600 ) ) ;
#7482 = CARTESIAN_POINT ( 'NONE',  ( -11.20467811345439900, -7.172430905627253500, -0.3333333333333339800 ) ) ;
#7483 = CARTESIAN_POINT ( 'NONE',  ( 0.0000000000000000000, -0.8041666666666665900, 0.0000000000000000000 ) ) ;
#7484 = ORIENTED_EDGE ( 'NONE', *, *, #7765, .T. ) ;
#7485 = EDGE_CURVE ( 'NONE', #6261, #7941, #6716, .T. ) ;
#7486 = AXIS2_PLACEMENT_3D ( 'NONE', #2680, #6937, #856 ) ;
#7487 = ORIENTED_EDGE ( 'NONE', *, *, #4363, .F. ) ;
#7488 = CARTESIAN_POINT ( 'NONE',  ( 0.0000000000000000000, -0.8041666666666665900, 0.0000000000000000000 ) ) ;
#7489 = ORIENTED_EDGE ( 'NONE', *, *, #2129, .T. ) ;
#7490 = CARTESIAN_POINT ( 'NONE',  ( 10.85136397614871500, -0.8307261097987827000, 0.3706290691954390300 ) ) ;
#7491 = DIRECTION ( 'NONE',  ( -0.0000000000000000000, 1.000000000000000000, -0.0000000000000000000 ) ) ;
#7492 = CARTESIAN_POINT ( 'NONE',  ( 11.50368023849109300, -4.946053714713292100, 3.000000000000003600 ) ) ;
#7493 = CARTESIAN_POINT ( 'NONE',  ( -8.332444353718925000, -8.886632214676012600, -3.403859952346800300 ) ) ;
#7494 = VERTEX_POINT ( 'NONE', #1833 ) ;
#7495 = EDGE_CURVE ( 'NONE', #3652, #6073, #7127, .T. ) ;
#7496 = EDGE_CURVE ( 'NONE', #5621, #1005, #3859, .T. ) ;
#7497 = AXIS2_PLACEMENT_3D ( 'NONE', #6533, #4773, #2283 ) ;
#7498 = LINE ( 'NONE', #7137, #4248 ) ;
#7499 = EDGE_LOOP ( 'NONE', ( #3312, #7029, #2485, #4883 ) ) ;
#7500 = DIRECTION ( 'NONE',  ( 0.0000000000000000000, 0.0000000000000000000, -1.000000000000000000 ) ) ;
#7501 = DATE_AND_TIME ( #1458, #6346 ) ;
#7502 = ADVANCED_FACE ( 'NONE', ( #605 ), #7080, .T. ) ;
#7503 = APPROVAL_STATUS ( 'not_yet_approved' ) ;
#7504 = CARTESIAN_POINT ( 'NONE',  ( 10.85229110474936600, -1.657638888888889300, 0.3333333333333342000 ) ) ;
#7505 = VERTEX_POINT ( 'NONE', #4874 ) ;
#7506 = CARTESIAN_POINT ( 'NONE',  ( 10.98966187822596700, -2.914583333333472300, -0.4767932489451491300 ) ) ;
#7507 = CIRCLE ( 'NONE', #4744, 9.000000000000000000 ) ;
#7508 = AXIS2_PLACEMENT_3D ( 'NONE', #6629, #2352, #5405 ) ;
#7509 = B_SPLINE_CURVE_WITH_KNOTS ( 'NONE', 3,
 ( #7819, #6572, #2839, #1008, #7114, #4141, #396, #3513, #6524, #7172 ),
 .UNSPECIFIED., .F., .F.,
 ( 4, 2, 2, 2, 4 ),
 ( 0.0000000000000000000, 0.0003653064935391725000, 0.0007306129870783450100, 0.001095919480617517500, 0.001461225974156690000 ),
 .UNSPECIFIED. ) ;
#7510 = CARTESIAN_POINT ( 'NONE',  ( 10.84335205014225400, -7.172694891347950000, -3.000000000000009300 ) ) ;
#7511 = ORIENTED_EDGE ( 'NONE', *, *, #6234, .T. ) ;
#7512 = CARTESIAN_POINT ( 'NONE',  ( 10.61618999397227000, -8.432806995708311600, 2.898464790936376100 ) ) ;
#7513 = ORIENTED_EDGE ( 'NONE', *, *, #5212, .F. ) ;
#7514 = TOROIDAL_SURFACE ( 'NONE', #7719, 9.137499999999999300, 0.1375000000000000100 ) ;
#7515 = DIRECTION ( 'NONE',  ( 0.0000000000000000000, -1.000000000000000000, 0.0000000000000000000 ) ) ;
#7516 = ORIENTED_EDGE ( 'NONE', *, *, #6127, .T. ) ;
#7517 = DIRECTION ( 'NONE',  ( -0.0000000000000000000, 1.000000000000000000, -0.0000000000000000000 ) ) ;
#7518 = CARTESIAN_POINT ( 'NONE',  ( 10.84477340488716700, -0.6666666666657582500, 0.5864564784528822900 ) ) ;
#7519 = TOROIDAL_SURFACE ( 'NONE', #6354, 11.65625000000000200, 0.3437500000000000000 ) ;
#7520 = ADVANCED_FACE ( 'NONE', ( #3670 ), #6242, .T. ) ;
#7521 = CARTESIAN_POINT ( 'NONE',  ( -10.48479789904709300, -0.8298663004894537600, 2.962169641751951000 ) ) ;
#7522 = CARTESIAN_POINT ( 'NONE',  ( 8.677557259966649300, -8.416666666666671400, 3.000000000000000900 ) ) ;
#7523 = VERTEX_POINT ( 'NONE', #68 ) ;
#7524 = CARTESIAN_POINT ( 'NONE',  ( -13.00000000000000000, 0.0000000000000000000, 3.666666666666664300 ) ) ;
#7525 = CIRCLE ( 'NONE', #2838, 11.00000000000000000 ) ;
#7526 =( BOUNDED_SURFACE ( )  B_SPLINE_SURFACE ( 3, 2, ( 
 ( #6798, #5612, #2552 ),
 ( #6850, #7478, #161 ),
 ( #3855, #786, #734 ),
 ( #5691, #1389, #2012 ),
 ( #3281, #7532, #1984 ),
 ( #7506, #6906, #5719 ) ),
 .UNSPECIFIED., .F., .F., .T. ) 
 B_SPLINE_SURFACE_WITH_KNOTS ( ( 4, 2, 4 ),
 ( 3, 3 ),
 ( 3.496552006265751800E-018, 0.0002148951292376841300, 0.0004297902584753647500 ),
 ( 0.0000000000000000000, 1.000000000000000000 ),
 .UNSPECIFIED. ) 
 GEOMETRIC_REPRESENTATION_ITEM ( )  RATIONAL_B_SPLINE_SURFACE ( (
 ( 1.000000000000000000, 0.7071067811865475700, 1.000000000000000000),
 ( 1.000000000000000000, 0.7032042245098373300, 1.000000000000000000),
 ( 1.000000000000000000, 0.6991750581456055400, 1.000000000000000000),
 ( 1.000000000000000000, 0.6933724172206399100, 1.000000000000000000),
 ( 1.000000000000000000, 0.6915797343792813300, 1.000000000000000000),
 ( 1.000000000000000000, 0.6916123043970515700, 1.000000000000000000) ) ) 
 REPRESENTATION_ITEM ( '' )  SURFACE ( )  );
#7527 = CARTESIAN_POINT ( 'NONE',  ( 10.88442328056748900, -8.285609833563626100, -0.3333333333333339300 ) ) ;
#7528 = DIRECTION ( 'NONE',  ( 1.000000000000000000, -0.0000000000000000000, 0.0000000000000000000 ) ) ;
#7529 = ORIENTED_EDGE ( 'NONE', *, *, #5333, .F. ) ;
#7530 = CARTESIAN_POINT ( 'NONE',  ( 10.30337935728855000, -8.535378770040187700, -3.852320575938630300 ) ) ;
#7531 = CARTESIAN_POINT ( 'NONE',  ( -10.30337935728850100, -8.535378770040187700, 3.852320575938768000 ) ) ;
#7532 = CARTESIAN_POINT ( 'NONE',  ( 10.99588602207179600, -2.949189951498603100, -0.3333333333333341500 ) ) ;
#7533 = AXIS2_PLACEMENT_3D ( 'NONE', #6712, #5433, #3061 ) ;
#7534 = LINE ( 'NONE', #4454, #544 ) ;
#7535 = AXIS2_PLACEMENT_3D ( 'NONE', #5055, #7517, #2667 ) ;
#7536 = ORIENTED_EDGE ( 'NONE', *, *, #7218, .F. ) ;
#7537 = CARTESIAN_POINT ( 'NONE',  ( 0.0000000000000000000, -10.00000000000000200, 0.0000000000000000000 ) ) ;
#7538 = DIRECTION ( 'NONE',  ( 1.000000000000000000, -0.0000000000000000000, -0.0000000000000000000 ) ) ;
#7539 = ADVANCED_FACE ( 'NONE', ( #2041 ), #4828, .T. ) ;
#7540 = LINE ( 'NONE', #5790, #3528 ) ;
#7541 = CARTESIAN_POINT ( 'NONE',  ( -10.44896382318718200, -8.643775120507371000, 3.076306427339190000 ) ) ;
#7542 = CARTESIAN_POINT ( 'NONE',  ( 10.47579425945666500, -8.485227356401077600, 3.007127044408282500 ) ) ;
#7543 = EDGE_CURVE ( 'NONE', #4262, #6442, #992, .T. ) ;
#7544 = CARTESIAN_POINT ( 'NONE',  ( -9.137504326505897700, -8.750059454629253600, 0.08673286039565890300 ) ) ;
#7545 = CARTESIAN_POINT ( 'NONE',  ( -10.47854951794378700, -0.9190833935725777300, 3.000000000000006200 ) ) ;
#7546 = CARTESIAN_POINT ( 'NONE',  ( -8.442288090483570400, -8.688936791771189000, -3.120046681733623700 ) ) ;
#7547 = FACE_OUTER_BOUND ( 'NONE', #6402, .T. ) ;
#7548 = CARTESIAN_POINT ( 'NONE',  ( 10.88442328056748900, -8.285609833563626100, 0.3333333333333337000 ) ) ;
#7549 = CARTESIAN_POINT ( 'NONE',  ( 11.84512056720710600, -4.946053714713285000, -0.3333333333333340900 ) ) ;
#7550 = DIRECTION ( 'NONE',  ( 0.0000000000000000000, 0.0000000000000000000, 1.000000000000000000 ) ) ;
#7551 = ORIENTED_EDGE ( 'NONE', *, *, #4926, .T. ) ;
#7552 = CARTESIAN_POINT ( 'NONE',  ( 8.996107337801243300, -8.593822499685094500, -0.2956148096005225000 ) ) ;
#7553 = FACE_OUTER_BOUND ( 'NONE', #4701, .T. ) ;
#7554 = AXIS2_PLACEMENT_3D ( 'NONE', #576, #3046, #1086 ) ;
#7555 = CARTESIAN_POINT ( 'NONE',  ( 10.98966187822720600, -1.010416666666666500, -0.4767932489451490700 ) ) ;
#7556 = CARTESIAN_POINT ( 'NONE',  ( -10.43004096460986900, -8.723965032582137600, 3.496187863529036700 ) ) ;
#7557 = CARTESIAN_POINT ( 'NONE',  ( 10.76336378647493100, -3.052083333333333900, -3.000000000000007500 ) ) ;
#7558 = VECTOR ( 'NONE', #2048, 1000.000000000000000 ) ;
#7559 = EDGE_CURVE ( 'NONE', #5735, #5670, #5294, .T. ) ;
#7560 = ADVANCED_FACE ( 'NONE', ( #321 ), #3988, .T. ) ;
#7561 = EDGE_LOOP ( 'NONE', ( #6833, #7287, #3731, #5511 ) ) ;
#7562 = DIRECTION ( 'NONE',  ( 0.0000000000000000000, 1.000000000000000000, 0.0000000000000000000 ) ) ;
#7563 = CARTESIAN_POINT ( 'NONE',  ( -9.119830466635885800, -0.7039791527678328500, 0.4973673213440794600 ) ) ;
#7564 = CARTESIAN_POINT ( 'NONE',  ( 11.50368023849109300, -4.946053714713292100, 3.000000000000003600 ) ) ;
#7565 = CARTESIAN_POINT ( 'NONE',  ( -10.58887856671767500, -8.429460590040127600, -2.999999999999336500 ) ) ;
#7566 = DIRECTION ( 'NONE',  ( 0.0000000000000000000, 0.0000000000000000000, 1.000000000000000000 ) ) ;
#7567 = APPROVAL ( #4501, 'UNSPECIFIED' ) ;
#7568 = ORIENTED_EDGE ( 'NONE', *, *, #6186, .F. ) ;
#7569 = ORIENTED_EDGE ( 'NONE', *, *, #5019, .F. ) ;
#7570 = CARTESIAN_POINT ( 'NONE',  ( -8.742896670297549000, -0.6666666666666669600, 2.656250000000005800 ) ) ;
#7571 = ORIENTED_EDGE ( 'NONE', *, *, #1373, .T. ) ;
#7572 = EDGE_CURVE ( 'NONE', #2512, #5642, #6451, .T. ) ;
#7573 = CARTESIAN_POINT ( 'NONE',  ( -9.125361484468559300, -1.010416666666666500, -0.3333333333333342600 ) ) ;
#7574 = ORIENTED_EDGE ( 'NONE', *, *, #3296, .F. ) ;
#7575 = ADVANCED_FACE ( 'NONE', ( #1161 ), #597, .T. ) ;
#7576 = AXIS2_PLACEMENT_3D ( 'NONE', #3342, #6998, #7614 ) ;
#7577 = CARTESIAN_POINT ( 'NONE',  ( 11.99054406784442700, -4.921360036111098100, -0.4762908324552167500 ) ) ;
#7578 = CARTESIAN_POINT ( 'NONE',  ( 9.134599564384517500, -8.713860094438985000, 0.1742088668518561900 ) ) ;
#7579 = AXIS2_PLACEMENT_3D ( 'NONE', #7737, #360, #4652 ) ;
#7580 = CARTESIAN_POINT ( 'NONE',  ( -10.59381187388099800, -8.390873880168996400, 2.999999999999914700 ) ) ;
#7581 = CARTESIAN_POINT ( 'NONE',  ( 10.99357463630066100, -8.714129620706641400, 0.3853311227545058200 ) ) ;
#7582 = CARTESIAN_POINT ( 'NONE',  ( 8.346066791473104400, -8.761865749498271700, 3.369165083306936600 ) ) ;
#7583 = ORIENTED_EDGE ( 'NONE', *, *, #5572, .F. ) ;
#7584 = ORIENTED_EDGE ( 'NONE', *, *, #6804, .F. ) ;
#7585 = CARTESIAN_POINT ( 'NONE',  ( 10.51182419603454800, -8.285609833563626100, 2.862500000000000700 ) ) ;
#7586 = CARTESIAN_POINT ( 'NONE',  ( 10.48051277158387500, -8.439485097071585800, 2.999999999999879200 ) ) ;
#7587 = DIRECTION ( 'NONE',  ( -0.0000000000000000000, 1.000000000000000000, -0.0000000000000000000 ) ) ;
#7588 = CARTESIAN_POINT ( 'NONE',  ( 11.27996010631243200, -2.423611111111112000, 2.862500000000005200 ) ) ;
#7589 = EDGE_CURVE ( 'NONE', #6874, #2951, #2815, .T. ) ;
#7590 = ORIENTED_EDGE ( 'NONE', *, *, #7826, .T. ) ;
#7591 = ORIENTED_EDGE ( 'NONE', *, *, #1515, .F. ) ;
#7592 = CARTESIAN_POINT ( 'NONE',  ( -10.19348329357846200, -8.586636134144285400, 3.631266791189497100 ) ) ;
#7593 = CARTESIAN_POINT ( 'NONE',  ( 11.47688573830026500, -2.423611111111112000, 2.862500000000005200 ) ) ;
#7594 = CYLINDRICAL_SURFACE ( 'NONE', #3423, 0.1374999999999999800 ) ;
#7595 = ADVANCED_FACE ( 'NONE', ( #6259 ), #5471, .T. ) ;
#7596 = DIRECTION ( 'NONE',  ( 0.0000000000000000000, -1.000000000000000000, 1.133581677370982300E-015 ) ) ;
#7597 = CARTESIAN_POINT ( 'NONE',  ( -11.50368023849109300, -4.946053714713293000, -3.000000000000008400 ) ) ;
#7598 = EDGE_LOOP ( 'NONE', ( #489, #6899, #1225, #2099 ) ) ;
#7599 = CARTESIAN_POINT ( 'NONE',  ( -8.479486614611467100, -8.562682981683781900, -3.020722382555996300 ) ) ;
#7600 = B_SPLINE_CURVE_WITH_KNOTS ( 'NONE', 3,
 ( #3719, #5534, #3172, #6737, #728, #7943, #1839, #4314, #3117, #5607 ),
 .UNSPECIFIED., .F., .F.,
 ( 4, 3, 3, 4 ),
 ( 0.0000000000000000000, 0.0002750000007263390400, 0.001375000082968049900, 0.003483945887657700800 ),
 .UNSPECIFIED. ) ;
#7601 = VERTEX_POINT ( 'NONE', #6439 ) ;
#7602 = EDGE_CURVE ( 'NONE', #2066, #7494, #4011, .T. ) ;
#7603 = AXIS2_PLACEMENT_3D ( 'NONE', #120, #1244, #748 ) ;
#7604 = DIRECTION ( 'NONE',  ( 0.0000000000000000000, -1.000000000000000000, 0.0000000000000000000 ) ) ;
#7605 = CIRCLE ( 'NONE', #7099, 0.1375000000000000400 ) ;
#7606 = CARTESIAN_POINT ( 'NONE',  ( -10.99360784942526700, -8.715284466839353400, 0.3844606080514029700 ) ) ;
#7607 = CARTESIAN_POINT ( 'NONE',  ( 8.546978412602870300, -8.546695888081004000, 2.819425475961470500 ) ) ;
#7608 = ORIENTED_EDGE ( 'NONE', *, *, #301, .T. ) ;
#7609 = CARTESIAN_POINT ( 'NONE',  ( -13.00000000000000000, -8.416666666666671400, -3.000000000000009800 ) ) ;
#7610 = VERTEX_POINT ( 'NONE', #3408 ) ;
#7611 = VECTOR ( 'NONE', #2850, 1000.000000000000000 ) ;
#7612 = CARTESIAN_POINT ( 'NONE',  ( -10.61618999397226800, -8.432806995708313400, -2.898464790936385000 ) ) ;
#7613 = CARTESIAN_POINT ( 'NONE',  ( 8.307961375826321800, -8.416666666666671400, 3.666666666666673200 ) ) ;
#7614 = DIRECTION ( 'NONE',  ( 0.0000000000000000000, 0.0000000000000000000, 1.000000000000000000 ) ) ;
#7615 = ORIENTED_EDGE ( 'NONE', *, *, #4756, .T. ) ;
#7616 = CIRCLE ( 'NONE', #7384, 0.1374999999999999600 ) ;
#7617 = ORIENTED_EDGE ( 'NONE', *, *, #4863, .T. ) ;
#7618 = FACE_OUTER_BOUND ( 'NONE', #3489, .T. ) ;
#7619 = CARTESIAN_POINT ( 'NONE',  ( 10.62079630692756600, -8.395765596131502300, 2.898216766454151400 ) ) ;
#7620 = DIRECTION ( 'NONE',  ( -1.000000000000000000, 1.261617073437677500E-014, 0.0000000000000000000 ) ) ;
#7621 = EDGE_CURVE ( 'NONE', #4548, #4712, #6475, .T. ) ;
#7622 = DIRECTION ( 'NONE',  ( 0.0000000000000000000, 0.0000000000000000000, -1.000000000000000000 ) ) ;
#7623 =( BOUNDED_SURFACE ( )  B_SPLINE_SURFACE ( 3, 2, ( 
 ( #1333, #7473, #2034 ),
 ( #757, #7446, #7530 ),
 ( #6902, #6312, #6239 ),
 ( #3775, #2600, #101 ),
 ( #6269, #2009, #4392 ),
 ( #4479, #3200, #5088 ),
 ( #1409, #127, #6935 ),
 ( #730, #6848, #5608 ),
 ( #4422, #5040, #2628 ),
 ( #1360, #5636, #3232 ) ),
 .UNSPECIFIED., .F., .F., .F. ) 
 B_SPLINE_SURFACE_WITH_KNOTS ( ( 4, 2, 2, 2, 4 ),
 ( 3, 3 ),
 ( 0.0000000000000000000, 0.0003532056949386925700, 0.0007064113898773851500, 0.001059617084816077700, 0.001412822779754770300 ),
 ( 0.0000000000000000000, 1.000000000000000000 ),
 .UNSPECIFIED. ) 
 GEOMETRIC_REPRESENTATION_ITEM ( )  RATIONAL_B_SPLINE_SURFACE ( (
 ( 1.000000000000000000, 0.5699951883726099800, 1.000000000000000000),
 ( 1.000000000000000000, 0.5694753133330996400, 1.000000000000000000),
 ( 1.000000000000000000, 0.5879077430627687200, 1.000000000000000000),
 ( 1.000000000000000000, 0.6378691051418518000, 1.000000000000000000),
 ( 1.000000000000000000, 0.6688338943560739900, 1.000000000000000000),
 ( 1.000000000000000000, 0.7224806400502695700, 1.000000000000000000),
 ( 1.000000000000000000, 0.7460579029200509200, 1.000000000000000000),
 ( 1.000000000000000000, 0.7793288749925926200, 1.000000000000000000),
 ( 1.000000000000000000, 0.7897956985959230200, 1.000000000000000000),
 ( 1.000000000000000000, 0.7933454013390635100, 1.000000000000000000) ) ) 
 REPRESENTATION_ITEM ( '' )  SURFACE ( )  );
#7624 = CIRCLE ( 'NONE', #7798, 0.1375000000000000400 ) ;
#7625 = AXIS2_PLACEMENT_3D ( 'NONE', #710, #2659, #4402 ) ;
#7626 = EDGE_LOOP ( 'NONE', ( #6337, #2565, #1940 ) ) ;
#7627 = CARTESIAN_POINT ( 'NONE',  ( -10.30337932021115100, -8.416666666666671400, -3.852320675105489000 ) ) ;
#7628 = DIRECTION ( 'NONE',  ( 0.0000000000000000000, 0.0000000000000000000, -1.000000000000000000 ) ) ;
#7629 = CARTESIAN_POINT ( 'NONE',  ( 10.47854951794378300, -2.914583333333333700, -3.000000000000007500 ) ) ;
#7630 = CYLINDRICAL_SURFACE ( 'NONE', #7061, 0.1375000000000000400 ) ;
#7631 = CARTESIAN_POINT ( 'NONE',  ( -11.01644946929642500, -8.323592968122447600, 0.4765444609626241500 ) ) ;
#7632 = CARTESIAN_POINT ( 'NONE',  ( -9.112379733621850200, -0.6666666666666666300, -0.6770833333333347000 ) ) ;
#7633 = DIRECTION ( 'NONE',  ( -1.224646799147354900E-016, 0.0000000000000000000, -1.000000000000000000 ) ) ;
#7634 = ADVANCED_FACE ( 'NONE', ( #4446 ), #5908, .T. ) ;
#7635 = EDGE_CURVE ( 'NONE', #2346, #5211, #4635, .T. ) ;
#7636 = AXIS2_PLACEMENT_3D ( 'NONE', #1834, #40, #7365 ) ;
#7637 = B_SPLINE_CURVE_WITH_KNOTS ( 'NONE', 3,
 ( #7492, #747, #175, #5556 ),
 .UNSPECIFIED., .F., .F.,
 ( 4, 4 ),
 ( 0.0000000000000000000, 5.757178801709535800E-005 ),
 .UNSPECIFIED. ) ;
#7638 = DIRECTION ( 'NONE',  ( 0.0000000000000000000, 0.0000000000000000000, -1.000000000000000000 ) ) ;
#7639 = CIRCLE ( 'NONE', #5160, 0.1375000000000007300 ) ;
#7640 = DIRECTION ( 'NONE',  ( 0.0000000000000000000, 0.0000000000000000000, 1.000000000000000000 ) ) ;
#7641 = CARTESIAN_POINT ( 'NONE',  ( -11.51195031260993300, -3.189583333333333700, -3.000000000000007500 ) ) ;
#7642 = CARTESIAN_POINT ( 'NONE',  ( -10.99119778115646500, -8.460041373204184400, 0.4767789340285721900 ) ) ;
#7643 = ORIENTED_EDGE ( 'NONE', *, *, #1562, .T. ) ;
#7644 = LINE ( 'NONE', #3010, #3620 ) ;
#7645 = CARTESIAN_POINT ( 'NONE',  ( 8.595515974280255400, -0.8041668547636713300, -2.668345226908501300 ) ) ;
#7646 = EDGE_CURVE ( 'NONE', #3284, #4927, #7708, .T. ) ;
#7647 = CIRCLE ( 'NONE', #2292, 12.92696701773796700 ) ;
#7648 = EDGE_CURVE ( 'NONE', #7601, #5454, #7507, .T. ) ;
#7649 = AXIS2_PLACEMENT_3D ( 'NONE', #5847, #5317, #7672 ) ;
#7650 = CARTESIAN_POINT ( 'NONE',  ( 11.05436173768253400, -1.774171410581557800, 0.4739596041929601800 ) ) ;
#7651 = CARTESIAN_POINT ( 'NONE',  ( -10.51182419603454600, -8.285609833563633200, 2.862500000000000700 ) ) ;
#7652 = CARTESIAN_POINT ( 'NONE',  ( 8.529790337874207000, -8.668625917029348900, 2.872537041234219000 ) ) ;
#7653 = DIRECTION ( 'NONE',  ( 1.000000000000000000, 0.0000000000000000000, 0.0000000000000000000 ) ) ;
#7654 = EDGE_LOOP ( 'NONE', ( #2710, #7197, #5401, #4510 ) ) ;
#7655 = CIRCLE ( 'NONE', #6465, 0.2100000000000001300 ) ;
#7656 = CARTESIAN_POINT ( 'NONE',  ( -8.595515974280251800, -0.8041668547636476900, 2.668345226908529300 ) ) ;
#7657 = ADVANCED_FACE ( 'NONE', ( #2240 ), #6825, .T. ) ;
#7658 = CARTESIAN_POINT ( 'NONE',  ( 8.999995726648604600, -8.887415814282110900, 0.1213016025784591400 ) ) ;
#7659 = EDGE_CURVE ( 'NONE', #2888, #1456, #7498, .T. ) ;
#7660 = AXIS2_PLACEMENT_3D ( 'NONE', #3641, #2458, #7363 ) ;
#7661 = CARTESIAN_POINT ( 'NONE',  ( -8.988044143389005900, -8.540138716793631300, 0.4637482900136804500 ) ) ;
#7662 = ORIENTED_EDGE ( 'NONE', *, *, #4291, .T. ) ;
#7663 = CARTESIAN_POINT ( 'NONE',  ( -10.65246861321992000, -0.8041668610864500800, -2.743719416604571700 ) ) ;
#7664 = CARTESIAN_POINT ( 'NONE',  ( -11.35274084011947000, -2.358755938688547300, 0.3333333333333341500 ) ) ;
#7665 = EDGE_LOOP ( 'NONE', ( #4269, #4612, #5957, #4952, #1759, #3591, #4404, #3397, #1674, #1262, #1526, #123, #1237 ) ) ;
#7666 = ORIENTED_EDGE ( 'NONE', *, *, #7230, .F. ) ;
#7667 = CARTESIAN_POINT ( 'NONE',  ( -10.47579425945666500, -8.485227356401082900, 3.007127044408283800 ) ) ;
#7668 = CARTESIAN_POINT ( 'NONE',  ( -10.99357463630066300, -8.714129620706646800, -0.3853311227545012700 ) ) ;
#7669 = DIRECTION ( 'NONE',  ( 1.000000000000000000, -0.0000000000000000000, -0.0000000000000000000 ) ) ;
#7670 = CARTESIAN_POINT ( 'NONE',  ( -11.02804722227852200, -2.431759701636281500, 3.000000000000005800 ) ) ;
#7671 = ORIENTED_EDGE ( 'NONE', *, *, #2084, .F. ) ;
#7672 = DIRECTION ( 'NONE',  ( 0.0000000000000000000, 0.0000000000000000000, -1.000000000000000000 ) ) ;
#7673 =( BOUNDED_SURFACE ( )  B_SPLINE_SURFACE ( 3, 2, ( 
 ( #7117, #7740, #7033 ),
 ( #7057, #1595, #1535 ),
 ( #7149, #2802, #4625 ),
 ( #5822, #5295, #5937 ),
 ( #3409, #5237, #1625 ),
 ( #7679, #5205, #3484 ) ),
 .UNSPECIFIED., .F., .F., .F. ) 
 B_SPLINE_SURFACE_WITH_KNOTS ( ( 4, 2, 4 ),
 ( 3, 3 ),
 ( 0.0000000000000000000, 0.0002148951292376823500, 0.0004297902584753646900 ),
 ( 0.0000000000000000000, 1.000000000000000000 ),
 .UNSPECIFIED. ) 
 GEOMETRIC_REPRESENTATION_ITEM ( )  RATIONAL_B_SPLINE_SURFACE ( (
 ( 1.000000000000000000, 0.7071067811865475700, 1.000000000000000000),
 ( 1.000000000000000000, 0.7032042245098095700, 1.000000000000000000),
 ( 1.000000000000000000, 0.6991750581456414000, 1.000000000000000000),
 ( 1.000000000000000000, 0.6933724172206040500, 1.000000000000000000),
 ( 1.000000000000000000, 0.6915797343793083100, 1.000000000000000000),
 ( 1.000000000000000000, 0.6916123043970515700, 1.000000000000000000) ) ) 
 REPRESENTATION_ITEM ( '' )  SURFACE ( )  );
#7674 = EDGE_LOOP ( 'NONE', ( #4228, #1910, #2430, #4999 ) ) ;
#7675 = CC_DESIGN_APPROVAL ( #7567, ( #2071 ) ) ;
#7676 = ORIENTED_EDGE ( 'NONE', *, *, #7904, .F. ) ;
#7677 = CARTESIAN_POINT ( 'NONE',  ( 11.03172259320238500, -7.005771880647919200, -2.896055019907537400 ) ) ;
#7678 = ADVANCED_FACE ( 'NONE', ( #4240 ), #4698, .F. ) ;
#7679 = CARTESIAN_POINT ( 'NONE',  ( -10.98966187822596700, -1.657638888889028300, 0.4767932489451491800 ) ) ;
#7680 = CARTESIAN_POINT ( 'NONE',  ( 11.98240646594245500, -4.985544295228612200, 0.3333333333333338700 ) ) ;
#7681 = DIRECTION ( 'NONE',  ( 0.0000000000000000000, -1.000000000000000000, -1.219727444046190300E-016 ) ) ;
#7682 = ORIENTED_EDGE ( 'NONE', *, *, #4211, .T. ) ;
#7683 = CARTESIAN_POINT ( 'NONE',  ( -11.99054406784442500, -4.889079012875070500, 0.4762908324552166400 ) ) ;
#7684 = ADVANCED_FACE ( 'NONE', ( #2028 ), #2621, .F. ) ;
#7685 = EDGE_CURVE ( 'NONE', #2376, #4703, #2416, .T. ) ;
#7686 = EDGE_LOOP ( 'NONE', ( #4814, #7081, #1667, #676, #7476, #1153, #7551, #2606, #1684, #7013, #3654, #1638, #7778 ) ) ;
#7687 = AXIS2_PLACEMENT_3D ( 'NONE', #4017, #905, #3990 ) ;
#7688 = CARTESIAN_POINT ( 'NONE',  ( -10.99442124812328300, -8.432806995708313400, -0.4767489394116604700 ) ) ;
#7689 = CARTESIAN_POINT ( 'NONE',  ( 11.27811176020570200, -6.087334148132194800, 2.999999999997743600 ) ) ;
#7690 = ORIENTED_EDGE ( 'NONE', *, *, #4352, .F. ) ;
#7691 = AXIS2_PLACEMENT_3D ( 'NONE', #4226, #6065, #4870 ) ;
#7692 = CARTESIAN_POINT ( 'NONE',  ( -8.999995690538542100, -8.887415088175773200, -0.1222064637949290300 ) ) ;
#7693 = CARTESIAN_POINT ( 'NONE',  ( -10.53272244899199500, -0.8041666666666670300, 2.656250000000005800 ) ) ;
#7694 = CARTESIAN_POINT ( 'NONE',  ( 8.283644572446668500, -8.839401441831048700, 3.519950833262326400 ) ) ;
#7695 = CARTESIAN_POINT ( 'NONE',  ( -10.98966187822720800, 0.0000000000000000000, -0.4767932489451486800 ) ) ;
#7696 = CIRCLE ( 'NONE', #3568, 12.92696701773796700 ) ;
#7697 = ORIENTED_EDGE ( 'NONE', *, *, #473, .T. ) ;
#7698 = B_SPLINE_CURVE_WITH_KNOTS ( 'NONE', 3,
 ( #7276, #5521, #3657, #2449, #6721, #7356 ),
 .UNSPECIFIED., .F., .F.,
 ( 4, 2, 4 ),
 ( 0.0000000000000000000, 0.0001649036855521487600, 0.0003298073711042975100 ),
 .UNSPECIFIED. ) ;
#7699 = CALENDAR_DATE ( 2023, 28, 6 ) ;
#7700 = CARTESIAN_POINT ( 'NONE',  ( -8.988044143389004100, -8.416666666666671400, -0.4637482900136808400 ) ) ;
#7701 = CARTESIAN_POINT ( 'NONE',  ( -11.64538703909961900, 0.0000000000000000000, 2.895679662802958200 ) ) ;
#7702 = EDGE_LOOP ( 'NONE', ( #994, #7434, #665, #5932 ) ) ;
#7703 = CARTESIAN_POINT ( 'NONE',  ( 11.85315241706703800, -4.889079012875070500, 0.4708333333333339400 ) ) ;
#7704 = CARTESIAN_POINT ( 'NONE',  ( -10.61383315863255600, -2.940060630039267800, -2.898091143445934700 ) ) ;
#7705 = CARTESIAN_POINT ( 'NONE',  ( -11.50368023849109500, -4.946053714713285900, 3.000000000000003600 ) ) ;
#7706 = EDGE_CURVE ( 'NONE', #790, #285, #2425, .T. ) ;
#7707 = AXIS2_PLACEMENT_3D ( 'NONE', #4702, #2208, #7786 ) ;
#7708 = CIRCLE ( 'NONE', #6628, 11.00000000000000000 ) ;
#7709 = CARTESIAN_POINT ( 'NONE',  ( 8.726834841555467300, -0.6666666666667688800, -2.744360975744494400 ) ) ;
#7710 = ORIENTED_EDGE ( 'NONE', *, *, #4767, .F. ) ;
#7711 = CARTESIAN_POINT ( 'NONE',  ( 11.02801327972045300, -2.431798044558199900, 3.000000000000004900 ) ) ;
#7712 = CARTESIAN_POINT ( 'NONE',  ( -8.677557259966651100, -8.416666666666671400, 3.000000000000000900 ) ) ;
#7713 = EDGE_LOOP ( 'NONE', ( #2055, #5376, #4560, #7775 ) ) ;
#7714 = CARTESIAN_POINT ( 'NONE',  ( 0.0000000000000000000, -1.932638888888889200, 0.0000000000000000000 ) ) ;
#7715 = B_SPLINE_CURVE_WITH_KNOTS ( 'NONE', 3,
 ( #6330, #4570, #801, #1401, #5679, #2026, #6305, #2778, #5326, #4680, #2245, #6473, #2862, #4600, #6525, #7087 ),
 .UNSPECIFIED., .F., .F.,
 ( 4, 3, 3, 3, 3, 4 ),
 ( 0.0000000000000000000, 3.873990902629477200E-005, 8.968062277437752700E-005, 0.0001379915568086529600, 0.0001843629244541337500, 0.0002299117368871735600 ),
 .UNSPECIFIED. ) ;
#7716 = CIRCLE ( 'NONE', #831, 0.1375000000000001500 ) ;
#7717 = CARTESIAN_POINT ( 'NONE',  ( -10.47854951794378300, -1.657638888888889300, 3.000000000000005800 ) ) ;
#7718 = B_SPLINE_CURVE_WITH_KNOTS ( 'NONE', 3,
 ( #5800, #3989, #2140, #7747, #317, #6480, #1541, #7063, #376, #7627 ),
 .UNSPECIFIED., .F., .F.,
 ( 4, 2, 2, 2, 4 ),
 ( 0.0000000000000000000, 0.0003556021238613449000, 0.0007112042477226898000, 0.001066806371584034800, 0.001422408495445379600 ),
 .UNSPECIFIED. ) ;
#7719 = AXIS2_PLACEMENT_3D ( 'NONE', #4839, #7329, #6668 ) ;
#7720 = ORIENTED_EDGE ( 'NONE', *, *, #4565, .F. ) ;
#7721 = DIRECTION ( 'NONE',  ( -1.000000000000000000, -0.0000000000000000000, -0.0000000000000000000 ) ) ;
#7722 = VECTOR ( 'NONE', #722, 1000.000000000000000 ) ;
#7723 = DIRECTION ( 'NONE',  ( 1.000000000000000000, 0.0000000000000000000, 0.0000000000000000000 ) ) ;
#7724 = ORIENTED_EDGE ( 'NONE', *, *, #6521, .T. ) ;
#7725 = DIRECTION ( 'NONE',  ( 0.0000000000000000000, 0.0000000000000000000, -1.000000000000000000 ) ) ;
#7726 = CIRCLE ( 'NONE', #7603, 0.1375000000000000400 ) ;
#7727 = CARTESIAN_POINT ( 'NONE',  ( -9.000004298240492400, -8.887584690731081600, 0.1215708894358250200 ) ) ;
#7728 = ADVANCED_FACE ( 'NONE', ( #2611 ), #5096, .F. ) ;
#7729 = CYLINDRICAL_SURFACE ( 'NONE', #2821, 13.00000000000000000 ) ;
#7730 = AXIS2_PLACEMENT_3D ( 'NONE', #2442, #4805, #6050 ) ;
#7731 = ORIENTED_EDGE ( 'NONE', *, *, #5579, .T. ) ;
#7732 = ADVANCED_FACE ( 'NONE', ( #977 ), #1754, .T. ) ;
#7733 = DIRECTION ( 'NONE',  ( -0.0000000000000000000, 1.000000000000000000, 6.994852725712929000E-017 ) ) ;
#7734 = CARTESIAN_POINT ( 'NONE',  ( 10.72830941602364500, -1.792369387052068700, 2.870698870915646200 ) ) ;
#7735 = CARTESIAN_POINT ( 'NONE',  ( 8.988044143389004100, 2.000000000000000000, -0.4637482900136807900 ) ) ;
#7736 = CIRCLE ( 'NONE', #3178, 0.1375000000000000400 ) ;
#7737 = CARTESIAN_POINT ( 'NONE',  ( -11.85315241706704000, -3.189583333333333700, -0.4708333333333341000 ) ) ;
#7738 = CARTESIAN_POINT ( 'NONE',  ( 11.13377418381691300, -2.532523846865195200, 3.000000000000005800 ) ) ;
#7739 = EDGE_CURVE ( 'NONE', #980, #2213, #5669, .T. ) ;
#7740 = CARTESIAN_POINT ( 'NONE',  ( -11.12754340464337600, -1.795138888888889300, 0.3333333333333341500 ) ) ;
#7741 = CARTESIAN_POINT ( 'NONE',  ( -8.459742119476747000, -8.748834971416005900, 3.419996761924739600 ) ) ;
#7742 = DIRECTION ( 'NONE',  ( -0.008732165024014177900, -0.9785815558741364200, 0.2056742273522571300 ) ) ;
#7743 = DIRECTION ( 'NONE',  ( 0.0000000000000000000, -1.000000000000000000, 0.0000000000000000000 ) ) ;
#7744 = FACE_OUTER_BOUND ( 'NONE', #2978, .T. ) ;
#7745 = AXIS2_PLACEMENT_3D ( 'NONE', #2318, #2937, #1724 ) ;
#7746 = EDGE_LOOP ( 'NONE', ( #5011, #5558, #1904, #582 ) ) ;
#7747 = CARTESIAN_POINT ( 'NONE',  ( -10.52643012040527800, -8.867043591454621100, -3.194372829586492800 ) ) ;
#7748 = CARTESIAN_POINT ( 'NONE',  ( 10.52665120757906400, -8.866811906439526300, 3.193645480663975400 ) ) ;
#7749 = CARTESIAN_POINT ( 'NONE',  ( -10.47579425945666500, -8.513508640916528600, -2.872566950226705300 ) ) ;
#7750 = CARTESIAN_POINT ( 'NONE',  ( -10.49020956285552900, -8.896529904309334200, 3.312033302130446000 ) ) ;
#7751 = DIRECTION ( 'NONE',  ( 0.0000000000000000000, 0.0000000000000000000, -1.000000000000000000 ) ) ;
#7752 = EDGE_CURVE ( 'NONE', #4214, #4712, #7307, .T. ) ;
#7753 = AXIS2_PLACEMENT_3D ( 'NONE', #1090, #1040, #4245 ) ;
#7754 = B_SPLINE_CURVE_WITH_KNOTS ( 'NONE', 3,
 ( #347, #2846, #3444, #6558 ),
 .UNSPECIFIED., .F., .F.,
 ( 4, 4 ),
 ( 0.0000000000000000000, 0.0001114135905579552200 ),
 .UNSPECIFIED. ) ;
#7755 = ORIENTED_EDGE ( 'NONE', *, *, #3019, .T. ) ;
#7756 = PLANE ( 'NONE',  #1278 ) ;
#7757 = FACE_OUTER_BOUND ( 'NONE', #2201, .T. ) ;
#7758 = CARTESIAN_POINT ( 'NONE',  ( 11.34205444407747800, -7.212717477019648300, -0.3333333333373501000 ) ) ;
#7759 = CARTESIAN_POINT ( 'NONE',  ( 10.85800004235543300, -8.416666666666671400, 0.4708333333333337100 ) ) ;
#7760 = CARTESIAN_POINT ( 'NONE',  ( 10.17458707870850700, -8.503493975592229900, -3.666666666666671000 ) ) ;
#7761 = ORIENTED_EDGE ( 'NONE', *, *, #1814, .T. ) ;
#7762 = ORIENTED_EDGE ( 'NONE', *, *, #7173, .F. ) ;
#7763 = CARTESIAN_POINT ( 'NONE',  ( 8.710211979746116400, -0.7017823283101395400, -2.832230952402441800 ) ) ;
#7764 = EDGE_CURVE ( 'NONE', #2495, #3947, #7911, .T. ) ;
#7765 = EDGE_CURVE ( 'NONE', #661, #7429, #982, .T. ) ;
#7766 = ORIENTED_EDGE ( 'NONE', *, *, #6149, .T. ) ;
#7767 = ADVANCED_FACE ( 'NONE', ( #2231 ), #6634, .T. ) ;
#7768 = DIRECTION ( 'NONE',  ( 0.0000000000000000000, -1.000000000000000000, 0.0000000000000000000 ) ) ;
#7769 = CARTESIAN_POINT ( 'NONE',  ( -10.50519423665308200, -0.7032831312574607800, -2.834828722606281400 ) ) ;
#7770 = CARTESIAN_POINT ( 'NONE',  ( 8.611334613699291700, -0.8041666666666668100, -2.616279069767684500 ) ) ;
#7771 = B_SPLINE_CURVE_WITH_KNOTS ( 'NONE', 3,
 ( #5553, #3738, #612, #5475 ),
 .UNSPECIFIED., .F., .F.,
 ( 4, 4 ),
 ( 0.0000000000000000000, 0.0001336939827389729000 ),
 .UNSPECIFIED. ) ;
#7772 = CARTESIAN_POINT ( 'NONE',  ( -11.12754340464337200, -3.189583333333333700, -0.3333333333333341500 ) ) ;
#7773 = EDGE_LOOP ( 'NONE', ( #5561, #1093, #3823, #810 ) ) ;
#7774 = DIRECTION ( 'NONE',  ( -0.0000000000000000000, 1.000000000000000000, -0.0000000000000000000 ) ) ;
#7775 = ORIENTED_EDGE ( 'NONE', *, *, #2648, .F. ) ;
#7776 = CARTESIAN_POINT ( 'NONE',  ( 10.58113715611289000, -8.491041670269712700, 3.008349072869106700 ) ) ;
#7777 = CARTESIAN_POINT ( 'NONE',  ( 11.63191935903349100, -4.984036849272109200, 2.894410177868504500 ) ) ;
#7778 = ORIENTED_EDGE ( 'NONE', *, *, #921, .T. ) ;
#7779 = AXIS2_PLACEMENT_3D ( 'NONE', #5457, #1786, #4236 ) ;
#7780 = CARTESIAN_POINT ( 'NONE',  ( 11.99054406784442300, -4.889079012875068700, 0.4762908324552166400 ) ) ;
#7781 = CARTESIAN_POINT ( 'NONE',  ( 11.62797154374838500, -2.423611111111112000, 0.4708333333333341000 ) ) ;
#7782 = EDGE_CURVE ( 'NONE', #1574, #2992, #5658, .T. ) ;
#7783 = ORIENTED_EDGE ( 'NONE', *, *, #3533, .F. ) ;
#7784 = ORIENTED_EDGE ( 'NONE', *, *, #1058, .F. ) ;
#7785 = CARTESIAN_POINT ( 'NONE',  ( -8.306298190871697100, -8.740502711888096200, 3.466290624073251200 ) ) ;
#7786 = DIRECTION ( 'NONE',  ( 0.0000000000000000000, 0.0000000000000000000, -1.000000000000000000 ) ) ;
#7787 = ORIENTED_EDGE ( 'NONE', *, *, #2002, .T. ) ;
#7788 = EDGE_CURVE ( 'NONE', #3087, #956, #794, .T. ) ;
#7789 = VERTEX_POINT ( 'NONE', #7242 ) ;
#7790 = CARTESIAN_POINT ( 'NONE',  ( 10.61281942990205000, -8.459911178796469100, -2.898646283099961500 ) ) ;
#7791 = CARTESIAN_POINT ( 'NONE',  ( 8.975257740366252800, -0.8041666666666665900, -0.6668946648426825600 ) ) ;
#7792 = CARTESIAN_POINT ( 'NONE',  ( 11.20467811345427300, -7.172430905627210000, 0.3333333333333337600 ) ) ;
#7793 = VERTEX_POINT ( 'NONE', #6635 ) ;
#7794 = CARTESIAN_POINT ( 'NONE',  ( 10.50543259634721200, -0.7024220105825230700, 2.833322521413413700 ) ) ;
#7795 = EDGE_LOOP ( 'NONE', ( #4345, #3383, #1076, #1326 ) ) ;
#7796 = DIRECTION ( 'NONE',  ( 0.0000000000000000000, -1.000000000000000000, -6.994852725712929000E-017 ) ) ;
#7797 = EDGE_CURVE ( 'NONE', #3598, #1270, #4630, .T. ) ;
#7798 = AXIS2_PLACEMENT_3D ( 'NONE', #291, #2849, #7130 ) ;
#7799 = CARTESIAN_POINT ( 'NONE',  ( 10.58230577790739000, -8.733450932107631500, 3.004090798404582600 ) ) ;
#7800 = ORIENTED_EDGE ( 'NONE', *, *, #5003, .T. ) ;
#7801 = CARTESIAN_POINT ( 'NONE',  ( 10.61118938525953000, -2.929618873065893400, -2.898734177215197300 ) ) ;
#7802 = DIRECTION ( 'NONE',  ( -0.9930737109695735300, 0.1174929980089014200, 0.0000000000000000000 ) ) ;
#7803 = CARTESIAN_POINT ( 'NONE',  ( 11.59760367015055300, -2.420232660452298600, 0.4720653463285394100 ) ) ;
#7804 = DIRECTION ( 'NONE',  ( -0.1174929980089022300, 0.9930737109695736400, 0.0000000000000000000 ) ) ;
#7805 = VERTEX_POINT ( 'NONE', #7875 ) ;
#7806 = ADVANCED_FACE ( 'NONE', ( #5014 ), #652, .T. ) ;
#7807 = SPHERICAL_SURFACE ( 'NONE', #4171, 0.1375000000000000100 ) ;
#7808 = CARTESIAN_POINT ( 'NONE',  ( 11.33671155742684000, -7.210414040761828700, -0.4763767350221864700 ) ) ;
#7809 = CARTESIAN_POINT ( 'NONE',  ( -10.67963652975259200, -3.030468358365252100, -2.882235125368301600 ) ) ;
#7810 = CARTESIAN_POINT ( 'NONE',  ( 10.67963652975259800, -1.773523913920809000, 2.882235125368298500 ) ) ;
#7811 = DIRECTION ( 'NONE',  ( 0.0000000000000000000, 0.0000000000000000000, -1.000000000000000000 ) ) ;
#7812 = EDGE_LOOP ( 'NONE', ( #267, #2300, #6296, #818 ) ) ;
#7813 = EDGE_CURVE ( 'NONE', #6874, #5846, #696, .T. ) ;
#7814 = AXIS2_PLACEMENT_3D ( 'NONE', #1303, #3255, #3801 ) ;
#7815 = EDGE_LOOP ( 'NONE', ( #5482, #2426, #692, #4731, #502 ) ) ;
#7816 = FACE_OUTER_BOUND ( 'NONE', #6602, .T. ) ;
#7817 = CARTESIAN_POINT ( 'NONE',  ( 10.47854951794363000, -1.731632535817128300, 3.000000000000005800 ) ) ;
#7818 = CARTESIAN_POINT ( 'NONE',  ( -10.76336378647492800, -1.795138888888889300, 2.862500000000005600 ) ) ;
#7819 = CARTESIAN_POINT ( 'NONE',  ( 8.988044143389004100, -8.416666666666671400, 0.4637482900136804000 ) ) ;
#7820 = ORIENTED_EDGE ( 'NONE', *, *, #1528, .T. ) ;
#7821 = DIRECTION ( 'NONE',  ( 0.0000000000000000000, 0.0000000000000000000, 1.000000000000000000 ) ) ;
#7822 = DIRECTION ( 'NONE',  ( 0.0000000000000000000, 0.0000000000000000000, -1.000000000000000000 ) ) ;
#7823 = FACE_OUTER_BOUND ( 'NONE', #5703, .T. ) ;
#7824 = ORIENTED_EDGE ( 'NONE', *, *, #7383, .T. ) ;
#7825 = VECTOR ( 'NONE', #4724, 1000.000000000000000 ) ;
#7826 = EDGE_CURVE ( 'NONE', #3480, #1897, #510, .T. ) ;
#7827 = CARTESIAN_POINT ( 'NONE',  ( -8.975257740366252800, -0.8041666666666667000, 0.6668946648426820100 ) ) ;
#7828 = CARTESIAN_POINT ( 'NONE',  ( -9.119822033925624200, -0.7038419398822014500, -0.4975960418504577500 ) ) ;
#7829 = CIRCLE ( 'NONE', #3283, 0.1375000000000000400 ) ;
#7830 = CARTESIAN_POINT ( 'NONE',  ( -11.64088229691267000, -4.953065796067803300, -2.895255626311204800 ) ) ;
#7831 = CARTESIAN_POINT ( 'NONE',  ( 11.01644946929642500, -8.323592968122440500, -0.4765444609626243200 ) ) ;
#7832 = ORIENTED_EDGE ( 'NONE', *, *, #2571, .T. ) ;
#7833 = CC_DESIGN_DATE_AND_TIME_ASSIGNMENT ( #4730, #3799, ( #6326 ) ) ;
#7834 = CIRCLE ( 'NONE', #4398, 0.1375000000000008400 ) ;
#7835 = CARTESIAN_POINT ( 'NONE',  ( 0.0000000000000000000, -2.168404344971008900E-015, 0.0000000000000000000 ) ) ;
#7836 = CARTESIAN_POINT ( 'NONE',  ( -8.307961375826336000, -8.673617379884035500E-016, 3.804166666666661400 ) ) ;
#7837 = LINE ( 'NONE', #6672, #6968 ) ;
#7838 = CARTESIAN_POINT ( 'NONE',  ( 11.61944730194670300, -4.889079012875069600, 3.000000000000003600 ) ) ;
#7839 = EDGE_CURVE ( 'NONE', #5550, #661, #5859, .T. ) ;
#7840 = ADVANCED_FACE ( 'NONE', ( #312 ), #5006, .T. ) ;
#7841 = CARTESIAN_POINT ( 'NONE',  ( -10.62856313734620200, -8.359211724348474700, 2.897798769979048800 ) ) ;
#7842 = DIRECTION ( 'NONE',  ( -1.000000000000000000, -0.0000000000000000000, -0.0000000000000000000 ) ) ;
#7843 = AXIS2_PLACEMENT_3D ( 'NONE', #1830, #584, #7361 ) ;
#7844 = ORIENTED_EDGE ( 'NONE', *, *, #5265, .T. ) ;
#7845 = CYLINDRICAL_SURFACE ( 'NONE', #148, 0.3333333333333338100 ) ;
#7846 = CIRCLE ( 'NONE', #5114, 0.1375000000000004600 ) ;
#7847 = CARTESIAN_POINT ( 'NONE',  ( 10.49016896397105600, -8.896562491214641700, 3.312164290550407800 ) ) ;
#7848 = CARTESIAN_POINT ( 'NONE',  ( -9.116424755882437800, -0.6666666666666667400, -0.5863515699624416400 ) ) ;
#7849 = CARTESIAN_POINT ( 'NONE',  ( -11.51195031260993700, -4.889079012875070500, -3.000000000000008400 ) ) ;
#7850 = ORIENTED_EDGE ( 'NONE', *, *, #3179, .F. ) ;
#7851 = CARTESIAN_POINT ( 'NONE',  ( 11.49788370737579200, -2.331595253721239700, 0.4762029098916924500 ) ) ;
#7852 = CARTESIAN_POINT ( 'NONE',  ( -10.76336378647492800, -3.052083333333333900, -3.000000000000007500 ) ) ;
#7853 = CYLINDRICAL_SURFACE ( 'NONE', #7814, 11.00000000000000000 ) ;
#7854 = EDGE_CURVE ( 'NONE', #6733, #4988, #6627, .T. ) ;
#7855 = CARTESIAN_POINT ( 'NONE',  ( 8.182944173180517900, -8.416666666666671400, 3.746922024623809700 ) ) ;
#7856 = ORIENTED_EDGE ( 'NONE', *, *, #3832, .T. ) ;
#7857 = CARTESIAN_POINT ( 'NONE',  ( 9.112379733621851900, -0.8041666666666667000, 0.6770833333333343700 ) ) ;
#7858 = ORIENTED_EDGE ( 'NONE', *, *, #6364, .T. ) ;
#7859 = ORIENTED_EDGE ( 'NONE', *, *, #1644, .F. ) ;
#7860 = EDGE_CURVE ( 'NONE', #3285, #7468, #2913, .T. ) ;
#7861 = EDGE_LOOP ( 'NONE', ( #4817, #3477, #496, #1356 ) ) ;
#7862 = CARTESIAN_POINT ( 'NONE',  ( -10.62078244528454500, -8.395877059978365900, 2.898217514512091000 ) ) ;
#7863 = CARTESIAN_POINT ( 'NONE',  ( 10.66604804961214900, -0.8041666666666668100, 2.689873417721524900 ) ) ;
#7864 = ORIENTED_EDGE ( 'NONE', *, *, #5212, .T. ) ;
#7865 = EDGE_LOOP ( 'NONE', ( #1381, #4068, #4896, #5983 ) ) ;
#7866 =( BOUNDED_SURFACE ( )  B_SPLINE_SURFACE ( 3, 2, ( 
 ( #7263, #2439, #7291 ),
 ( #6709, #3060, #4856 ),
 ( #4234, #7344, #6076 ),
 ( #7942, #1740, #4776 ),
 ( #4804, #4283, #5385 ),
 ( #5999, #6610, #2952 ) ),
 .UNSPECIFIED., .F., .F., .F. ) 
 B_SPLINE_SURFACE_WITH_KNOTS ( ( 4, 2, 4 ),
 ( 3, 3 ),
 ( 0.0000000000000000000, 0.0001638118931138824200, 0.0003276237862277648400 ),
 ( 0.0000000000000000000, 1.000000000000000000 ),
 .UNSPECIFIED. ) 
 GEOMETRIC_REPRESENTATION_ITEM ( )  RATIONAL_B_SPLINE_SURFACE ( (
 ( 1.000000000000000000, 0.7948337212391516400, 1.000000000000000000),
 ( 1.000000000000000000, 0.7950795994170628500, 1.000000000000000000),
 ( 1.000000000000000000, 0.7847844847328204800, 1.000000000000000000),
 ( 1.000000000000000000, 0.7520568369406504000, 1.000000000000000000),
 ( 1.000000000000000000, 0.7295037056103278500, 1.000000000000000000),
 ( 1.000000000000000000, 0.7071067811865477900, 1.000000000000000000) ) ) 
 REPRESENTATION_ITEM ( '' )  SURFACE ( )  );
#7867 = CARTESIAN_POINT ( 'NONE',  ( -11.23728905727017800, 1.437280458815214200, -2.752342015015900400E-015 ) ) ;
#7868 = ORIENTED_EDGE ( 'NONE', *, *, #4614, .F. ) ;
#7869 = AXIS2_PLACEMENT_3D ( 'NONE', #6461, #5315, #2854 ) ;
#7870 = CARTESIAN_POINT ( 'NONE',  ( -10.99299827664700800, -1.687702471781017400, 0.4766454864644516000 ) ) ;
#7871 = EDGE_CURVE ( 'NONE', #4089, #7212, #1551, .T. ) ;
#7872 = ORIENTED_EDGE ( 'NONE', *, *, #1067, .F. ) ;
#7873 = DIRECTION ( 'NONE',  ( 0.0000000000000000000, -1.000000000000000000, -3.917117526399240400E-016 ) ) ;
#7874 = ORIENTED_EDGE ( 'NONE', *, *, #7621, .T. ) ;
#7875 = CARTESIAN_POINT ( 'NONE',  ( 11.99054406784442700, -2.561111111111112200, 0.4762908324552169700 ) ) ;
#7876 = CARTESIAN_POINT ( 'NONE',  ( -11.11735258951189000, -3.052083333333333900, -0.4712629929482744500 ) ) ;
#7877 = CARTESIAN_POINT ( 'NONE',  ( 10.94696290255010100, -7.199896532503030000, -2.999999999996980200 ) ) ;
#7878 = EDGE_CURVE ( 'NONE', #1797, #7241, #3956, .T. ) ;
#7879 = CIRCLE ( 'NONE', #2374, 0.1374999999999998400 ) ;
#7880 = EDGE_LOOP ( 'NONE', ( #7228, #6052, #7377, #6476 ) ) ;
#7881 = DATE_AND_TIME ( #2517, #2806 ) ;
#7882 = AXIS2_PLACEMENT_3D ( 'NONE', #2586, #1936, #6277 ) ;
#7883 = ORIENTED_EDGE ( 'NONE', *, *, #4118, .T. ) ;
#7884 = CARTESIAN_POINT ( 'NONE',  ( 11.12754340464337100, -3.189583333333334100, -0.4708333333333341600 ) ) ;
#7885 = PLANE ( 'NONE',  #3807 ) ;
#7886 = CARTESIAN_POINT ( 'NONE',  ( -11.51195031260993700, -4.889079012875070500, -2.862500000000008300 ) ) ;
#7887 = DIRECTION ( 'NONE',  ( 0.9972508600406949600, 0.0000000000000000000, -0.07409940720474220100 ) ) ;
#7888 = CIRCLE ( 'NONE', #1903, 0.1375000000000008400 ) ;
#7889 = VERTEX_POINT ( 'NONE', #6736 ) ;
#7890 = CARTESIAN_POINT ( 'NONE',  ( -11.50368023849109300, -4.946053714713292100, -3.000000000000008400 ) ) ;
#7891 = EDGE_CURVE ( 'NONE', #5226, #4138, #6818, .T. ) ;
#7892 = CARTESIAN_POINT ( 'NONE',  ( 10.17458707870850900, -8.416666666666671400, -3.804166666666670700 ) ) ;
#7893 = VERTEX_POINT ( 'NONE', #4389 ) ;
#7894 = FACE_OUTER_BOUND ( 'NONE', #3196, .T. ) ;
#7895 = DIRECTION ( 'NONE',  ( 0.0000000000000000000, 0.0000000000000000000, -1.000000000000000000 ) ) ;
#7896 = DIRECTION ( 'NONE',  ( 0.0000000000000000000, 0.0000000000000000000, 1.000000000000000000 ) ) ;
#7897 = ORIENTED_EDGE ( 'NONE', *, *, #6554, .F. ) ;
#7898 = VECTOR ( 'NONE', #979, 1000.000000000000000 ) ;
#7899 = ORIENTED_EDGE ( 'NONE', *, *, #4675, .T. ) ;
#7900 = CARTESIAN_POINT ( 'NONE',  ( -10.17458707870851100, -8.673617379884035500E-016, -3.804166666666663100 ) ) ;
#7901 = VECTOR ( 'NONE', #7733, 1000.000000000000000 ) ;
#7902 = DIRECTION ( 'NONE',  ( 0.0000000000000000000, 0.0000000000000000000, -1.000000000000000000 ) ) ;
#7903 = EDGE_CURVE ( 'NONE', #5368, #3652, #3395, .T. ) ;
#7904 = EDGE_CURVE ( 'NONE', #2234, #4293, #6444, .T. ) ;
#7905 = AXIS2_PLACEMENT_3D ( 'NONE', #1217, #563, #7259 ) ;
#7906 = FACE_OUTER_BOUND ( 'NONE', #7795, .T. ) ;
#7907 = ORIENTED_EDGE ( 'NONE', *, *, #3725, .F. ) ;
#7908 = DIRECTION ( 'NONE',  ( 0.0000000000000000000, 0.0000000000000000000, 1.000000000000000000 ) ) ;
#7909 = CARTESIAN_POINT ( 'NONE',  ( 10.63933082173411600, -8.323592968122440500, -2.897221634347996400 ) ) ;
#7910 = CARTESIAN_POINT ( 'NONE',  ( 8.307961375826332400, -8.416666666666671400, -3.666666666666670500 ) ) ;
#7911 =( BOUNDED_CURVE ( )  B_SPLINE_CURVE ( 3, ( #6078, #6683, #4778, #592 ),
 .UNSPECIFIED., .F., .F. ) 
 B_SPLINE_CURVE_WITH_KNOTS ( ( 4, 4 ),
 ( 4.712388980384689700, 6.009592291757598100 ),
 .UNSPECIFIED. ) 
 CURVE ( )  GEOMETRIC_REPRESENTATION_ITEM ( )  RATIONAL_B_SPLINE_CURVE ( ( 1.000000000000000000, 0.8646195192830434800, 0.8646195192830434800, 1.000000000000000000 ) ) 
 REPRESENTATION_ITEM ( '' )  );
#7912 = CARTESIAN_POINT ( 'NONE',  ( -8.986974071505697400, -0.9031276655060708200, -0.4854870037250494400 ) ) ;
#7913 = B_SPLINE_CURVE_WITH_KNOTS ( 'NONE', 3,
 ( #465, #3936, #6374, #7213 ),
 .UNSPECIFIED., .F., .F.,
 ( 4, 4 ),
 ( 0.0000000000000000000, 0.003474992711863929400 ),
 .UNSPECIFIED. ) ;
#7914 = VECTOR ( 'NONE', #5138, 1000.000000000000000 ) ;
#7915 = CARTESIAN_POINT ( 'NONE',  ( 11.51195031260993500, -3.189583333333333700, -2.862500000000007400 ) ) ;
#7916 = CARTESIAN_POINT ( 'NONE',  ( 10.87206135139110700, -8.328578862145708000, 0.3333333333333337000 ) ) ;
#7917 = CARTESIAN_POINT ( 'NONE',  ( 10.48495298938307700, -0.8283011880886246300, -2.961218997983253900 ) ) ;
#7918 = CARTESIAN_POINT ( 'NONE',  ( 10.99637469350487400, -2.959672757071354400, -0.4764960428368411600 ) ) ;
#7919 = DIRECTION ( 'NONE',  ( -1.000000000000000000, -0.0000000000000000000, -0.0000000000000000000 ) ) ;
#7920 = DIRECTION ( 'NONE',  ( 0.9588258908323505900, -0.2839945616900955100, 0.0000000000000000000 ) ) ;
#7921 = FACE_OUTER_BOUND ( 'NONE', #2989, .T. ) ;
#7922 = CARTESIAN_POINT ( 'NONE',  ( 11.59013346477617800, -6.329474392936060000, 0.4762574224571860000 ) ) ;
#7923 = CARTESIAN_POINT ( 'NONE',  ( 10.88442328056743800, -8.285609833563619000, -0.3333333333333339300 ) ) ;
#7924 = VECTOR ( 'NONE', #5508, 1000.000000000000000 ) ;
#7925 = CARTESIAN_POINT ( 'NONE',  ( -10.51262349102819400, -8.750628737745723000, -3.239278345459966500 ) ) ;
#7926 = CARTESIAN_POINT ( 'NONE',  ( -10.99442124812322800, -8.432806995708299200, -0.4767489394116605200 ) ) ;
#7927 = ORIENTED_EDGE ( 'NONE', *, *, #7230, .T. ) ;
#7928 = CIRCLE ( 'NONE', #1125, 11.00000000000000000 ) ;
#7929 = CIRCLE ( 'NONE', #7430, 12.92696701773796700 ) ;
#7930 = EDGE_CURVE ( 'NONE', #5670, #4918, #3496, .T. ) ;
#7931 = DIRECTION ( 'NONE',  ( -0.0000000000000000000, 1.000000000000000000, -0.0000000000000000000 ) ) ;
#7932 = ORIENTED_EDGE ( 'NONE', *, *, #3987, .T. ) ;
#7933 = CARTESIAN_POINT ( 'NONE',  ( 8.554726221487115400, -0.9004936102073849400, 2.796110632234065200 ) ) ;
#7934 = CARTESIAN_POINT ( 'NONE',  ( 10.98363904853290400, -1.902786687237269800, 0.3333333333333340900 ) ) ;
#7935 = CARTESIAN_POINT ( 'NONE',  ( -8.182944173180519700, -8.416666666666671400, -3.746922024623807100 ) ) ;
#7936 = CARTESIAN_POINT ( 'NONE',  ( 10.98966187822720600, -1.657638888888889300, 0.4767932489451486300 ) ) ;
#7937 = DIRECTION ( 'NONE',  ( -0.0000000000000000000, 1.000000000000000000, -0.0000000000000000000 ) ) ;
#7938 = CARTESIAN_POINT ( 'NONE',  ( -10.58352587923449800, -2.914583333333353700, -3.000000000000007500 ) ) ;
#7939 = VERTEX_POINT ( 'NONE', #2007 ) ;
#7940 = EDGE_CURVE ( 'NONE', #5567, #2491, #5916, .T. ) ;
#7941 = VERTEX_POINT ( 'NONE', #5137 ) ;
#7942 = CARTESIAN_POINT ( 'NONE',  ( -10.50537171543282300, -0.7027125502296403000, 2.833705104170951600 ) ) ;
#7943 = CARTESIAN_POINT ( 'NONE',  ( -10.92720391798157700, -7.357226302971374000, 2.896355694858671300 ) ) ;
#7944 = DIRECTION ( 'NONE',  ( 0.0000000000000000000, 1.000000000000000000, 0.0000000000000000000 ) ) ;
#7945 = CARTESIAN_POINT ( 'NONE',  ( -10.45002696010366000, -8.640938730187230000, -3.073656387555770300 ) ) ;
#7946 = ORIENTED_EDGE ( 'NONE', *, *, #2557, .T. ) ;
#7947 = DIRECTION ( 'NONE',  ( 0.0000000000000000000, 1.182766006347823100E-016, -1.000000000000000000 ) ) ;
ENDSEC;
END-ISO-10303-21;
